EPPO_code,Name,Number,Title,Date,URL,Content
XYLEFA,Xylella fastidiosa,2025/153,Update on the situation of Xylella fastidiosa in Peru,2025-06,https://gd.eppo.int/reporting/article-8166,"EPPO Reporting Service no. 06 - 2025
Num. article:
2025/153
Update on the situation of Xylella fastidiosa in Peru
In Peru,
Xylella fastidiosa
(EPPO A2 List) was first reported in 2024 in the Junín region (EPPO
RS 2024/222
). A national decree published in May 2025 specifies that the subspecies present is
Xylella fastidiosa
subsp
. pauca.
The pest is under official control nationwide. Phytosanitary measures are applied in areas where its presence is identified, in order to ensure its control and containment.
Xylella fastidiosa
subsp
. pauca
has been detected in the regions of Amazonas, Cajamarca, Cusco, Huánuco, Junín, Lambayeque, Loreto, Pasco, Puno, San Martín, and Ucayali in coffee crops (
Coffea arabica)
, and in the regions of Junín and Loreto in citrus crops
(Citrus
x
aurantiifolia
,
Citrus
x
limonia
var
. jambhiri
,
C. reticulata
and
C.
x
aurantium
var
. sinensis
), with ten asymptomatic positive cases (9 in Junín and 1 in Loreto).
The pest status of
Xylella fastidiosa
subsp
. pauca
in Peru is officially declared as:
Present, under official control
.
Sources
SENASA (2025) Resolución Directoral Nº D000022-2025 MIDAGRI-SENASA-DSV: Declaran bajo control oficial la plaga
Xylella fastidiosa
subsp
. pauca
, a nivel nacional, y dictan otras disposiciones.
https://www.gob.pe/institucion/senasa/normas-legales/6793598-022-2025-midagri-senasa-dsv"
XYLEFA,Xylella fastidiosa,2025/086,New data on quarantine pests and pests of the EPPO Alert List,2025-04,https://gd.eppo.int/reporting/article-8099,"EPPO Reporting Service no. 04 - 2025
Num. article:
2025/086
New data on quarantine pests and pests of the EPPO Alert List
By searching through the literature, the EPPO Secretariat has extracted the following new data concerning quarantine pests and pests included (or formerly included) on the EPPO Alert List, and indicated in bold the situation of the pest concerned using the terms of ISPM 8.
New records
Brenneria goodwinii
and
Gibbsiella quercinecans,
two
bacterial species associated with acute oak decline, are reported for the first time in Serbia on
Quercus robur
.
B. goodwinii
was detected in one tree in Morović, and
G. quercinecans
was found in one tree in Morović and one in Progar (Tkaczyk
et al.,
2025).
Grapevine Pinot gris virus (
Trichovirus pinovitis
- GPGV) is reported for the first time from Peru. Since 2022, grapevines (
Vitis vinifera
) grown for table grape production in Ica region (southern Peru), the main grape producing area in the country, have been observed with virus symptoms. In 2024, 52 samples were collected and GPGV was detected by RT-PCR in 2 samples (Sánchez‐Moncada & Álvarez, 2025).
Halyomorpha halys
(Hemiptera: Pentatomidae – formerly EPPO Alert List) is reported for the first time from Argentina. It was detected in several locations in the province of Buenos Aires between January and November 2024 (Faúndez et al., 2024).
Detailed records
In Australia, tomato brown rugose fruit virus (
Tobamovirus fructirugosum
– ToBRFV - EPPO A2 List) was first reported in South Australia in August 2024 (EPPO
RS 2024/172
) where it is under eradication. In January 2025 ToBRFV was detected in commercially grown glasshouse tomato plants (
Solanum lycopersicum
) at a single property in Victoria which has direct tracing links to one of the properties where infections occurred in South Australia. Official measures are applied with the aim of eradication (IPPC, 2025).
The pest status of tomato brown rugose fruit virus in Australia is officially declared as:
Present: not widely distributed and under official control.
In Tunisia, citrus bark cracking viroid (
Cocadviroid rimocitri
- CBCVd – EPPO A2 List) is known to occur on citrus trees. A separate strain, named CBCVd-pis, has been identified in pistachio trees in California. A survey conducted in October 2021 first detected the CBCVd-pis strain in wild
Pistacia atlantica
trees in northern Tunisia. Infected trees had deformed and chlorotic leaves, as well as dwarfing (Elair
et al
., 2025).
In Brazil, the subspecies
pauca
of
Xylella fastidiosa
(EPPO A2 List) was known to occur on olive trees (
Olea europaea
) in Minais Gerais and Sao Paulo states (EPPO
RS 2016/134
). In 2023 and 2024,
Xylella fastidiosa
subsp.
pauca
was isolated from three olive trees exhibiting leaf browning and scorch symptoms in Chapecó (Santa Catarina state) (Canale
et al
., 2025).
Eradication
In Italy,
Euwallacea similis
(Coleoptera: Scolytinae, EU A1 Quarantine pest as ‘non-European
Scolytinae
spp.’) was first reported in May 2024 in Montechiarugolo (Parma Province, Emilia-Romagna Region) in one infested
Ficus macrophylla
(EPPO
RS 2024/058
) in a private house. The regional plant protection service was informed, and official eradication measures were applied. They included the incineration of the infested plant and surveys with traps. No further specimens were caught in traps. The outbreak is considered eradicated (NPPO of Italy, 2025-04).
The pest status of
Euwallacea similis
in Italy is officially declared as:
Absent, pest eradicated
.
Absence
In Switzerland, an official survey was conducted in 2024 to survey the potential presence of
Phytophthora pluvialis
(EPPO Alert List) in Douglas Fir (
Pseudotsuga menziesii
) stands. The survey was conducted at 35 selected sites with high humidity and dense tree stands, and samples were taken from 127 trees. Symptoms such as crown thinning and needle discoloration were recorded, and symptomatic needles were tested using real-time PCR for specific detection of
P. pluvialis
and generic PCR-based
Phytophthora
detection. No
P. pluvialis
was detected (NPPO of Switzerland, 2025)
.
The pest status of
Phytophthora pluvialis
in Switzerland is officially declared as:
Absent, confirmed by survey.
The NPPO of Japan informed the EPPO Secretariat that the record for
Zeugodacus cucurbitae
(Diptera: Tephritidae – EPPO A1 List) in Okinawa island (EPPO
RS 2025/055
) was erroneous, and indeed refers to
Zeugodacus tau
(Diptera: Tephritidae).
The pest status of
Zeugodacus cucurbitae
in Japan is officially declared as:
Absent, pest eradicated
.
New host plants
Experiments on 8-year-old seedlings of
Pinus sibirica
and 4–5-year-old seedlings of
Larix sibirica
showed that both species are susceptible to pine wood nematode
Bursaphelenchus xylophilus
(EPPO A2 List) (Kulinich
et al
., 2025)
Sources
Canale MC, Cardoza Y, Ortiz PC, Mituti T, Fernandes J, Sabião RR, Barbé S, Brugnara EC (2025) First report of Xylella fastidiosa subsp. pauca in Olea europaea in Santa Catarina, Southern Brazil. Journal of Plant Pathology (early view)
https://doi.org/10.1007/s42161-025-01894-2
Elair M, Chelli-Chaabouni A, Digiaro M, Mahfoudhi N (2025) First report of citrus bark cracking viroid-pistachio infecting wild Pistacia atlantica in Tunisia. Journal of Plant Pathology.
https://doi.org/10.1007/s42161-025-01891-5
Faúndez EI, Carpintero DL, De Magistris AA (2024) Primer registro de Halyomorpha halys (Stål, 1855)(Heteroptera: Pentatomidae: Pentatominae) en Argentina. Acta zoológica lilloana 68(2), 601-613.
https://doi.org/10.30550/j.azl/2031
Kulinich OA, Arbuzova EN, Kozyreva NI, Chalkin AA, Shchukovskaya AG, Ryaskin DI (2025) Study of susceptibility of siberian pine (Pinus sibirica), scots pine (Pinus sylvestris) and siberian larch (Larix sibirica) seedlings to the pine wilt disease. Russian Journal of Parasitology 19(1),125-138 (on Russian with English abstract).
https://doi.org/10.31016/1998-8435-2025-19-1-125-138
IPPC website. Official Pest Reports- Australia (2025-03-20): Tomato brown rugose fruit virus (ToBRFV) in Australia.
https://www.ippc.int/fr/countries/australia/pestreports/2024/08/tomato-brown-rugose-fruit-virus-tobrfv-in-south-australia/
NPPO of Japan (2025-04).
NPPO of Italy (2025-04).
NPPO of Switzerland (2025-04).
Sánchez‐Moncada B, Álvarez LA (2025) Occurrence of grapevine Pinot gris virus in commercial table grapes in Peru. New Disease Reports 51(1), e70014.
https://doi.org/10.1002/ndr2.70014
Tkaczyk M, Sikora K, Milenković I (2025) First report of bacteria associated with bleeding cankers on oak trees in Serbia. Forest Pathology 55(1), e70010."
XYLEFA,Xylella fastidiosa,2025/067,First report of Xylella fastidiosa in Iraq,2025-03,https://gd.eppo.int/reporting/article-8080,"EPPO Reporting Service no. 03 - 2025
Num. article:
2025/067
First report of Xylella fastidiosa in Iraq
During spring of 2022, leaf scorch symptoms were observed in oleander
plants (
Nerium oleander)
in Erbil city (Kurdistan Region, northern Iraq). Leaf samples were collected from symptomatic plants and the identity of the causal agent was determined as being
Xylella fastidiosa
by isolation, PCR followed by partial sequencing of the 16S rRNA gene.
The EPPO Secretariat had no previous record of
Xylella fastidiosa*
in Iraq.
The vector
Philaenus spumarius
(Hemiptera: Aphrophoridae) has been reported in the Erbil region.
* Note of the EPPO Secretariat: the authors conclude in their article that the subspecies present is
Xylella fastidiosa
subsp.
sandyi.
However the sequence analysis of 16S rRNA genes is not reliable to determine the subspecies.
Nerium oleander
is a host of other subspecies of
Xylella fastidiosa
.
Sources
Ahmed MZ, Mohamed RY (2023). Isolation and identification of
Xylella fastidiosa
that cause oleander leaf scorch.
Rafidain Journal of Science
32
(1), 102-109.
Gnezdilov VM, Schmidt C (2024) Auchenorrhyncha (Hemiptera) of Iraq: checklist and new records.
Proceedings of the Zoological Institute RAS
328
(3), 408-428."
XYLEFA,Xylella fastidiosa,2025/066,First report of Xylella fastidiosa in Colombia,2025-03,https://gd.eppo.int/reporting/article-8079,"EPPO Reporting Service no. 03 - 2025
Num. article:
2025/066
First report of Xylella fastidiosa in Colombia
Xylella fastidiosa
(EPPO A2 List) is first reported from Colombia. It has been detected in eight Colombian departments, leading the Colombian Agricultural Institute (ICA) to declare a phytosanitary emergency.
Official surveys have been conducted in Colombia since 2019-2022 without any detection of the bacterium. At the beginning of 2024, surveillance was intensified in 30 departments of the country and 928 plant samples from different host species were analyzed according to EPPO Diagnostic Protocol PM 7/024.
Fourteen samples collected in 2024 tested positive. They came from eight departments: Boyacá, Caldas, Caquetá, La Guajira, Magdalena, Norte de Santander, Risaralda and Valle del Cauca. Two positive samples were from coffee plants (
Coffea
arabica
) from Boyacá and La Guajira, and the other twelve were from citrus plants (
Citrus reticulata, C. x aurantium var. sinensis, Citrus x latifolia, Citrus x tangelo):
two in Caldas
,
one in Caquetá
,
one in
La Guajira
,
one in Magdalena, four in
Norte de Santander, two in Risaralda and one in Valle del Cauca.
No information on the subspecies present in Colombia is currently available.
Strict phytosanitary measures are applied and include the destruction of the infected plants, the delimitation of regulated areas, restriction of host plant movements.
The situation of
Xylella fastidiosa
in Colombia can be described as:
Present, not widely distributed, under official control
.
Sources
ICA (2025-03)
https://www.ica.gov.co/noticias/comunicado-presencia-bacteria-xylella-fastidiosa
ICA (2025-03) Xylella fastidiosa
https://www.ica.gov.co/areas/agricola/direccion-tecnica-de-epidemiologia-y-vigilancia-fi/xylella-fastidiosa"
XYLEFA,Xylella fastidiosa,2025/012,"Mesoptyelus impictifrons, new vector of Xylella fastidiosa in the EPPO region",2025-01,https://gd.eppo.int/reporting/article-8023,"EPPO Reporting Service no. 01 - 2025
Num. article:
2025/012
Mesoptyelus impictifrons, new vector of Xylella fastidiosa in the EPPO region
In Israel
Xylella fastidiosa
(EPPO A2 List) subsp.
fastidiosa
was first found in 2017 on almond (
Prunus dulcis
) trees in the Hula Valley (North-Eastern Israel), and in 2021 in five commercial vineyards (
Vitis vinifera
) in the Eastern Upper Galilee, adjacent to the Hula Valley. The pest is under official control (EPPO
RS 2019/121
,
RS 2022/013
).
A study was conducted to identify potential vectors of
X. fastidiosa
in Israel and to determine their ability to transmit, and rate of transmission, to almond and grapevine. During a survey conducted from February 2021 to July 2023 at 13 sites in Northern Israel, 1936 specimens were collected in total, belonging to four species: the Cercopidae
Mesoptyelus impictifrons
(73% of specimens) and
Cercopis intermedia
(21%), and the Aphrophoridae
Neophilaenus campestris
(4%) and
Philaenus arslani
(2.6 %).
M. impictifrons
was the only species for which
X. fastidiosa
-infected specimens were found (although
X. fastidiosa
-infected specimens were found in low numbers). It is noted that
Philaenus spumarius
(Aphrophoridae), one of the main vectors of
X. fastidiosa
, was not found in this survey nor in past surveys in Israel.
Acquisition and transmission of
X. fastidiosa
by
C. intermedia
and
M. impictifrons
were studied in experiments with a 4-day acquisition access period and 4-day inoculation access period. For
C. intermedia
, no acquisition or transmission occurred. For
M. impictifrons
, acquisition rates from grapevine and almond were similar, respectively 35% and 39%. Transmission rates ranged from 55 to 100% infected plants.
The authors conclude there is substantial evidence that
M. impictifrons
is an important vector of
X. fastidiosa
in Israel. This is also the first record of
M. impictifrons
as a vector of
X. fastidiosa
. Limited information is available on
M. impictifrons
in the literature. Further studies are needed on the biology, ecology and role of
M. impictifrons
as a vector of
X. fastidiosa
.
M. impictifrons
is recorded only in the Eastern Mediterranean/Middle East. A distribution map was added in EPPO Global Database: https://gd.eppo.int/taxon/MESTIM/distribution.
Sources
Tomer M, Gidron-Heinemann L, Chiel E, Sharon R (2024) A new vector of Xylella fastidiosa: the role of Mesoptyelus impictifrons as a vector in Israel. Phytopathology 114(12), 2546-2550."
XYLEFA,Xylella fastidiosa,2024/248,Update on the situation of Xylella fastidiosa in Iran and first record on alfalfa,2024-11,https://gd.eppo.int/reporting/article-7998,"EPPO Reporting Service no. 11 - 2024
Num. article:
2024/248
Update on the situation of Xylella fastidiosa in Iran and first record on alfalfa
In Iran,
Xylella fastidiosa
(EPPO A2 List) was first reported in 2014 on symptomatic grapevine (
Vitis vinifera
) and almond (
Prunus dulcis
) and in 2019 on pistachio (
Pistacia vera
) trees. Studies in 2019 identified two subspecies:
X. fastidiosa
subsp
. fastidiosa
from grapes, and
X. fastidiosa
subsp
. multiplex
from pistachios and almonds.
A systematic sampling campaign was carried out in crops of different Iranian regions over the summer from 2019 to 2022, in the regions of Qazvin, Isfahan, Chaharmahal and Bakhtiari, Gilan, Zanjan, Tehran, and the central regions of Hormozgan and Kerman. In total 403 samples were collected from different crops, including alfalfa (
Medicago sativa
), almond, cherry, citrus, grapevine, olive and pistachio.
X. fastidiosa
was not detected in olive, citrus and cherry.
X. fastidiosa
was detected in 9 samples (out of 176) of grapevine from Qazvin province, as well as in 5 samples (out of 123) of almond and 5 (out of 18) of alfalfa from the provinces of Isfahan and Chaharmahal and Bakhtiari. The subspecies present on alfalfa was identified as
X. fastidiosa
subsp
. fastidiosa.
Sources
Ghanbari D, Hasanzadeh N, Ghayeb Zamharir M, Nasr S, El Handi K, Elbeaino T (2024) Detection and characterization of
Xylella fastidiosa
in Iran: first report in alfalfa
(Medicago sativa
).
Phytopathologia Mediterranea
63
(3), 335-342.
https://doi.org/10.36253/phyto-15569"
XYLEFA,Xylella fastidiosa,2024/247,First report of Xylella fastidiosa in continental China,2024-11,https://gd.eppo.int/reporting/article-7997,"EPPO Reporting Service no. 11 - 2024
Num. article:
2024/247
First report of Xylella fastidiosa in continental China
In China, walnut leaf scorch was first reported from
Juglans regia
in 2012 in Hotan (Xinjiang province). Symptoms include brown spots on the leaflets that further spread along the leaf margins, in a flame-like pattern. The scorched areas curl inward with a yellow halo. In severe cases, the leaves dry up and shrink, affecting the entire tree.
Xylella fastidiosa
(EPPO A2 List) was detected by PCR in walnut (
Juglans regia)
leaf samples from three locations in Xinjiang. Koch's postulates were completed. The subspecies involved was identified as
X. fastidiosa
subsp.
multiplex.
According to the EPPO Secretariat, this is the first confirmed record of
X. fastidiosa
in continental China. The authors note that
X. fastidiosa
had been found infecting grapes in Shaanxi (Chu, 2001) but the EPPO Secretariat could not access this publication and could not retrieve additional records of the bacterium in China. It can be noted that
X. fastidiosa
occurs in Taiwan.
Sources
Chu YJ (2001) Pierce's disease of grape and control techniques.
Yantai Fruits
4
, 11–12 (in Chinese).
Guo T, Wang S, Pan C, Sattar A, Xing C, Hao H, Zhang C (2024) Evidence of the involvement of
Xylella fastidiosa
in the occurrence of walnut leaf scorch in Xinjiang, China.
Plant Disease
.
https://doi.org/10.1094/PDIS-07-23-1430-PDN"
XYLEFA,Xylella fastidiosa,2024/234,New data on quarantine pests and pests of the EPPO Alert List,2024-11,https://gd.eppo.int/reporting/article-7984,"EPPO Reporting Service no. 11 - 2024
Num. article:
2024/234
New data on quarantine pests and pests of the EPPO Alert List
By searching through the literature, the EPPO Secretariat has extracted the following new data concerning quarantine pests and pests included (or formerly included) on the EPPO Alert List, and indicated in bold the situation of the pest concerned using the terms of ISPM 8.
New records
Ips typographus
(Coleoptera: Curculionidae: Scolytinae - EU Annexes) is first reported from Armenia (Karagyan
et al
., 2024).
Present.
Tuta absoluta
(Lepidoptera: Gelechiidae – EPPO A2 List) is first reported from South Korea. It was detected in April 2024 in Jeonbuk Province. Further surveys showed that it was also present in Gyeonggi Province, Gangwon Province, Chungcheong Province, and Jeonnam Province where it caused damage to commercial tomatoes, particularly in organic farms (Lee
et al
., 2024).
Present
.
Detailed records
In Mexico,
Anastrepha ludens
(Diptera: Tephritidae, EPPO A1 List) is reported as a pest in commercial apple orchards (
Malus domestica
) in Nuevo León and Hidalgo (Aluja
et al
., 2024).
In October 2024,
Leptoglossus occidentalis
(Heteroptera: Coreidae) was observed for the first time in the Azores (PT). An adult specimen was found near Igreja do Capelo in the western part of Faial Island (van der Heyden, 2024).
In China,
Psacothea hilaris
(Coleoptera: Cerambycidae – formerly EPPO Alert List) was reported from ‘Southern China’. A recent article reports that it is present in the following Chinese provinces: Anhui, Chongqing, Guangdong, Guangxi, Guizhou, Henan, Hubei, Hunan, Jiangsu, Jiangxi, Qinghai, Shaanxi, Shandong, Shanxi, Sichuan, Yunnan, Zhejiang (Zhang
et al
., 2024).
Xylella fastidiosa
subsp
. sandyi
is first recorded from
Hawaii
(USA). In December 2022, it was detected in oleander (
Nerium oleander
) plants showing stunting and wilt in Kula (Lutgen
et al
., 2024).
Eradication
In Croatia
Thrips setosus
(Thysanoptera: Thripidae – formerly EPPO Alert List) was found in one
Hydrangea
potted plant in 2017 in a garden centre located in the municipality of Metkovic (EPPO
RS 2018/094
). This outbreak was eradicated.
Host plants
In the EPPO
RS 2024/227
it was noted that tobacco ringspot virus (
Nepovirus nicotianae,
TRSV - EPPO A2 List) had been detected in a number of new host plants. The list provided in this note was incorrect and should be as follows:
Coleus
sp
., Pelargonium zonale, Salvia rosmarinus.
New pests and taxonomy
During field surveys conducted since 2021 in Sicilia (Italy), infestations of wood-boring insects associated with symptoms of stem blight and internal necrosis have been observed in bay laurel (
Laurus nobilis
) trees in urban environments (parks, gardens, city streets), as well as in nurseries. Investigations revealed the presence of the ambrosia beetle,
Xylosandrus compactus
(Coleoptera: Curculionidae: Scolytinae – formerly EPPO Alert List), and of a new fungal species,
Thyridium lauri
sp. nov. Inoculation tests fulfilling Koch’s postulates confirmed that
T. lauri
is pathogenic to
L. nobilis
. Further studies are needed to understand the interactions between this new fungal species and
X. compactus
(Leonardi
et al
., 2024).
Sources
Aluja M, Acosta E, Enciso-Ortiz E, Ortega-Casas R, Altúzar-Molina A, Camacho-Vázquez C, Monribot-Villanueva JL, Guerrero-Analco JA, Pascacio-Villafán C, Guillén L (2024) Expansion to new habitats and a new commercial host (
Malus domestica
) by
Anastrepha ludens
(Tephritidae) likely influenced by global warming.
Scientific Reports
14
(1), 27729.
https://doi.org/10.1038/s41598-024-78727-2
Karagyan G, Kalashian M, Ghrejyan T, Mazmanyan M, Petrov А (2024) Annotated checklist of Armenian Platypodinae and Scolytinae (Coleoptera: Curculionidae).
Zootaxa
5514
(1), 41-65.
Leonardi GR, Aiello D, Di Pietro C, Gugliuzzo A, Tropea Garzia G, Polizzi G, Voglmayr H (2024)
Thyridium lauri
sp. nov. (Thyridiaceae, Thyridiales): a new pathogenic fungal species of bay laurel from Italy.
MycoKeys
110
, 211–236.
https://doi.org/10.3897/mycokeys.110.129228
Lee MH, Jeong D, Lee GS, Paik C (2024) First report of
Phthorimaea absoluta
(Lepidoptera: Gelechiidae) in Korea.
Journal of Integrated Pest Management
15
(1), 36.
https://doi.org/10.1093/jipm/pmae028
Lutgen H, Vowell T, Marquez J, Ho J, Matsunaga J, Melzer M (2024) First report of
Xylella fastidiosa
subsp
. sandyi
infecting oleander (
Nerium oleander
) in Hawaii, USA.
New Disease Reports
50
(1).
https://doi.org/10.1002/ndr2.12308
NPPO of Croatia (2024-10).
van der Heyden T (2024) First record of
Leptoglossus occidentalis
Heidemann, 1910 (Heteroptera: Coreidae) from the Azores (Portugal).
Arquivos Entomolóxicos
30
, 249-250.
Zhang L, Wang P, Xie G, Wang W (2024) Using ecological niches to determine potential habitat suitability for
Psacothea hilaris
(Coleoptera: Cerambycidae) and its natural enemies in China under future climates.
Journal of Economic Entomology
, toae203."
XYLEFA,Xylella fastidiosa,2024/222,First report of Xylella fastidiosa in Peru,2024-10,https://gd.eppo.int/reporting/article-7972,"EPPO Reporting Service no. 10 - 2024
Num. article:
2024/222
First report of Xylella fastidiosa in Peru
In April 2024,
Xylella fastidiosa
was detected in coffee plants (
Coffea
sp.) in the Junín region (Peruvian Amazon) in several farms located in the district of Perené (province of Chanchamayo) and in the districts of Pangoa and Satipo (province of Satipo). In August 2024, positive results were confirmed in asymptomatic citrus plants (mandarin, sweet orange, lime, rough lemon) in the same areas. As of September 21
st
, the pest had been detected in 21 sites (12 coffee plantations, and 9 citrus orchards). Eradication measures are implemented. They include the intensification of surveys, the destruction of host plants in the infested sites, insecticide treatments against the vectors, and restriction of the movement of host plants.
The pest status of
Xylella fastidiosa
in Peru is officially declared as:
Present: transient
.
Sources
IPPC website. Official Pest Reports. Peru (PER-08/2 of 2024-09-30) Detección de
Xylella fastidiosa
.
https://www.ippc.int/en/countries/peru/pestreports/2024/09/deteccion-de-xylella-fastidiosa/
SENASA (2024) Resolución Jefatural N.° 155-2024-MIDAGRI-SENASA-JN.
https://www.gob.pe/institucion/senasa/normas-legales/6015501-155-2024-midagri-senasa-jn"
XYLEFA,Xylella fastidiosa,2024/186,"EPPO/NEPPO Contingency Exercise Workshop – Xylella fastidiosa (Hammamet, TN, 2025-05-26/28): first announcement",2024-09,https://gd.eppo.int/reporting/article-7936,"EPPO Reporting Service no. 09 - 2024
Num. article:
2024/186
EPPO/NEPPO Contingency Exercise Workshop – Xylella fastidiosa (Hammamet, TN, 2025-05-26/28): first announcement
An EPPO/NEPPO Contingency Exercise Workshop for a pest outbreak will be held on 2025-05-26/28 in Hammamet, Tunisia. This workshop is organised in collaboration with the FAO Sub-Regional Office Tunisia, the FAO Regional Office Cairo, the European Food Safety Authority (EFSA) and the BeXyl Beyond Xylella Project.
The purposes of the workshop will be to:
Simulate the experience of a plant health emergency, using as a scenario a finding of
Xylella fastidiosa
;
Experiment with responses to an emergency;
Test whether relevant contingency plans are available and fit for purpose;
Test availability and relevance of other resources;
Provide experience in communicating key messages during an emergency;
Learn why and how to develop contingency plans;
Learn how to carry out an emergency response exercise.
Please indicate your interest in attending this workshop by Friday 29
th
November 2024 using the following link:
http://meeting.eppo.int/index.php/U8472
For more information, consult our webpage:
https://www.eppo.int/MEETINGS/2025_meetings/wk_contingency_workshop
Sources
EPPO Secretariat (2024-09)."
XYLEFA,Xylella fastidiosa,2024/176,Host plants of Xylella fastidiosa,2024-08,https://gd.eppo.int/reporting/article-7926,"EPPO Reporting Service no. 08 - 2024
Num. article:
2024/176
Host plants of Xylella fastidiosa
EFSA has recently published an update of its database on host plants of
Xylella fastidiosa
(EPPO A2 List). The overall number of host plants naturally infected by
Xylella
spp. and determined with at least two different detection methods, or positive with either sequencing or pure culture isolation reaches 451 plant species,204 genera and 70 families. When considering plant species artificially infected or infected in unspecified conditions, this number reached 712 species.
The following plant species have been newly added to the EFSA database as hosts of
X. fastidiosa
:
Adenocarpus
sp. (Fabaceae)
Ailanthus
altissima
(Simaroubaceae)
Carpinus
caroliniana
(Betulaceae)
Celtis
sp. (Ulmaceae)
Cistus
ladanifer
(Cistaceae)
Coleonema
album
(Rutaceae)
Cytisus
multiflorus
(Fabaceae)
Cytisus
striatus
(
Fabaceae
)
Echinospartum
lusitanicum (Fabaceae)
Halimium
calycinum
(Cistaceae)
Halimium
lasianthum
(Cistaceae)
Halimium
ocymoides
(Cistaceae)
Halimium
sp. (Cistaceae)
Prunus
campanulata
(Rosaceae)
Quercus
prinus
(Fagaceae)
Salix
atrocinerea
(Salicaceae)
Host plant records (resulting from natural infection) have been transferred to the EPPO Global Database.
Sources
EFSA (2024) Update of the
Xylella
spp. host plant database – Systematic literature search up to 31 December 2023.
EFSA Journal
22
, e8898.
https://efsa.onlinelibrary.wiley.com/doi/epdf/10.2903/j.efsa.2024.8898"
XYLEFA,Xylella fastidiosa,2024/154,First report of Xylella fastidiosa subsp. fastidiosa in Extremadura (mainland Spain),2024-07,https://gd.eppo.int/reporting/article-7904,"EPPO Reporting Service no. 07 - 2024
Num. article:
2024/154
First report of Xylella fastidiosa subsp. fastidiosa in Extremadura (mainland Spain)
In Spain,
Xylella fastidiosa
(EPPO A2 List) is present in Baleares islands (
X. fastidiosa
subsp
. fastidiosa
) where it is under containment and
X. fastidiosa
subsp
. multiplex occurs in Comunidad Valenciana where it is under eradication (EPPO
RS 2022/112
).
Xylella fastidiosa
subsp
. fastidiosa
was recently detected in Extremadura, as part of the official surveys. This outbreak is located in the municipality of Valencia de Alcántara (province of Cáceres), which is located close to a demarcated area in Portugal.
X
.
fastidiosa
subsp
. fastidiosa
was detected in 2 rockroses (
Cistus sp
.), 1 common broom (
Cystisus scoparius),
1 black broom
(Cytisus villosus
), and 1 Spanish lavender (
Lavandula stoechas
). A demarcated area has been established consisting of a 50-metre infested zone around each infected plant and a 2.5 km-wide buffer zone around each infested zone. An eradication program will be carried out in the demarcated area according to EU Implementing Regulation 2020/1201. The total surface of the infected area is 3.92 ha and the demarcated area covers 1366 ha.
The pest status of
Xylella fastidiosa
subsp
. fastidiosa
in Spain is officially declared as:
Transient, actionable, under eradication
.
Sources
NPPO of Spain (2024-07).
EU (2020) Commission Implementing Regulation (EU) 2020/1201 of 14 August 2020 as regards measures to prevent the introduction into and the spread within the Union of
Xylella fastidiosa
(Wells
et al
.).
http://data.europa.eu/eli/reg_impl/2020/1201/2024-06-05
(consolidated text)"
XYLEFA,Xylella fastidiosa,2024/060,Xylella fastidiosa subsp. fastidiosa detected on grapevine in Italy,2024-03,https://gd.eppo.int/reporting/article-7810,"EPPO Reporting Service no. 03 - 2024
Num. article:
2024/060
Xylella fastidiosa subsp. fastidiosa detected on grapevine in Italy
As reported in February 2024,
Xylella fastidiosa
subsp
. fastidiosa
(EPPO A2 List, as
X. fastidiosa
) was first found in Italy in the municipality of Triggiano (province of Bari, region of Puglia). In this location,
X. fastidiosa
subsp
. fastidiosa
was detected in 6 almond (
Prunus dulcis
) trees, and eradication measures were taken (EPPO
RS 2024/038
). Further intensive surveys have been conducted in the demarcated area (in Triggiano), and as of the 22
nd
of March 2024, approximately 6000 samples were collected from potential host plants. In total, 25 plants were found to be infected by
X. fastidiosa
subsp
. fastidiosa
: 22
Prunus dulcis
(including the 6 plants of the initial detection), 2
Vitis vinifera
(grapevine) and 1
Prunus avium
(cherry). It is noted that the 6 almond trees found to be infected in February 2024 have already been destroyed, and eradication measures are continuing. This is the first time that
X. fastidiosa
subsp
. fastidiosa
is detected on grapevine in Italy.
The pest status of
Xylella fastidiosa
subsp
. fastidiosa
in Italy is officially declared as:
Present, under eradication.
Sources
NPPO of Italy (2024-03)."
XYLEFA,Xylella fastidiosa,2024/049,New data on quarantine pests and pests of the EPPO Alert List,2024-03,https://gd.eppo.int/reporting/article-7799,"EPPO Reporting Service no. 03 - 2024
Num. article:
2024/049
New data on quarantine pests and pests of the EPPO Alert List
By searching through the literature, the EPPO Secretariat has extracted the following new data concerning quarantine pests and pests included (or formerly included) on the EPPO Alert List, and indicated in bold the situation of the pest concerned using the terms of ISPM 8.
New records
Corythucha arcuata
(Hemiptera: Tingidae – formerly EPPO Alert List) occurs in Poland. It was first observed in August 2021 on the Bukowe Berdo mountain (Southern Poland) in a mixed forest (Gierlasiński and Orzechowski, 2023).
Phytophthora alni
subsp
. alni
(formerly EPPO Alert List, EAEU A1 List) is reported from Belarus, on
Alnus glutinosa
and
A. incana
(Zviagintsev
et al.,
2023).
Potato spindle tuber viroid
(
Pospiviroid
, PSTVd – EPPO A2 List) is first reported from Vietnam. It was detected in 2022 during an export inspection in seeds of
Capsicum annuum
produced in Vietnam (Tanaka
et al
., 2024).
Thaumastocoris peregrinus
(Hemiptera: Thaumastocoridae – formerly EPPO Alert List) is reported for the first time from Cyprus. The first specimen was found in December 2020 in Germasogeia (near Limassol city) under the bark of a
Eucalyptus
sp. tree. More specimens were then found in the Limassol district in urban areas (Demetriou
et al
., 2023).
Detailed records
In China,
Austropuccinia psidii
(formerly EPPO Alert List), the causal agent of myrtle rust was first reported from Hainan province on
Syzygium jambos
. In 2023,
A. psidii was also found in
Guangdong province,
causing a
serious shoot and leaf rust disease on
Rhodomyrtus tomentosa
trees in two parks and one nursery in Zhanjiang (Liu
et al
., 2024).
Metamasius hemipterus
(Coleoptera: Curculionidae, EPPO A1 List) is first recorded from the state of Mato Grosso do Sul, Brazil. It was found in the soil of sugarcane (
Saccharum officinarum
) fields (Ávila
et al
., 2023).
In Egypt, tomato brown rugose fruit virus (
Tobamovirus
, ToBRFV – EPPO A2 List) was first reported in 2019 from tomato (
Solanum lycopersicum
) but this report was considered invalid by the NPPO of Egypt (EPPO
RS 2020/125
). A recent article mentions the detection of ToBRFV on
Capsicum
spp. from samples collected in 2016-2017 (Khalifa
et al
., 2024).
In Uzbekistan, tomato brown rugose fruit virus (
Tobamovirus
, ToBRFV – EPPO A2 List) was first observed greenhouses producing tomato fruit (
Solanum lycopersicum
) in October 2020 in the region of Ferghana and in the region of Davlatobod (EPPO
RS 2021/222
). Bakhtiyorova
et al.
(2024) report that it was also found in Zangiota, Qibray and Chirchiq districts in the region of Tashkent in spring 2021.
In Southern USA,
Xylella fastidiosa
(EPPO A2 List) causes leaf scorch in rabbiteye blueberry (
Vaccinium virgatum
) cultivars. So far, only
X. fastidiosa
subsp
. multiplex
had
been reported associated with this species in Louisiana. Cieniewicz
et al
. (2024) showed that
X. fastidiosa
subsp
. fastidiosa
was causing leaf scorch of
V. virgatum
in South Carolina.
Host plants
In China,
Xanthomonas euvesicatoria
pv
. perforans
(EPPO A2 List) was identified as the causative agent of bacterial leaf spot on water spinach (
Ipomoea aquatica)
in Fujian province (Fan
et al
., 2023).
New pests and taxonomy
For many years, the pathogen causing bacterial canker of tomato has been called
Clavibacter
michiganensis
subsp.
michiganensis
(EPPO A2 List). In the 2010s, the division of
Clavibacter michiganensis
into subspecies started to be reviewed, and subspecies were progressively moved to species level, such as
C. sepedonicus, C. capsici
and
C. nebraskensi
s. More recently, based on genomic and phylogenetic analysis,
C. michiganensis
subsp.
phaseoli
,
C. michiganensis
subsp
. californiensis,
and
C. michiganensis
subsp
. chilensis
were also elevated to species rank, leaving only one subspecies,
C. michiganensis
subsp.
michiganensis
(Arizala
et al
., 2022; Osdaghi
et al
., 2020). As a consequence, this remaining subspecies should now be called
Clavibacter michiganensis
.
When re-examining specimens belonging to three Japanese species of conifer-infesting gall midges (namely
Aschistonyx eppoi
on
Juniperus chinensis
var.
globosa, Dasineura nipponica
on
Larix
kaempferi, Janetiella kimurai
on
Pinus
parviflora
- Diptera: Cecidomyiidae), it was concluded that
Aschistonyx eppoi
(EU Annexes) should be transferred to a new genus and called
Byakushincecis
eppoi
. During these studies,
B. eppoi
was also found infesting bonsai plants of
Juniperus
chinensis
var.
sargentii
at a nursery in Saitama prefecture (Honshu). These plants were being produced for export to the EU (Yukawa
et al
., 2024).
Sources
Arizala D, Dobhal S, Alvarez AM, Arif M (2022) Elevation of
Clavibacter michiganensis
subsp.
californiensis
to species level as
Clavibacter californiensis
sp. nov., merging and re-classification of
Clavibacter michiganensis
subsp.
chilensis
and
Clavibacter michiganensis
subsp.
phaseoli
as
Clavibacter phaseoli
sp. nov. based on complete genome in silico analyses.
International Journal of Systematic and Evolutionary Microbiology
72
(9).
https://doi.org/10.1099/ijsem.0.005427
Ávila CJ, Caparróz G, Santos V, Silva IF (2023) Soil insects associated with sugarcane crop in Mato Grosso do Sul, Brazil.
Ciência Rural
53, e20220333.
https://doi.org/10.1590/0103-8478cr20220333
Bakhtiyorova M, Norov T, Khodjaeva S, Botirova N, Cillo F, Abou Kubaa R (2024) First report of tomato brown rugose fruit virus on tomato (
Solanum lycopersicum
L.) in Uzbekistan.
Journal of Plant Pathology
(early view).
https://doi.org/10.1007/s42161-024-01609-z
Cieniewicz E, Schnabel E, Powell G, Snipes Z, Schnabel G (2024) Detection and characterization of
Xylella fastidiosa subsp. fastidiosa
in rabbiteye blueberry in South Carolina.
Plant Disease (early view).
https://doi.org/10.1094/PDIS-11-23-2392-SC
Demetriou J, Makris C, Davranoglou L-R (2023) First record of
Thaumastocoris peregrinus
(Hemiptera, Thaumastocoridae) in Cyprus.
Travaux du Muséum National d’Histoire Naturelle 'Grigore Antipa'
66
(1), 135-141.
https://doi.org/10.3897/travaux.66.e90065
Fan X, Zheng H, Luo H, Zhuo T, Chen Y (2023)
Xanthomonas euvesicatoria
pv
. perforans
is the causative agent of bacterial leaf spot on
Ipomoea aquatica
from Fujian Province in China.
Australasian Plant Pathology
52
, 327–337.
Gierlasiński G, Orzechowski R (2023) [
Corythucha arcuata
(Say, 1832) (Hemiptera, Heteroptera: Tingidae) in Poland
].
Acta Entomologica Silesiana
31
(001), 1–6.
https://zenodo.org/records/7707597
Khalifa MAA, El-Shazly AM, El-Kady MA, Al Naggar AM (2024) Survey of viruses infecting Solanaceous plants and characterization of Tomato brown rugose fruit virus (ToBRFV) infecting pepper in Egypt.
Fayoum Journal of Agricultural Research and Development
38
(1), 56-76.
Liu F, Liu Q, Li G (2024) Myrtle rust, a serious threat to horticultural plant
Rhodomyrtus tomentosa
(Myrtaceae) in southern China.
Physiological and Molecular Plant Pathology
130
, 102243.
https://doi.org/10.1016/j.pmpp.2024.102243
Osdaghi E, Rahimi T, Taghavi SM, Ansari M, Zarei S, Portier P, Briand M & Jacques MA (2020) Comparative genomics and phylogenetic analyses suggest several novel species within the genus
Clavibacter
, including nonpathogenic tomato-associated strains.
Applied and Environmental Microbiology
86
, e02873-19.
Tanaka S, Murase R, Inoue Y, Masumoto M, Matsuura T, Yanagisawa H (2024) First report of potato spindle tuber viroid isolated from pepper seeds produced in Vietnam.
Journal of General Plant Pathology
.
https://doi.org/10.1007/s10327-024-01170-8
Yukawa J, Tokuda M, Watanabe M, Inoue E, Uechi N, Yano F (2024) Redescriptions of three Japanese conifer‑infesting gall midges (Diptera: Cecidomyiidae) described by M. Inouye, with description of a new genus for
Aschistonyx eppoi. Applied Entomology and Zoology.
https://doi.org/10.1007/s13355-023-00855-4
Zviagintsev V, Prokhоrоva A, Surina T, Belomesyeva D (2023) Global risks of biological invasions of phytopathogenic organisms and improvement of the quarantine monitoring system using computer modeling.
Reliability: Theory & Applicati
ons
18
(75), 569-581."
XYLEFA,Xylella fastidiosa,2024/038,First report of Xylella fastidiosa subsp. fastidiosa in Italy,2024-02,https://gd.eppo.int/reporting/article-7788,"EPPO Reporting Service no. 02 - 2024
Num. article:
2024/038
First report of Xylella fastidiosa subsp. fastidiosa in Italy
The NPPO of Italy recently informed the EPPO Secretariat of the first finding of
Xylella fastidiosa
subsp
. fastidiosa
on its territory, in the municipality of Triggiano (province of Bari, region of Puglia). Triggiano is located outside of the area currently demarcated for
Xylella fastidiosa
subsp
. pauca.
As part of the official surveys for
Xylella fastidiosa
(EPPO A2 List) in Italy, specific surveys were conducted on vectors of the bacterium. In October 2023, a specimen of
Philaenus spumarius
captured in the Triggiano area tested positive for
Xylella fastidiosa
. In January 2024, a survey was carried out to detect possibly infected plants: 432 host plant samples were taken. From these samples 6 almond trees (
Prunus dulcis
) were found to be infected by
Xylella fastidiosa
subsp
. fastidiosa.
A demarcated area has been established, it consists of infected areas (50 m radius around each infected plant) and a buffer zone (2.5 km radius around the infected areas)
The pest status of
Xylella fastidiosa
subsp
. fastidiosa
in Italy is officially declared as:
Present
.
Sources
NPPO of Italy (2024-02).
Normativa regionale Determinazione del Dirigente Sezione Osservatorio Fitosanitario 21 febbraio 2024, n. 8. Individuazione di focolai di
Xylella fastidiosa
sottospecie
fastidiosa
in agro di Triggiano (BA) Delimitazione dell'area delimitata ai sensi dell'art. 4 del Reg. UE 2020/1201.
http://www.emergenzaxylella.it/"
XYLEFA,Xylella fastidiosa,2023/114,New findings of Xylella fastidiosa in Occitanie region (France),2023-05,https://gd.eppo.int/reporting/article-7596,"EPPO Reporting Service no. 05 - 2023
Num. article:
2023/114
New findings of Xylella fastidiosa in Occitanie region (France)
In France,
Xylella fastidiosa
(EPPO A2 List) was first reported in 2015, in Corse (EPPO
RS 2015/144
). It currently occurs in Corse, as well as in Provence-Alpes-Côte d’Azur (
RS 2016/193
, 2019/187) and Occitanie regions (
RS 2020/197
).
X. fastidiosa
is under containment in Corse, and eradication measures are conducted in Provence-Alpes-Côte d’Azur and Occitanie regions in accordance with Regulation (EU) 2020/1201.
In Occitanie region,
X. fastidiosa
had been detected for the first time in 2020 in Aude and Gard departments. As a result of the nation-wide surveillance programme, new outbreaks were reported in this region in 2022:
In Ariège department, 2 infested zones were defined.
In Haute-Garonne department,
X. fastidiosa
was first detected at the end of November 2022 in the urban area of Toulouse. The determination of the subspecies was unsuccessful.
In Tarn department the presence of
X. fastidiosa
subsp
. multiplex
was confirmed in November 2022. Following a delimiting survey at the end of 2022, 6 new infested zones were defined in addition to the 2 first ones.
In Aude department, surveys carried out since the first discovery have led to the establishment of 264 infected zones in 2022.
In Gard department, no new detections were made in 2022.
The pest status of
X. fastidiosa
subsp
.
multiplex
in France is officially declared as:
Present, only in some parts of the Member State concerned, under eradication, under containment, in case eradication is impossible.
Sources
NPPO of France (2023-03).
EU (2020) Commission Implementing Regulation (EU) 2020/1201 of 14 August 2020 as regards measures to prevent the introduction into and the spread within the Union of
Xylella fastidiosa
(Wells
et al
.)
http://data.europa.eu/eli/reg_impl/2020/1201/2021-12-23
(consolidated text)
Maps of demarcated areas in France are available at:
https://shiny-public.anses.fr/Xylella_fastidiosa/
Préfet de la Région Occitanie. Direction Régionale, de l’Alimentation de l’Agriculture et de la forêt.
https://draaf.occitanie.agriculture.gouv.fr/xylella-fastidiosa-point-de-situation-en-occitanie-cropsav-du-12-12-2022-a7660.html"
XYLEFA,Xylella fastidiosa,2023/113,First report of Xylella fastidiosa in Lebanon,2023-05,https://gd.eppo.int/reporting/article-7595,"EPPO Reporting Service no. 05 - 2023
Num. article:
2023/113
First report of Xylella fastidiosa in Lebanon
In 2015, a paper suggesting the presence of
Xylella fastidiosa
(EPPO A2 List) in Lebanon was published. However, later studies confirmed that the ELISA-positive samples initially obtained were false-positive (EPPO
RS 2016/037
). Inspections carried out in Lebanon in late summer 2020, identified almond (
Prunus dulcis
) trees with symptoms such as leaf scorch, resembling those caused by
X.
fastidiosa
, in some orchards in Bint Jbeil district (Nabatiyeh governorate). Leaves sampled from 3 symptomatic trees tested positive for
X.
fastidiosa
(ELISA, conventional PCR, quantitative PCR, real-time LAMP). Sequencing identified the subspecies
fastidiosa.
Infected almond trees were located in the southern part of Lebanon, a few kilometres from the Hula Valley in Israel, where
X. fastidiosa
subsp
. fastidiosa
had been reported in 2017 (EPPO
RS 2019/121
). Further surveys will be conducted to delimit the infested area.
The situation of
X. fastidiosa
subsp
. fastidiosa
in Lebanon can be described as:
Present, not widely distributed
.
Sources
Choueiri E, Abou Kubaa R, Valentini F, Yaseen T, El Sakka H, Gerges S, La Notte F, Saponari M, Elbeaino T, El Moujabber M (2023) First report of
Xylella fastidiosa
on almond (
Prunus dulcis
) in Lebanon.
Journal of Plant Pathology
(early view).
https://doi.org/10.1007/s42161-023-01361-w"
XYLEFA,Xylella fastidiosa,2023/091,Absence of Xylella fastidiosa in Jordan,2023-04,https://gd.eppo.int/reporting/article-7573,"EPPO Reporting Service no. 04 - 2023
Num. article:
2023/091
Absence of Xylella fastidiosa in Jordan
Official surveys have been conducted in Jordan from 2016 to 2021 to assess the possible presence of
Xylella fastidiosa
(EPPO A2 List), as well as its potential vectors.
Plant samples were collected from the different regions of Jordan. Approximately 899 grapevines (
Vitis vinifera
) were sampled from 378 fields, 1480 stone fruit trees (
Prunus armeniaca
,
P. avium
,
P. cerasifera
,
P. domestica
,
P. dulcis
,
P. mahaleb
, and
P. persica
) were sampled from 596 fields, 1225 citrus fruit trees (
Citrus clementina
,
C. limon
,
C. maxima
,
C. paradisi
,
C. reticulata
, and
C. sinensis
) were sampled from 415 fields, 292 pome fruit trees (
Cydonia oblonga
,
Eriobotrya japonica
,
Malus domestica
, and
Pyrus calleryana
) were sampled from 114 fields, and 1351 ornamental plants were sampled from 954 distinct places covering all fruit-tree-growing regions in Jordan.
For olive (
Olea europaea
), the official surveys were conducted in 2018-2019 in all olive growing regions of Jordan. A total of 975 commercial and non-commercial olive orchards were inspected for the presence of typical symptoms of
X. fastidiosa
and sampled
.
All samples tested negative.
The situation of
Xylella fastidiosa
in Jordan
can be described as:
Absent, confirmed by survey
.
Sources
AbuObeid I, Al-Karablieh N, Haddadin J, Omari RA, Al-Jabaree AM, Al-Elaumi L, Mazahreh S (2020) Survey on the presence of
Xylella fastidiosa
, the causal agent of olive quick decline syndrome (OQDS) on olives in Jordan.
Archives of Phytopathology and Plant Protection
53
(3-4), 188-197.
Al-Karablieh N, AbuObeid I, Al-Elaumi L, Mutlaq I, Haddadin J, Al Omari R, Al-Jabaree AM, Mazahreh S (2023)
Xylella fastidiosa
not detected on tree crops after five years of survey.
Plant Health Progress
(early view).
https://apsjournals.apsnet.org/doi/10.1094/PHP-11-22-0120-RS"
XYLEFA,Xylella fastidiosa,2023/067,Absence of Xylella fastidiosa in Türkiye,2023-03,https://gd.eppo.int/reporting/article-7549,"EPPO Reporting Service no. 03 - 2023
Num. article:
2023/067
Absence of Xylella fastidiosa in Türkiye
Official surveys have been conducted in Türkiye since 2014 to assess the possible presence of
Xylella fastidiosa
(EPPO A2 List), as well as its potential vectors.
In 2014, visual surveys focused on olive, and were then extended to more crops and provinces.
In 2016, surveys were carried out in 25 provinces where olives, citrus fruits, grapevine and almonds are grown. Samples were taken when suspicious symptoms were observed. In total, 440 samples were tested and were negative.
In 2017, surveys covered olive, citrus, grapevine, almond and ornamental plants in 26 provinces: 500 samples were tested and were negative.
In 2018-2020, surveys covered olive, citrus, grapevine, almond, cherry and ornamental plants in 34 provinces. All samples were tested negative: 600 in 2018, 308 in 2019, 207 in 2020.
In 2021 and 2020, surveillance was conducted following EFSA guidelines and included host plants in commercial orchards, in natural and semi-natural areas, in nurseries and gardens, as well as host trees on roadsides and parks. In 2021, they covered 10565 plots in 51 provinces, and in 2022 12157 plots in 49 provinces. All samples tested negative.
The pest status of
Xylella fastidiosa
in Türkiye is officially declared as:
Absent, confirmed by survey
.
Sources
NPPO of Türkiye (2023-03)."
XYLEFA,Xylella fastidiosa,2023/015,"New outbreaks of Xylella fastidiosa in Portugal, and first report on citrus plants",2023-01,https://gd.eppo.int/reporting/article-7497,"EPPO Reporting Service no. 01 - 2023
Num. article:
2023/015
New outbreaks of Xylella fastidiosa in Portugal, and first report on citrus plants
Since the last update of the situation of
Xylella fastidiosa
(EPPO A2 List) in Portugal (EPPO
RS 2022/064
) official surveys have been performed, and new outbreaks detected for the first time in the region Centro, and additional outbreaks in regions Norte, and Lisboa e Vale do Tejo. In particular, an outbreak has been detected for the first time on several citrus species in the region Norte. Eradication measures according to EU Regulation 2020/1201 are applied in all cases, and the outbreak in Algarve has been successfully eradicated.
Region Norte
- Área Metropolitana do Porto: following new detections during the official survey, the demarcated area has been extended. The subspecies
fastidiosa
was detected for the first time, and official measures consequently apply to the host plants of both
Xylella fastidiosa
subsp
. fastidiosa
and
Xylella fastidiosa
subsp
. multiplex
.
Xylella fastidiosa
subsp
. fastidiosa
was detected in a number of citrus species (
Citrus limon, C. paradisi, C. reticulata, C. sinensis).
This is the first time that
X. fastidiosa
is reported on citrus in the EPPO region.
- New demarcated areas have been established in Alijó (in December 2022, following a finding (subspecies not determined) on
Prunus persica
), in Baião (in November 2022, following a finding (subspecies not determined) on
Pyracantha coccinea
in a public garden), in Bougado (in January 2023, following a finding (subspecies
multiplex
) on
Salvia rosmarinus
), in two sites in Mirandela (in November 2022, following a finding (subspecies not determined) on
Olea europaea
; and in December 2022, following a finding (subspecies not determined) on
Hibiscus syriacus
).
Region Centro
Following detections, demarcated areas have been established in the following municipalities: Fundão (in November 2022, following a finding (subspecies
fastidiosa
) on
Prunus dulcis
in a nursery), Gândaras (in October 2022,
following findings (subspecies
multiplex
) on
Prunus dulcis
in 2 nurseries), Marrazes (in January 2023, following a finding (subspecies
multiplex
) on
Lavandula stoechas
), Monte Redondo (in December 2022, following a finding (subspecies not determined) on
Lavandula angustifolia
)
,
Póvoa de Midões
(in January 2023, following a finding (subspecies
multiplex
) on
Olea europaea
)
.
Region Lisboa e Vale do Tejo
The demarcated area established in July 2021 in the Área Metropolitana de Lisboa has been extended and now includes 6 outbreaks. The subspecies
fastidiosa
was detected.
The following new demarcated areas have been recently established: in Colares (in September 2022, following a finding (subspecies not determined) on
Lavandula dentata
, in Palmela (in December 2022, following a finding (subspecies
multiplex
) on
Quercus suber
)
.
Region Algarve
Intensive surveys were conducted in the demarcated area in the municipality of Luz de Tavira e Santo Estevão (established in July 2021). No other infected plants and no vectors were found, which confirmed that the initial presence of the bacterium constituted an isolated case.
X. fastidiosa
is therefore considered eradicated in this area.
The pest status of
Xylella fastidiosa
subsp
. fastidiosa
and
Xylella fastidiosa
subsp
. multiplex
in Portugal is officially declared as:
Present, only in some parts of the Member State concerned, under eradication
.
Sources
NPPO of Portugal (2023-01) Maps of demarcated areas and list of infested host plants are available at:
https://www.dgav.pt/plantas/conteudo/sanidade-vegetal/inspecao-fitossanitaria/informacao-fitossanitaria/xylella-fastidiosa/
EU (2020) Commission Implementing Regulation (EU) 2020/1201 of 14 August 2020 as regards measures to prevent the introduction into and the spread within the Union of
Xylella fastidiosa
(Wells
et al
.)
http://data.europa.eu/eli/reg_impl/2020/1201/oj"
XYLEFA,Xylella fastidiosa,2022/191,First report of Graphocephala versuta in Algeria and the EPPO region,2022-09,https://gd.eppo.int/reporting/article-7422,"EPPO Reporting Service no. 09 - 2022
Num. article:
2022/191
First report of Graphocephala versuta in Algeria and the EPPO region
During an inventory of insect fauna around the lake of Reghaia (Northern Algeria) between September 2013 and April 2014, the leafhopper
Graphocephala versuta
(Hemiptera: Cicadellidae) was collected for the first time in Algeria. At the time it was misidentified as
Graphocephala fennahi,
a North American species introduced in Europe in the 1930s. The specimen was recently identified as
G.
versuta.
The species was found again in August 2019 in a vineyard in the region of Skikda (also in the Northern part of Algeria, but 350 km eastwards). No damage to grapevine or other plants have been reported as part of these observations.
G. versuta
is a vector of
Xylella fastidiosa
(EPPO A2 List) in the USA. It should be noted that
X. fastidiosa
is not recorded from Algeria. This is considered to be the first record of
G.
versuta
in the Palaearctic region.
Sources
Boulaouad BA, Merzouki Y, Boulaouad D, Saci A, Daoudi‐Hacini S, Doumandji S (2022)
Graphocephala versuta
(Homoptera: Cicadellidae): a first record for Algeria and the Palaearctic region.
EPPO Bulletin
52
(2), 484–486."
XYLEFA,Xylella fastidiosa,2022/143,New data on quarantine pests and pests of the EPPO Alert List,2022-07,https://gd.eppo.int/reporting/article-7374,"EPPO Reporting Service no. 07 - 2022
Num. article:
2022/143
New data on quarantine pests and pests of the EPPO Alert List
By searching through the literature, the EPPO Secretariat has extracted the following new data concerning quarantine pests and pests included (or formerly included) on the EPPO Alert List, and indicated in bold the situation of the pest concerned using the terms of ISPM 8.
New records
In Brazil, tomato fruit blotch virus (
Blunervirus
, ToFBV) was identified as the cause of severe chlorotic blotches in tomato (
Solanum lycopersicum
) fruits grown in a greenhouse in an organic farm in Distrito Federal. No symptoms were observed on leaves (Nakasu
et al
., 2022).
Tetranychus evansi
(Acari: Tetranychidae – EPPO A2 List) occurs in Burkina Faso where it is considered to be a serious threat to tomato production (Drabo
et al
., 2022).
Detailed records
In Québec, Canada,
Agrilus planipennis
(Coleoptera: Buprestidae – EPPO A2 List) has been found outside the regulated area. In July 2022, its presence was confirmed on a private property in the Regional County Municipality (RCM) of Avignon, in the Gaspésie-Îles-de-la-Madeleine region. Phytosanitary measures including surveys and restrictions on the movements of ash material (e.g. logs, branches, woodchips) and firewood are being taken to prevent any further spread (CFIA, 2022).
In the USA,
Agrilus planipennis
(Coleoptera: Buprestidae – EPPO A2 List) has been found for the first time in Oregon, in Washington County in July 2022. It is considered that the infestation has been there for at least 3-5 years. Infestations have now been detected in in 36 states and the District of Columbia. This is the first record on the west coast (USDA, 2022)
In Argentina, ‘
Candidatus
Liberibacter asiaticus’ (associated with huanglongbing – EPPO A1 List) had previously only been detected in plant material. Badaracco et
al
. (2022) detected the pathogen in three specimens of the vector
Diaphorina citri
(Hemiptera: Liviidae, EPPO A1 List) in the North-East of Argentina (Corrientes).
In the USA, beech leaf disease (associated with
Litylenchus crenatae mccannii
– EPPO Alert List) is reported for the first time from Michigan. The disease was confirmed in July 2022 in a small, private wood in southern St. Clair county (Government of Michigan, 2022).
In the USA,
Lycorma delicatula
(Hemiptera: Fulgoridae – EPPO A1 List) is reported for the first time in North Carolina. In June 2022, the presence of an established population was confirmed in Kernesville (Forsyth county), covering an area of approximately 8 km radius. Surveys are ongoing (North Carolina State, 2022).
In Portugal, the root-knot nematode
Meloidogyne luci
(EPPO Alert List) was first found in 2013 near Coimbra (in the continental part of Portugal) in a potato field (EPPO
RS 2017/217
) and in 2019 in the Azores on Pico Island (EPPO
RS 2020/171
). As a result of the 2021 survey programme on
Meloidogyne fallax
and
M. chitwoodi
. (both EPPO A2 List)
M. luci
was found for the first time in another Azores island: Ilha Terceira. It was detected in a plot of ware potatoes (
Solanum tuberosum
) grown for personal consumption in the municipality of Agualva. Eradication measures are applied (NPPO of Portugal, 2022-06).
The pest status of
Meloidogyne luci
in Portugal is officially declared as
: Present, under eradication, only in some parts of the Member State concerned, at low prevalence
.
In Bulgaria, tomato brown rugose fruit virus (
Tobamovirus
, ToBRFV – EPPO A2 List) was first detected in June 2021 and eradicated in December 2021 (EPPO
RS 2021/146
). In June 2022, new outbreaks were confirmed in two tomato production sites in Smolyan oblast, and in one in Pazardzhik oblast. Eradication measures are applied.
The pest status of tomato brown rugose fruit virus in Bulgaria is officially declared as:
Present, only in some parts of the Member State concerned, under eradication
.
In Bangladesh,
Xylosandrus crassiusculus
(Coleoptera: Curculionidae: Scolytinae - formerly EPPO Alert List) is reported for the first time. It was found during a faunistic survey on Coleoptera and its identity was confirmed by DNA barcoding (Mazumdar
et al
., 2021).
Eradication
In Spain, several outbreaks of
Xylella fastidiosa
(EPPO A2 List) have occurred (EPPO
RS 2022/112
). The NPPO of Spain recently informed the Secretariat that the outbreak of
Xylella fastidiosa
subsp
. multiplex
in Villarejo de Salvanés has been eradicated. After the eradication measures were applied, the surveys carried out in 2018-2021 did not detect any infected plants or insect vectors (NPPO of Spain, 2022-06).
The pest status of
Xylella fastidiosa
subsp.
multiplex
in mainland Spain is officially declared as:
Transient, actionable, under eradication.
Sources
Badaracco A, Redes FJ, Bustamente KM, Bloch N, Schapovaloff ME, Agostini JP (2022) First detection of positive ‘
Candidatus
Liberibacter asiaticus’
Diaphorina citri
in Argentina.
Australasian Plant Pathology
51
(1), 9-12.
Drabo E, Waongo A, Traoré F, Dabiré-Binso LC, Sanon A (2022) Effectiveness of combining bioacaricides with sprinkler irrigation to control the red spider mite,
Tetranychus evansi
Baker and Pritchard (Acari: Tetranychidae), in irrigated tomato crops in Burkina Faso, West Africa.
Journal of Entomological and Acarological Research
54
, 10055.
https://doi.org/10.4081/jear.2022.10055
INTERNET
CFIA (2022-07-11) Emerald ash borer confirmed in the Gaspésie.
https://www.canada.ca/en/food-inspection-agency/news/2022/07/emerald-ash-borer-confirmed-in-the-gaspesie.html
Government of Michigan. Michigan.gov (accessed 2022-07-06
Invasive species: beech leaf disease.
https://www.michigan.gov/invasives/id-report/disease/beech-leaf-disease
Invasive beech leaf disease found in Michigan (2022-07-05).
https://www.michigan.gov/invasives/news/2022/07/05/invasive-beech-leaf-disease-found-in-michigan
North Carolina State. Extension (2022-06-29) Spotted lanternfly confirmed in North Carolina.
https://forestry.ces.ncsu.edu/2022/06/spotted-lanternfly-confirmed-in-north-carolina/
USDA (2022-07-15) USDA statement of confirmation of emerald ash borer in Oregon.
https://www.aphis.usda.gov/aphis/newsroom/stakeholder-info/stakeholder-messages/plant-health-news/eab-or
Mazumdar S, Hebert PDN, Bhuiya BA (2021) Survey of coleopterans in Bangladesh by DNA barcoding of malaise trap collection.
Munis Entomology & Zoology
16
(1), 275-282.
Nakasu EY, Nagata T, Inoue-Nagata AK (2022) First report of tomato fruit blotch virus infecting tomatoes in Brazil.
Plant Disease
. Early view
https://doi.org/10.1094/PDIS-07-21-1392-PDN
NPPO of Bulgaria (2022-07).
NPPO of Spain (2022-06).
NPPO of Portugal (2022-06)."
XYLEFA,Xylella fastidiosa,2022/133,Preliminary evidence of seed transmission of Xylella fastidiosa in pecan (Carya illinoinensis),2022-06,https://gd.eppo.int/reporting/article-7364,"EPPO Reporting Service no. 06 - 2022
Num. article:
2022/133
Preliminary evidence of seed transmission of Xylella fastidiosa in pecan (Carya illinoinensis)
Pecan bacterial leaf scorch is caused by
Xylella fastidiosa
subsp
. multiplex
(EPPO A2 List) and occurs across the southern part of the pecan-growing region of the USA. It is generally accepted that
X. fastidiosa
is not seed-transmitted. The fact that the bacterium might be transmitted from seed to seedling has been studied for citrus variegated chlorosis, as
X. fastidiosa
subsp
. pauca
had been detected in fruit, seed coats and embryos of three sweet orange cultivars. However, all attempts to detect or isolate the bacterium in the seedling progeny have failed. In pecan (
Carya illinoinensis
), an earlier study had also detected the presence of
X. fastidiosa
in the endosperm of pecan seeds and this triggered further research on the possible seed-transmission of
X. fastidiosa
.
Molecular studies (qPCR and sequencing) confirmed the detection of
X. fastidiosa
in mature pecan seeds collected from 7 infected trees in New Mexico and Texas (US), and also confirmed the transmission of the bacterium from infected seed to seedlings with a transmission rate of 80%. The highest concentrations of
X. fastidiosa
DNA were found in the seed hilum and outer teguments, as well in the seedling petioles. However, further research is needed to understand the movement of
X. fastidiosa
within the seed, and from the seed to the seedling during the germination process. It is also noted that during these seed-transmission studies it has not been possible to determine the subspecies of
X. fastidiosa
present in the seed and seedling progeny. The authors concluded that their study provides preliminary evidence that seed-to-seedling transmission of
X. fastidiosa
can occur in pecan.
Sources
Cervantes K, Hilton AE, Stamler RA, Heerema RJ, Bock C, Wang X, Jo YK, Grauke LJ, Randall JJ (2022) Evidence for seed transmission of
Xylella fastidiosa
in pecan (
Carya illinoinensis
).
Frontiers in Plant Science
13
, 780335.
https://doi.org/10.3389/fpls.2022.780335"
XYLEFA,Xylella fastidiosa,2022/132,Weed hosts of Xylella fastidiosa in Brazilian plum orchards,2022-06,https://gd.eppo.int/reporting/article-7363,"EPPO Reporting Service no. 06 - 2022
Num. article:
2022/132
Weed hosts of Xylella fastidiosa in Brazilian plum orchards
Studies on the possible role of weeds in the epidemiology of plum leaf scald disease caused by
Xylella fastidiosa
(EPPO A2 List) have been conducted in Brazil. Twelve weed species present in five plum (
Prunus salicina
) orchards heavily affected by plum leaf scald were tested by PCR for the presence of
X. fastidiosa
. These orchards were located in two plum-growing regions, in Jarinu (São Paulo State) and Videira (Santa Catarina State). Out of the 12 weed species tested, 9 were found to be naturally infected by
X. fastidiosa
:
Bidens pilosa, Lepidium ruderale, Lolium multiflorum, Plantago major, Parthenium hysterophorus, Raphanus sativus, Rumex
sp
., Solanum americanum
and
Vernonia
sp. The highest infection rates were found in samples of
Lepidium ruderale
and
Lolium multiflorum.
In greenhouse experiments, mechanical inoculation of 4 selected weed species (
B. pilosa, L. ruderale, R. sativus
and
S. americanum
) with plum-infecting strains (
X. fastidiosa
subsp.
multiplex
ST26, ST67 and
X. fastidiosa
subsp.
pauca
ST71) induced systemic infections. The authors concluded that these naturally infected weed species can serve as alternative hosts of the bacterium and might play a role in the disease spread in plum orchards. They also noted that further transmission studies involving weeds, plum trees, and insect vectors are needed to better understand the role of these weed species in the disease epidemiology.
Sources
Müller C, Esteves MB, Kleina HT, de Melo Sales T, Boti Liva K, Balbinote J, Spotti Lopes JR (2022) Weeds as alternative hosts of
Xylella fastidiosa
in Brazilian plum orchards.
Journal of Plant Pathology
104
, 487–493.
https://doi.org/10.1007/s42161-021-00979-y"
XYLEFA,Xylella fastidiosa,2022/112,Update of the situation of Xylella fastidiosa in Spain,2022-05,https://gd.eppo.int/reporting/article-7343,"EPPO Reporting Service no. 05 - 2022
Num. article:
2022/112
Update of the situation of Xylella fastidiosa in Spain
This is an update of the situation of
Xylella fastidiosa
(EPPO A2 List) in Spain since the end of 2018 (EPPO
RS 2019/018
). Official surveillance is conducted and control measures are applied according to
EU Regulation 2020/1201
.
Mainland Spain
In the province of Alicante (Comunidad Valenciana)
Xylella fastidiosa
was first found in 2017 in almond (
Prunus dulcis
) trees (
RS 2017/133
), and later on other plants. As of 2022-03, the demarcated area has been enlarged to 137 995 ha: it includes infected zones (2 864 ha) and buffer zones around the infested zones. An intensive monitoring survey is also conducted in an area of 10 km around the demarcated area. During 2021, 20 217 samples were taken in Comunidad Valenciana and 379 samples were positive. Insect vectors were also tested and
X. fastidiosa
was detected in
Neophilaenus campestris, N.
lineatus
and
Philaenus spumarius
.
In the province of Madrid,
Xylella fastidiosa
subsp
. multiplex
was detected in 1 olive tree (
Olea europaea
) in Villarejo de Salvanés in 2018. The surveys carried out in 2018, 2019 and 2020 did not detect new positive plants or vectors. The size of the buffer zone will be reduced in accordance with Regulation 2020/1201.
In Andalucia, X
. fastidiosa
was detected in three plants in a greenhouse in the municipality of El Ejido in 2018. Eradication measures were applied. Surveys conducted for two subsequent years concluded that the isolated finding has not spread in the area and this outbreak is now considered as eradicated.
The pest status of
Xylella fastidiosa
subsp.
multiplex
in mainland Spain is officially declared as:
Transient, actionable, under eradication.
Islas Baleares
In the Islas Baleares, X
. fastidiosa
was first detected in 2016 (
RS 2016/213
) and containment measures are applied. As of January 2022, 1 306 infected plants have been detected in Islas Baleares: 746 in Mallorca Island, 346 in Ibiza Island and 214 in Menorca Island. In total 37 host plants of
X. fastidiosa
have been recorded in Islas Baleares.
Sources
Marco-Noales E, Barbé S, Monterde A, Navarro-Herrero I, Ferrer A, Dalmau V, Aure CM, Domingo-Calap ML, Landa BB, Roselló M (2021) Evidence
that Xylella fastidiosa
is the causal agent of almond leaf scorch disease in Alicante, mainland Spain (Iberian Peninsula).
Plant Disease
105
(11), 3349-3352.
NPPO of Spain (2020-04, 2022-01, 2022-03).
EU (2020) Commission Implementing Regulation (EU) 2020/1201 of 14 August 2020 as regards measures to prevent the introduction into and the spread within the Union of
Xylella fastidiosa
(Wells
et al
.)
http://data.europa.eu/eli/reg_impl/2020/1201/2021-12-23"
XYLEFA,Xylella fastidiosa,2022/111,Update of the situation of Xylella fastidiosa in Italy,2022-05,https://gd.eppo.int/reporting/article-7342,"EPPO Reporting Service no. 05 - 2022
Num. article:
2022/111
Update of the situation of Xylella fastidiosa in Italy
This is an update of the situation of
Xylella fastidiosa
(EPPO A2 List) in Italy since the end of 2018 (EPPO
RS 2019/016
). Official surveillance is conducted according to the statistical approach Ribess+ and control measures are applied according to
EU Regulation 2020/1201
with the aim to contain the disease in part of Puglia and eradicate it in other regions.
Puglia
Xylella fastidiosa
subsp.
pauca
was first found near Salento (province of Lecce) in 2013 (RS 2013/184). A containment strategy has been applied in the demarcated area since 2018. It now includes the whole provinces of Lecce and Brindisi, and part of the provinces of Taranto and Bari. The 2021 monitoring campaign was carried out from May 2021 to February 2022 in the buffer zone and in the first 5 km of the infected zone (‘containment zone’). In total, 105 infected plants were detected (including 17 in the buffer zone). Official measures were applied. As the infected plants in the buffer zone were very close to the infected area, it was not necessary to change the outer limit of the buffer zone.
Two outbreaks were detected in the province of Bari, and eradication measures are applied: in Polignano a Mare in December 2020, and in Alberobello in December 2021.
An outbreak in Canosa di Puglia (province of Barletta-Andria-Trani) detected in December 2020 was declared eradicated in January 2022.
Toscana
Xylella fastidiosa
subsp
. multiplex
was first detected in Toscana in 2018 (
RS 2019/016
) in the municipality of Monte Argentario, and later in the municipality of Orbetello. Monitoring is conducted in the demarcated area. In 2021, 2918 samples were taken, and 111 plants were found to be infected.
Lazio
Xylella fastidiosa
(subsp. not specified) was found in a lot of
Vinca major
in a nursery (indoors) located near the city of Rome in October 2019. The entire lot was destroyed, and intensive monitoring for two years did not detect other infected plants or insect vectors. This outbreak is considered eradicated.
Xylella fastidiosa
subsp
. multiplex
was first detected in an almond tree (
Prunus dulcis)
located in the municipality of Canino in November 2021. A demarcated area with a buffer zone of 2.5 km was officially established and eradication measures taken. The infected tree and 3 other
Prunus
sp. trees were destroyed. 654 samples were taken from olive and almond trees and from the natural present in the first 400 m of the buffer zone. All tested samples gave negative results. Monitoring is underway in the remaining portion of the buffer zone. There are no nurseries in the demarcated area.
The pest status of
Xylella fastidiosa
subsp.
pauca
in Italy is officially declared as:
Present, only in some parts of the Member State concerned, under eradication, under containment in case eradication is impossible.
The pest status of
Xylella fastidiosa
subsp.
multiplex
in Italy is officially declared as:
Present, only in some parts of the Member State concerned, under eradication, under containment in case eradication is impossible.
Sources
NPPO of Italy (2022-11, 2022-05).
Internet:
www.emergenzaxylella.it
(including details on monitoring and maps of demarcated areas)
EU (2020) Commission Implementing Regulation (EU) 2020/1201 of 14 August 2020 as regards measures to prevent the introduction into and the spread within the Union of
Xylella fastidiosa
(Wells
et al
.)
http://data.europa.eu/eli/reg_impl/2020/1201/2021-12-23"
XYLEFA,Xylella fastidiosa,2022/085,First record of Draeculacephala robinsoni in the EPPO region,2022-04,https://gd.eppo.int/reporting/article-7316,"EPPO Reporting Service no. 04 - 2022
Num. article:
2022/085
First record of Draeculacephala robinsoni in the EPPO region
Draeculacephala robinsoni
(Hemiptera: Cicadellidae) is a native and widespread leafhopper in North America (Canada and the USA), east of the Rocky Mountains. In 2021, it was recorded for the first time in the EPPO region, in France and Spain. This was also the first record for the genus
Draeculacephala
in the Palaearctic region. In the EU,
Draeculacephala minerva
and
Draeculacephala
sp
.
are listed as A1 quarantine pests, as
‘Cicadomorpha
known to be vectors of
Xylella fastidiosa’.
In France,
D. robinsoni
was found in the department of Pyrénées-Orientales (Occitanie region) in 4 different sites located in the municipalities of Argelès, Banyuls, and Collioure. Specimens were collected in dry riverbeds on ruderal vegetation. Regional phytosanitary services are working in order to officially confirm this detection.
In Spain,
D. robinsonii
was found in 6 sites in the neighbouring region of Cataluña, in the municipalities of Aiguamolls de l’Empordà, Estany de Banyoles, and Estany de Sils.
The species occurred in large permanent wetland sites, as well as in pastures and meadows which are periodically flooded.
Specimens (adults and nymphs) were collected between May and October 2021. In France and Spain, the different sites are relatively close to each other, the maximum distance between these sites being 86 km.
Recorded host plants of
D. robinsoni
in North America are mostly grasses and sedges including:
Echinochloa muricata
,
Elymus virginicus
,
Leersia oryzoides
,
Muhlenbergia glomerata
,
Muhlenbergia frondosa
,
Phalaris arundinacea
,
Saccharum
sp.,
Zea mays
(all Poaceae), and
Carex
sp. (Cyperaceae). In France and Spain, the potential host plants observed were:
Agrostis stolonifera, Arundo donax, Avena sterilis, Bromus catharticus, Cynodon dactylon, Paspalum distichum, Polypogon maritimus, Polypogon viridis
(all Poaceae), and
Cyperus eragrostis, Cyperus esculentus, Scirpoides holoschoenus
(all Cyperaceae)
.
The authors noted that since the genus
Draeculacephala
includes species that are vectors of plant pathogens, including
Xylella fastidiosa
, the situation of
D. robinsoni
in Europe should be closely monitored.
Sources
Rösch V, Marques E, Miralles-Núñez AD, Zahniser JN, Wilson MR (2022)
Draeculacephala robinsoni
Hamilton, 1967 (Hemiptera: Auchenorrhyncha: Cicadellidae), a newly introduced species and genus in Europe with comments on its identification.
Zootaxa
5116
(3), 439-448.
NPPO of France (2022-04)."
XYLEFA,Xylella fastidiosa,2022/064,Update of the situation of Xylella fastidiosa in Portugal,2022-03,https://gd.eppo.int/reporting/article-7295,"EPPO Reporting Service no. 03 - 2022
Num. article:
2022/064
Update of the situation of Xylella fastidiosa in Portugal
In Portugal,
Xylella fastidiosa
(EPPO A2 list) was first reported in December 2018 near Porto (EPPO
RS 2019/017
). The subspecies present was identified as
Xylella fastidiosa
subsp
. multiplex.
Official surveillance is conducted. In 2021, as a result of official surveillance,
X. fastidiosa
was found in 2021 in the Algarve region and near Lisbon. Eradication measures according to EU Regulation 2020/1201 are applied in all cases.
In the area around Porto, since the first detection, 19 049 samples were collected, 18 745 tested, of which 815 are pending results, 338 samples were positive, resulting in 110 infected zones being defined which are located in 9 municipalities of the Área Metropolitana do Porto (Norte region).
In the municipality of Luz de Tavira e Santo Estevão (Algarve region),
X. fastidiosa
(subspecies undetermined)
was found in July 2021 on asymptomatic
Salvia rosmarinus
plants in a nursery. An intensive survey was conducted in the infected zone, and 1 988 plants were sampled and tested from all lots of the host plants present in the place of production, as well as 1 520 host plants in the buffer zone. Insect vectors were also tested. All tests were negative for
X. fastidiosa
. All host plants listed in the EU Regulation within a radius of 50 m were destroyed after insecticide treatment.
In the Área Metropolitana de Lisboa,
X. fastidiosa
(subspecies undetermined)
was found in July 2021 on symptomatic
Salvia rosmarinus
in a public area located in the Union of parishes of Massamá e Monte Abraão (county of Sintra, Lisbon region). An infested area and a buffer zone have been established.
The pest status of
Xylella fastidiosa
in Portugal is officially declared as:
Present, only in some parts of the Member State concerned, under eradication.
Sources
NPPO of Portugal (2022-02) Maps of demarcated areas are available at:
https://www.dgav.pt/plantas/conteudo/sanidade-vegetal/inspecao-fitossanitaria/informacao-fitossanitaria/xylella-fastidiosa/
EU (2020) Commission Implementing Regulation (EU) 2020/1201 of 14 August 2020 as regards measures to prevent the introduction into and the spread within the Union of
Xylella fastidiosa
(Wells
et al
.)
http://data.europa.eu/eli/reg_impl/2020/1201/oj"
XYLEFA,Xylella fastidiosa,2022/063,Update of the situation of Xylella fastidiosa in France,2022-03,https://gd.eppo.int/reporting/article-7294,"EPPO Reporting Service no. 03 - 2022
Num. article:
2022/063
Update of the situation of Xylella fastidiosa in France
In France,
Xylella fastidiosa
(EPPO A2 list) was first reported in 2015 in Corsica (EPPO
RS 2015/144
) and later in Provence-Alpes-Côte d’Azur region (
RS 2016/193
, 2019/187) and Occitanie (
RS 2020/197
). The subspecies present was
Xylella fastidiosa
subsp
. multiplex.
The subspecies
pauca
was identified 2016 in Menton (Alpes-Maritimes department, Provence-Alpes-Côte d’Azur region): it was first identified in one outbreak on
Polygala myrtifolia
and eradicated, but found again in the same demarcated area in 2019 on a multi secular olive tree (
Olea europaea
) (
RS 2019/187
). Official surveillance is conducted and control measures according to EU Regulation 2020/1201 are applied. New host plants are regularly identified.
In Corsica, a containment strategy has been applied since December 2017. The bacterium was found on a large number of plant species, including native plants in the natural environment. As a result of the 2021 official survey,
X. fastidiosa
subsp
. multiplex
was found for the first time on an olive tree (
Olea europaea
) in Haute-Corse.
In Provence-Alpes-Côte d’Azur region, more than 24 000 plants were sampled since 2015 as part of the official surveillance. Eradication measures are applied, and the bacteria has a restricted distribution, with demarcated areas in 21 municipalities in Alpes-Maritimes, and 5 municipalities in the Var department.
In Occitanie region, after the first finding in 2020, official surveys were conducted and about 5 000 plant samples from more than 200 plant species were analysed.
X. fastidiosa
subsp
. multiplex
was detected 76 infected areas in 17 municipalities in Aude department. In December 2021,
X. fastidiosa
subsp
. multiplex
was first confirmed from the Gard department on a sample of
Spartium junceum
taken from a motorway service area as part of the official surveillance programme. Eradication measures are applied.
The pest status of
Xylella fastidiosa
subsp.
multiplex
in France is officially declared as:
Present, only in some parts of the Member State concerned, under eradication, under containment, in case eradication is impossible.
The pest status of
Xylella fastidiosa
subsp.
pauca
in France is officially declared as:
Transient, actionable, under eradication.
Sources
Cunty A, Legendre B, de Jerphanion P, Dousset C, Forveille A, Paillard S, Olivier V (2022) Update of the
Xylella fastidiosa
outbreak in France: two new variants detected and a new region affected.
European Journal of Plant Pathology
(early view).
https://doi.org/10.1007/s10658-022-02492-z
EU (2020) Commission Implementing Regulation (EU) 2020/1201 of 14 August 2020 as regards measures to prevent the introduction into and the spread within the Union of
Xylella fastidiosa
(Wells
et al
.)
http://data.europa.eu/eli/reg_impl/2020/1201/oj
Maps of demarcated areas in France are available at:
https://shiny-public.anses.fr/Xylella_fastidiosa/
NPPO of France (2021-12, 2022-02)
https://agriculture.gouv.fr/xylella-fastidiosa-une-bacterie-mortelle-pour-300-especes-vegetales"
XYLEFA,Xylella fastidiosa,2022/045,Absence of Xylella fastidiosa in Morocco,2022-02,https://gd.eppo.int/reporting/article-7275,"EPPO Reporting Service no. 02 - 2022
Num. article:
2022/045
Absence of Xylella fastidiosa in Morocco
A nation-wide survey for
Xylella fastidiosa
(EPPO A2 List) was conducted in Morocco from March 2020 to July 2021 in areas planted with olive (
Olea europaea
), almond (
Prunus dulcis
) and
Citrus
spp. trees in seven regions of Morocco by El Handi
et al.
(2022). In total 51 commercial orchards were inspected, and 1007 symptomatic plants sampled: 657 olive trees from five regions (Tanger, Béni Mellal, Marrakech, Errachidia, and Meknès), 170 citrus trees from two regions (Azilal and Meknès) and 180 almond trees from three regions (Meknès, Haouz, and Gharb). Samples were tested by ELISA and PCR. No positive samples were found.
In addition, surveys on potential vectors were conducted by Haddad
et al
. (2021) in 2019 and 2020 in 85 sites in 25 provinces (in 7 regions) across the country. Using sweeping nets, 2604 specimens belonging to the Auchenorrhyncha suborder (Hemiptera) were collected. A total of 213 samples from different crops (almond, olive, citrus, grapevine) and two ornamental plants (
Nerium oleander
and
Polygala
spp.) were collected and tested for the presence of
X. fastidiosa
by ELISA and PCR during the same period and within the same surveyed provinces (plus two additional ones, i.e. 27 provinces). All test results were negative. The surveys on vectors showed that five potential insect vectors occur, namely
Philaenus tesselatus, P. maghresignus, Philaenus
sp.,
Neophilaenus campestris
and
N. lineatus.
They were mainly present in the northern part of Morocco.
Philaenus tesselatus
was the most commonly found spittlebug and should be considered the main potential vector of
X. fastidiosa
in Morocco.
Philaenus spumarius
was not found during these surveys.
The situation of
Xylella fastidiosa
in Morocco can be described as follows:
Absent, confirmed by survey.
Sources
El Handi K, Hafidi M, Sabri M, Frem M, El Moujabber M, Habbadi K, Haddad N, Benbouazza A, Abou Kubaa R, Achbani EH (2022) Continuous pest surveillance and monitoring constitute a tool for sustainable agriculture: case of
Xylella fastidiosa
in Morocco.
Sustainability
14
(3), 1485.
https://doi.org/10.3390/su14031485
.
Haddad N, Afechtal M, Streito JC, Ouguas Y, Benkirane R, Lhomme P, Smaili MC (2021) Occurrence in Morocco of potential vectors of Xylella fastidiosa that may contribute to the active spread of the bacteria.
Annales de la Société entomologique de France
57
(4), 359-371."
XYLEFA,Xylella fastidiosa,2022/013,Update of the situation of Xylella fastidiosa in Israel,2022-01,https://gd.eppo.int/reporting/article-7243,"EPPO Reporting Service no. 01 - 2022
Num. article:
2022/013
Update of the situation of Xylella fastidiosa in Israel
In Israel
Xylella fastidiosa
(EPPO A2 List) subsp
. fastidiosa
was first found in 2017-2018 on almond (
Prunus dulcis
) trees in the Hula Valley, north-eastern part of Israel (EPPO RS 2019/121). During the late summer of 2021, in the framework of official annual surveys,
symptomatic grapevines
(Vitis vinifera
) were sampled and tested by real-time PCR. The presence of
X. fastidiosa
subsp
. fastidiosa
was confirmed in five
commercial vineyards in the Eastern Upper Galilee area, which is adjacent to the Hula Valley, and near the border with Lebanon. Sequencing showed that the pathogen has the same sequence type that had been previously reported in almond in Israel (ST1). All infected grapevines will be destroyed. A delimiting survey is being conducted around the infected vineyards to define the infected area. Surveys are ongoing throughout the country to ensure freedom in other areas, in
Vitis vinifera
as well as other potential hosts. The disease in almond is under eradication in the Hula Valley and no new infection in almond has been discovered during 2021.
An awareness campaign has been carried out with representatives of grapevine growers and nurseries to encourage reporting of suspicious symptoms. Movement of plants for planting from the infected area is prohibited.
The pest status of
Xylella fastidiosa
subsp
. fastidiosa
in Israel is officially declared as:
Present: in one area only and under official control. Previously reported in Israel in
Prunus dulcis
(almond) in a limited area of distribution in the Hula Valley and currently reported in
Vitis vinifera
(grapevine) in a limited area of infestation in the Eastern Upper Galilee, adjacent to the previously reported area of infestation. Precise delimitation of the contained area of infestation is in process.
Sources
NPPO of Israel (2021-12)."
XYLEFA,Xylella fastidiosa,2020/212,Recommendations from Euphresco projects,2020-10,https://gd.eppo.int/reporting/article-6890,"EPPO Reporting Service no. 10 - 2020
Num. article:
2020/212
Recommendations from Euphresco projects
The following research project has recently been carried out in the framework of Euphresco (network for phytosanitary research coordination and funding - hosted by EPPO). A report presenting the main objectives and results of this project, as well as recommendations made can be viewed on the Internet.
Xylella fastidiosa
and its insect vectors
Xylella fastidiosa
is a bacterial pathogen transmitted by insect vectors. While the vectors of the disease are relatively well known in South and North America, knowledge about its potential vectors in the EPPO region has to be improved. The project covered several activities, including the survey of potential vectors of
X. fastidiosa
within different habitats, the evaluation of sampling/trapping methods for vectors, the development/improvement of diagnostic tests (i.e. real-time PCR, LAMP) for the identification of the vectors and of the bacterium within vectors.
Based on the evaluation of trapping methods, the consortium recommended the use of sweep netting as the best method for catching significant numbers of vectors. Other trapping methods, such as sticky traps, appeared to be more suitable for monitoring the presence of vectors within agricultural and horticultural environments, rather than collecting vectors to screen for
X. fastidiosa
.
A species-specific real-time PCR test was developed for the identification of
Philaenus spumarius
. The test has been included in the
EPPO Diagnostic Protocol PM 7/141
Philaenus spumarius
,
Philaenus italosignus
and
Neophilaenus campestris
. Work is ongoing for the development and validation of a diagnostic test for
Neophilaenus
campestris
. International collaboration on this topic would facilitate sharing of reference material to ensure that the test has optimal inclusivity.
Based on the results obtained, the CTAB DNA extraction protocol was found to be the most suitable for the obtention of high concentration of
X. fastidiosa
genomic DNA from vectors. Overall, the real-time PCR and LAMP tests have proved to be more efficient than conventional PCR at detecting
X. fastidiosa
in insect vectors, independently from the extraction method used, and are thus recommended.
Duration of the project: 2017-12-31 to 2019-12-31.
Authors: Lester, Katherine; Highet, Fiona; Gottsberger, Richard; Strauss, Gudrun; Reisenzein, Helga; Maixner, Michael; Elbeaino, Toufic; Valentini, Franco. D’Onghia, Anna Maria; Loomans, Antoon, Bergsma-Vlami, Maria; Sa Pereira, Paula; Mateus, Celia; Malumphy, Chris; Landa, Blanca; Miranda, Miguel; Paredes, Claudia.
Link:
https://zenodo.org/record/4046684#.X38aX2gzaUm
Sources
Euphresco (2020-10).
https://www.euphresco.net/projects/"
XYLEFA,Xylella fastidiosa,2020/197,Finding of Xylella fastidiosa subsp. multiplex in the Occitanie region (France),2020-09,https://gd.eppo.int/reporting/article-6875,"EPPO Reporting Service no. 09 - 2020
Num. article:
2020/197
Finding of Xylella fastidiosa subsp. multiplex in the Occitanie region (France)
In France,
Xylella fastidiosa
(EPPO A2 List) was first reported in 2015 (EPPO
RS 2015/144
). It currently occurs in Corse, as well as the Provence-Alpes-Côte d’Azur region (
RS 2016/193
, 2019/187). Eradication and monitoring measures are conducted.
The NPPO of France recently informed the EPPO Secretariat of the finding of
Xylella fastidiosa
subsp
. multiplex
in a nursery in the Occitanie region. The bacterium was detected during routine monitoring on 4 plants of hybrid lavender (
Lavandula x intermedia
) in a nursery. Traceback studies are being conducted to find the origin of the outbreak. Eradication measures are applied according to EU Commission Implementing Regulation (EU) 2020/1201.
The pest status of
Xylella fastidiosa
subsp
. multiplex
in France is officially declared as:
Present, under eradication, only in some parts of the Member State concerned.
Sources
NPPO of France (2020-09).
Ministère de l’Agriculture et de l’Alimentation (2020-09-04) Santé des végétaux : un premier foyer de la bactérie
Xylella fastidiosa
détecté en Occitanie
https://agriculture.gouv.fr/sante-des-vegetaux-un-premier-foyer-de-la-bacterie-xylella-fastidiosa-detecte-en-occitanie
Commission Implementing Regulation (EU) 2020/1201 of 14 August 2020 as regards measures to prevent the introduction into and the spread within the Union of
Xylella fastidiosa
(Wells
et al
.)."
XYLEFA,Xylella fastidiosa,2020/185,Modifications of regulation in the EU,2020-09,https://gd.eppo.int/reporting/article-6863,"EPPO Reporting Service no. 09 - 2020
Num. article:
2020/185
Modifications of regulation in the EU
The European Union has recently revised the emergency measures applied against three pests:
Pseudomonas syringae
pv
. actinidiae
(EPPO A2 List):
Commission implementing regulation 2020/885 replaces Implementing Decision (EU) 2017/198. It includes requirements for live pollen and plants intended for planting, other than seeds, of
Actinidia
for import and movement within the EU.
Tomato brown rugose fruit virus (EPPO A2 List): Commission Implementing Regulation (EU) 2020/1191 repeals Implementing Decision (EU) 2019/1615. This new regulation includes requirements for seed sampling and testing.
Xylella fastidiosa
(EPPO A2 List): Commission Implementing Regulation (EU) 2020/1201 repeals Decision (EU) 2015/789. The Regulation defines eradication and containment measures, how surveys should be conducted, and measures for import of host plants from third countries. Measures are explained in detail in a dedicated webpage
https://ec.europa.eu/food/plant/plant_health_biosecurity/legislation/emergency_measures/xylella-fastidiosa_en
All EU Emergency control measures are available at:
https://ec.europa.eu/food/plant/plant_health_biosecurity/legislation/emergency_measures_en
Sources
Commission Implementing Regulation (EU) 2020/885 of 26 June 2020 as regards measures to prevent the introduction into and the spread within the Union of
Pseudomonas syringae
pv
. actinidiae
Takikawa, Serizawa, Ichikawa, Tsuyumu & Goto.
http://data.europa.eu/eli/reg_impl/2020/885/oj
Commission Implementing Regulation (EU) 2020/1191 of 11 August 2020 establishing measures to prevent the introduction into and the spread within the Union of
Tomato brown rugose fruit virus
(ToBRFV) and repealing
Implementing Decision (EU) 2019/1615
.
http://data.europa.eu/eli/reg_impl/2020/1191/oj
Commission Implementing Regulation (EU) 2020/1201 of 14 August 2020 as regards measures to prevent the introduction into and the spread within the Union of
Xylella fastidiosa
(Wells et al.)
http://data.europa.eu/eli/reg_impl/2020/1201/oj"
XYLEFA,Xylella fastidiosa,2020/096,New host plants of Xylella fastidiosa,2020-05,https://gd.eppo.int/reporting/article-6774,"EPPO Reporting Service no. 05 - 2020
Num. article:
2020/096
New host plants of Xylella fastidiosa
EFSA has recently published an update of its database on host plants of
Xylella fastidiosa
(EPPO A2 List). The following 37 plant species have been found infected by the bacterium.
Plant species
Family
Amaranthus retroflexus
Amaranthaceae
Artemisia
sp.
Asteraceae
Calicotome
sp.
Fabaceae
Calicotome
spinosa
Fabaceae
Campsis
radicans
Bignoniaceae
Chamaesyce
canescens
Euphorbiaceae
Cistus
albidus
Cistaceae
Cistus
x
incanus
Cistaceae
Convolvulus
cneorum
Convolvulaceae
Dimorphotheca
ecklonis
Asteraceae
Dimorphotheca
fruticosa
Asteraceae
Diospyros
kaki
Ebenaceae
Elaeagnus
angustifolia
Elaeagnaceae
Erigeron
karvinskianus
Asteraceae
Erigeron
sp.
Asteraceae
Euryops
pectinatus
Asteraceae
Hebe
elliptica
Plantaginaceae
Helichrysum
sp.
Asteraceae
Helichrysum
stoechas
Asteraceae
Hibiscus
sp.
Malvaceae
Ilex
aquifolium
Aquifoliaceae
Lavandula
latifolia
Lamiaceae
Ligustrum
sinense
Oleaceae
Medicago
arborea
Fabaceae
Phlomis
fruticosa
Lamiaceae
Pistacia
vera
Anacardiaceae
Prunus
serotina
Rosaceae
Robinia
pseudoacacia
Fabaceae
Santolina
chamaecyparissus
Asteraceae
Strelitzia
reginae
Strelitziaceae
Teucrium
capitatum
Lamiaceae
Ulex
europaeus
Fabaceae
Ulex
minor
Fabaceae
Vaccinium
ashei
Ericaceae
Vaccinium
corymbosum
Ericaceae
Vaccinium
darrowii
Ericaceae
In some cases, the subspecies present could be identified.
Xylella fastidiosa
subsp
. multiplex:
Artemisia
sp
., Cistus x incanus, Convolvulus cneorum, Calicotome spinosa, Elaeagnus angustifolia, Erigeron karvinskianus, Euryops pectinatus, Hebe elliptica, Helichrysum
sp
., Helichrysum stoechas, Ilex aquifolium, Medicago arborea, Dimorphotheca ecklonis, Phlomis fruticosa, Pistacia vera, Robinia pseudoacacia, Santolina chamaecyparissus, Strelitzia reginae, Ulex europaeus, Ulex minor, Vaccinium ashei.
Xylella fastidiosa
subsp
. pauca:
Amaranthus retroflexus, Chamaesyce canescens, Erigeron
sp
., Hibiscus fragilis, Hibiscus
sp
., Dimorphotheca fruticosa.
These new host plant records have been transferred to the EPPO Global Database.
Sources
EFSA (2020) Scientific report on the update of the
Xylella
spp. host plant database – systematic literature search up to 30 June 2019.
EFSA Journal
18
(4), 6114, 61 pp.
https://doi.org/10.2903/j.efsa.2020.6114"
XYLEFA,Xylella fastidiosa,2020/090,New and revised dynamic EPPO datasheets are available in the EPPO Global Database,2020-05,https://gd.eppo.int/reporting/article-6768,"EPPO Reporting Service no. 05 - 2020
Num. article:
2020/090
New and revised dynamic EPPO datasheets are available in the EPPO Global Database
The EPPO Secretariat is in the process of revising the EPPO datasheets on pests recommended for regulation. This project is also supported by an EU grant agreement. This revision provides the opportunity to create dynamic datasheets in the EPPO Global Database in which the sections on pest identity, host range and geographical distribution are automatically generated by the database. It is planned that these dynamic datasheets will progressively replace the PDF documents that are currently stored in the database. In May 2020, the following new and revised EPPO datasheets have been published in the EPPO Global Database:
Drosophila suzukii
(new):
https://gd.eppo.int/taxon/DROSSU/datasheet
Xylella fastidiosa
(revised):
https://gd.eppo.int/taxon/XYLEFA/datasheet
Sources
EPPO Secretariat (2020-05)."
XYLEFA,Xylella fastidiosa,2019/242,"Xylella fastidiosa on grapevine in Mallorca, Baleares, ES",2019-11,https://gd.eppo.int/reporting/article-6672,"EPPO Reporting Service no. 11 - 2019
Num. article:
2019/242
Xylella fastidiosa on grapevine in Mallorca, Baleares, ES
In Mallorca (Baleares, Spain), Pierce’s disease of grapevine caused by
Xylella fastidiosa
(EPPO A2 List)
is considered to be established as the bacterium was detected in 17% of the 376 samples of grapevine (
Vitis
vinifera
) tested in all vine-growing areas on the island (8 municipalities). It was
evaluated that on average
7% of surveyed plants were infected and noted that the incidence was highly variable depending on sites (ranging from 0 to 99%). The economic impact on wine production was considered low. Vineyards managed under conventional viticulture had significantly lower levels of infection than organic vineyards. It is considered that weed control and soil tillage in spring may have a large impact on vector populations. In Mallorca, it was also observed that almond leaf scorch disease (caused by
X. fastidiosa
on
Prunus dulcis
) had a much higher incidence (approximately 78% of the 1 million almond trees on the island) and severity.
Inoculation trials were conducted and showed that
X. fastidiosa
could infect, to some degrees,
29 out of the 30 cultivars x rootstock combinations. It should be noted that 132 samples of grapevine collected from the other islands of Baleares (Formentera, Ibiza and Menorca) tested negative for
X. fastidiosa
.
Finally, a multilocus sequence typing analysis revealed that the Pierce’s disease epidemic in Mallorca is caused by the same clonal lineage (ST1) of
X. fastidiosa
subsp
. fastidiosa
affecting vineyards in the USA. The phylogenetic analysis supports the hypothesis that
X. fastidiosa
subsp
. fastidiosa
was originally introduced in Mallorca from California via infected almond scions around 1995 and that the bacterium was later transmitted to grapevine.
Sources
Moralejo E, Borràs D, Gomila M, Montesinos M, Adrover F, Juan A, Nieto A, Olmo D, Seguí G, Landa BB (2019) Insights into the epidemiology of Pierce's disease in vineyards of Mallorca, Spain.
Plant Pathology
68
(8), 1458-1471. DOI:
https://doi.org/10.1111/ppa.13076"
XYLEFA,Xylella fastidiosa,2019/200,New EU Regulations,2019-10,https://gd.eppo.int/reporting/article-6630,"EPPO Reporting Service no. 10 - 2019
Num. article:
2019/200
New EU Regulations
Emergency measures against
Tomato brown rugose fruit virus
The EU Commission has established emergency measures to prevent the introduction into, and the spread within the EU of
Tomato brown rugose fruit virus
(
Tobamovirus,
ToBRFV- EPPO Alert List). This Decision will apply from 1 November 2019 until 31 March 2022 (EU, 2019a).
List of priority pests
The EU recently published a list of 20 priority pests (as defined in Article 6(2) of Regulation (EU) 2016/2031). For these specific pests, EU Member States will have to adopt enhanced provisions: information campaigns to the public if the pests are present in their territory, implement annual surveys, prepare contingency plans, simulation exercises and action plans for eradication. The priority pests are as follows:
Agrilus anxius, Agrilus planipennis, Anastrepha ludens, Anoplophora chinensis, Anoplophora glabripennis, Anthonomus eugenii, Aromia bungii, Bactericera cockerelli, Bactrocera dorsalis, Bactrocera zonata, Bursaphelenchus xylophilus, Candidatus
Liberibacter spp. causal agents of Huanglongbing disease of citrus/citrus greening
, Conotrachelus nenuphar, Dendrolimus sibiricus, Phyllosticta citricarpa, Popillia japonica, Rhagoletis pomonella, Spodoptera frugiperda, Thaumatotibia leucotreta, Xylella fastidiosa
(EU, 2019b).
Other Implementing Regulations
Other Implementing Regulations were published earlier in 2019 and will apply from 14 December 2019:
All plants (including living parts of plants) will need to be accompanied by a phytosanitary certificate to enter into the EU, unless they are listed in Commission Implementing Regulation (EU) 2018/2019.
Commission Implementing Regulation (EU) 2018/2019 establishes the list of high risk plants, the introduction of these plants into the EU territory will be provisionally prohibited from 14 December 2019 until a full risk assessment has been carried out.
Sources
EU (2016) Regulation (EU) 2016/2031 of the European Parliament of the Council of 26 October 2016 on protective measures against pests of plants, amending Regulations (EU) No 228/2013, (EU) No 652/2014 and (EU) No 1143/2014 of the European Parliament and of the Council and repealing Council Directives 69/464/EEC, 74/647/EEC, 93/85/EEC, 98/57/EC, 2000/29/EC, 2006/91/EC and 2007/33/EC.
http://data.europa.eu/eli/reg/2016/2031/oj
EU (2018) Commission Implementing Regulation (EU) 2018/2019 of 18 December 2018 establishing a provisional list of high risk plants, plant products or other objects, within the meaning of Article 42 of Regulation (EU) 2016/2031 and a list of plants for which phytosanitary certificates are not required for introduction into the Union, within the meaning of Article 73 of that Regulation. OJ L 323, 10–15,
http://data.europa.eu/eli/reg_impl/2018/2019/oj
EU (2019a) Commission Implementing Decision (EU) 2019/1615 of 26 September 2019 establishing emergency measures to prevent the introduction into and the spread within the Union of Tomato brown rugose fruit virus (ToBRFV). OJ L 250, 91-94,
http://data.europa.eu/eli/dec_impl/2019/1615/oj
EU (2019b) Commission Delegated Regulation (EU) 2019/1702 of 1 August 2019 supplementing Regulation (EU) 2016/2031 of the European Parliament and of the Council by establishing the list of priority pests. OJ L 260, 8–10,
http://data.europa.eu/eli/reg_del/2019/1702/oj
New EU plant health rules:
https://ec.europa.eu/food/plant/plant_health_biosecurity/legislation/new_eu_rules_en"
XYLEFA,Xylella fastidiosa,2019/187,Xylella fastidiosa detected in two olive trees in France,2019-09,https://gd.eppo.int/reporting/article-6617,"EPPO Reporting Service no. 09 - 2019
Num. article:
2019/187
Xylella fastidiosa detected in two olive trees in France
In France,
Xylella fastidiosa
(EPPO A2 List) was first reported in 2015 (EPPO
RS 2015/144
). It currently occurs in Corse, as well as in 19 municipalities of Alpes-Maritimes and Var (Provence-Alpes-Côte d’Azur region). In September 2019, the French Ministry of Agriculture reported the detection of the bacterium in 2 symptomatic olive (
Olea europaea
) trees grown for ornamental purposes in Antibes and Menton (both in Alpes-Maritime department). It is noted that the municipalities of Antibes and Menton were already located in the delimited area for
X. fastidiosa
, but that it is the first time that the bacterium is detected in olive trees in France. Since 2015, 5100 olive samples have been collected from Provence-Alpes-Côte d’Azur region and tested, but until this finding all results were negative. It is also noted that
X. fastidiosa
subsp
. pauca
was identified in the olive tree from Menton. Both infected olive trees will be destroyed, and surveillance will be intensified within a radius of 5 km of the finding sites.
Sources
INTERNET
Ministère de l’Agriculture et de l’Alimentation. Alim’Agri (2019-09-06) La contamination par
Xylella fastidiosa
de 2 oliviers confirmée en PACA.
https://agriculture.gouv.fr/la-contamination-par-xylella-fastidiosa-de-2-oliviers-confirmee-en-paca"
XYLEFA,Xylella fastidiosa,2019/121,First report of Xylella fastidiosa in Israel,2019-06,https://gd.eppo.int/reporting/article-6551,"EPPO Reporting Service no. 06 - 2019
Num. article:
2019/121
First report of Xylella fastidiosa in Israel
The NPPO of Israel recently informed the EPPO Secretariat of the first record of
Xylella fastidiosa
(EPPO A2 List) on its territory. During a survey carried out in 2017-2018, a few symptomatic almond (
Prunus dulcis
) trees were discovered and subsequently eradicated. More recently, symptomatic almond trees were discovered in 3 adjacent commercial orchards in the Hula Valley (Northeastern part of Israel). Symptomatic leaf samples were collected and tested in the laboratory using molecular techniques (preliminary screening for
X. fastidiosa
by real-time PCR and then conventional PCR identification of subspecies). Results confirmed the presence of
X. fastidiosa
subsp
. fastidiosa
.
The origin of the disease in Israel is unknown. Surveys are ongoing throughout the country to verify the absence of the disease in other areas. So far, almond trees in other parts of Israel have been surveyed and found to be free of
X. fastidiosa
. In the infected area, nurseries were tested and found to be free of the bacterium. Other potential hosts present in the area (
Vitis vinifera
(grapevine),
Olea europaea
(olive),
Nerium oleander,
and
Prunus
spp. other than almonds) were also found to be free from
X. fastidiosa
. All Cicadomorpha (including Cicadellidae) from the infected orchards were collected by both net sweeping and sticky traps. To date, no insects have been found to be infected with the bacterium. Awareness-raising meetings have been carried out with the Israeli almond growers’ board, and nurseries have been informed.
The pest status of
Xylella fastidiosa
in Israel is officially declared as:
Present: in one area only, under containment.
Sources
NPPO of Israel (2019-06)."
XYLEFA,Xylella fastidiosa,2019/094,Recommendations to policy makers from Euphresco projects,2019-05,https://gd.eppo.int/reporting/article-6524,"EPPO Reporting Service no. 05 - 2019
Num. article:
2019/094
Recommendations to policy makers from Euphresco projects
The following research projects have recently been carried out in the framework of Euphresco (network for phytosanitary research coordination and funding – hosted by EPPO). The reports presenting the main objectives and results of these projects, as well as recommendations made to policy makers, can be viewed on the Internet.
Harmonized protocol for monitoring and detection of
Xylella fastidiosa
in its host plants and its vectors
The project was undertaken (i) to strengthen/build the capacity of the laboratories working on the diagnosis of
Xylella fastidiosa
and (ii) to improve the performance (such as reliability and sensitivity) of the diagnostic tests used for the detection and identification of the bacterium in host plants and insect vectors. The outcomes of the project supported the revision of the EPPO Diagnostic Protocol PM 7/24
Xylella fastidiosa
. Although relevant research efforts have been devoted in the last 5 years to improve the diagnostic tools available for
X. fastidiosa
, more research is needed to better estimate the threshold of detectability in asymptomatic hosts as well as to better define the latency period in relation to the numerous host species and the different bacterial strains.
Authors
: Saponari M, Gottsberger R, Maes M, Dimitrova E, Križanac I, Olivier V, Jacques MA, Müller P, Fraser K, Ambrus A, Melika G, Loreti S, Bergsma-Vlami M, Bonants P, Sá Pereira P, Kornev K, Dreo T, Landa B, Matoušková H, D'Onghia AM, Balestra GM, Fatmi M, Kałużna M, Lin H, Krugner R, Cara M.
Duration of the project
: from 2016-09-01 to 2018-08-21.
Report
:
https://zenodo.org/record/2656679#.XNVzj44zbct
Ring test for improved Potato virus Y strain detection
The main aim of the project was to develop and validate a protocol for the detection and identification of
Potato virus Y
(PVY) and its associated strains. During the project, different PVY strain identification tests were considered and data on these tests were shared by project partners in order to select those that allowed identification of a wide range of PVY strains; an interlaboratory comparison was organized and a validated protocol was agreed.
The primers described by Lorenzen
et al
. (2006) with modified and simplified one-step RT-PCR protocol (as described in the project report) are recommended as easy and cost-effective primary tests for PVY population studies. They provide good discrimination of the most common PVY strains. Nevertheless, due to the high variability of PVY, one method alone cannot provide conclusive identification of PVY strains. For a comprehensive and accurate PVY identification, it is recommended to use a combination of several antibodies (especially different N-specific antibodies should be used) and RT-PCR based methods. Another solution might be the sequencing of the full genome.
Authors
: Lasner H, van der Sman P, Järvekülg L, Grausgruber-Gröger S, Renvoisé JP, Tomassoli L, Glais L, Smith L.
Duration of the project
: from 2016-08-01 to 2018-06-30.
Report
:
https://zenodo.org/record/2640991#.XL8gfugzbct
Sources
Euphresco (2019-05).
https://www.euphresco.net/projects/"
XYLEFA,Xylella fastidiosa,2019/051,"Second European conference on Xylella fastidiosa: how research can support solutions (Ajaccio, Corsica, FR, 2019-10-29/30)",2019-03,https://gd.eppo.int/reporting/article-6481,"EPPO Reporting Service no. 03 - 2019
Num. article:
2019/051
Second European conference on Xylella fastidiosa: how research can support solutions (Ajaccio, Corsica, FR, 2019-10-29/30)
The ‘Second European conference on
Xylella fastidiosa
: how research can support solutions’ will take place in Ajaccio (Corsica, FR) from the 29
th
to the 30
th
of October 2019. The conference is being organised jointly by: EFSA, INRA, ANSES, the ‘Office de l’Environnement de la Corse’ and the ‘Conservatoire Botanique National de Corse’, POnTE, XF-ACTORS, CURE-XF, EuroXanth, and Euphresco.
The programme will focus on the most recent results of research on:
Biology and pathogenicity.
Detection and surveillance.
Ecology, epidemiology and modelling.
Insect vectors.
Risk assessment and assessment of impacts (including environmental and socio-economic impact).
Sustainable management strategies.
Deadline for registration and abstract submission is the 14
th
of April 2019.
Website:
https://www.efsa.europa.eu/en/events/event/191029
Contact:
xyella_conference@efsa.europa.eu
Sources
EPPO Secretariat (2019-03)."
XYLEFA,Xylella fastidiosa,2019/018,Update on the situation of Xylella fastidiosa in Spain,2019-01,https://gd.eppo.int/reporting/article-6448,"EPPO Reporting Service no. 01 - 2019
Num. article:
2019/018
Update on the situation of Xylella fastidiosa in Spain
Mainland Spain
In the province of Alicante (Comunidad Valenciana) where
Xylella fastidiosa
(EPPO A2 List) was first found in June 2017 in one plot of almond (
Prunus dulcis
) trees (EPPO
RS 2017/133
), new detections were made within the demarcated area. As of November 2018, 201 new positive cases were detected, and the demarcated area will be enlarged to approximately 100 000 ha (covering 31 municipalities).
During 2018, 12 517 samples were taken in Comunidad Valenciana (7 688 within the demarcated area), 6 065 were negative (4 026 within the demarcated area), 231 were positive and 6 221 are still under test (3 431 within the demarcated area). As of November 2018, 440 infected plants have been detected in Alicante province: 425
Prunus dulcis
from 378 plots, 3
Phagnalon saxatile
, 1
Calicotome spinosa
, 3
Helichrysum italicum
, 5
Polygala myrtifolia
, 1
Prunus armeniaca
, 1
Rhamnus alaternus
and 1
Rosmarinus officinalis
. To date, 283 ha (690 plots) have been treated with insecticide and 431 plots have been destroyed (21 662 almond trees and specified plants present in the underbrush of a nearby forest). During 2018, 2 070 insects have been collected (1 935 tested) in infected plots or their surroundings.
X. fastidiosa
has been confirmed in 10
Neophilaenus
campestris
(out of 1 001 tested) and 36
Philaenus spumarius
(out of 829 tested). Studies on subspecies have identified
X. fastidiosa
subsp
. multiplex
in the following plants:
Helychrysum italicum, Phagnalon saxatile, Polygala myrtifolia, Prunus armeniaca, Prunus dulcis
and
Rosmarinus officinalis
.
In April 2018,
Xylella fastidiosa
subsp
. multiplex
was detected in 1 olive tree (
Olea europaea
cv. Picual) in Villarejo de Salvanés (Communidad de Madrid). An infected area (3.14 ha) and a buffer zone (5 km radius) have been delimited. 345 samples were collected from specified hosts in the infected area and all were negative. Treatments were also applied against insect vectors in April 2018 in the infected area and around it (within 500 m radius). The infected tree and other potential hosts were destroyed, and another treatment was applied against insect vectors. As of December 2018, 1 666 plant samples, as well as 55 insect samples, have been collected from the demarcated area and all test results were negative.
In April 2018,
X. fastidiosa
was detected in 3
Polygala myrtifolia
plants in a nursery (greenhouse with physical protection against vector insects) located in the municipality of El Ejido (Andalucía). Infected plants came from a lot which had been imported from Portugal. Plant material of the affected nursery was destroyed and intensive surveys have been carried out around the infected site within 1 km radius. As of November 2018, all tested samples (1 484 samples) gave negative results.
The pest status of
Xylella fastidiosa
in Spain is officially declared as:
Transient, actionable, under eradication.
Islas Baleares
In Islas Baleares, specific surveys are being conducted on
X. fastidiosa
. As of October 2018, 740 infected plants have been detected: 427 in Mallorca, 194 in Ibiza and 119 in Menorca. In Baleares, the bacterium has been detected in
20 host plant species:
Acacia saligna, Calicotome spinosa, Cistus albidus, Cistus monspeliensis, Ficus carica, Fraxinus angustifolia, Genista lucida, Juglans regia, Lavandula dentata, Nerium oleander, Olea europaea
var
. europaea, Olea europaea
var
. sylvestris, Polygala myrtifolia, Prunus avium, Prunus domestica, Prunus dulcis, Rhamnus alaternus, Rosmarinus officinalis, Teucrium capitatum
and
Vitis vinifera
.
Since December 2017, a containment strategy has been adopted in Islas Baleares.
Sources
NPPO of Spain (2018-10, 2018-11, 2018-12)."
XYLEFA,Xylella fastidiosa,2019/017,First report of Xylella fastidiosa subsp. multiplex in Portugal,2019-01,https://gd.eppo.int/reporting/article-6447,"EPPO Reporting Service no. 01 - 2019
Num. article:
2019/017
First report of Xylella fastidiosa subsp. multiplex in Portugal
In December 2018, during official surveys conducted in Portugal,
Xylella fastidiosa
subsp
. multiplex
(EPPO A2 List) was found in the municipality of Vila Nova de Gaia (near Porto) in a composite and asymptomatic sample of lavender (
Lavandula dentata
) collected in a zoo. Another sample was collected from
Nerium oleander
on the same day from the same location but gave negative results. The infected
L. dendata
plants were approximately 6 years-old and had been produced from a group of 12 mother plants (more than 10-years old) whose origin is unknown. Measures were taken in accordance with EU Decision 2015/789 to eradicate the disease. A demarcated area was established around the infected plants surrounded by a buffer zone of 5 km radius. The infected zone inludes all plants of
L. dentata
known to be infected by
X. fastidiosa
, as well as other potentially infected
L. dentata
plants. A total of 38 samples were taken from the infected lavender bed and from other lavender beds (sharing the same mother plants); all these plants not being more than 100 m from each other. As a result, 33 plants were found to be infected by
X. fastidiosa
subsp
. multiplex
. Two samples of
L. angustifolia
and
Rosmarinus officinalis
located in their vicinity were also tested. Although they gave negative results, these plants were also destroyed. Intensive surveys are continuing to identify potential host plants and collect samples. As of January 2019, 158 plant samples have been collected and are being tested.
The pest status of
Xylella fastidiosa
in Portugal is officially declared as:
Present, only in some parts of the Member State concerned, under eradication.
Sources
NPPO of Portugal (2019-01)."
XYLEFA,Xylella fastidiosa,2019/016,"Xylella fastidiosa subsp. multiplex detected in Toscana region, Italy",2019-01,https://gd.eppo.int/reporting/article-6446,"EPPO Reporting Service no. 01 - 2019
Num. article:
2019/016
Xylella fastidiosa subsp. multiplex detected in Toscana region, Italy
In Italy, during official surveys conducted in November 2018 in Toscana region,
Xylella fastidiosa
subsp
. multiplex
(EPPO A2 List) was found in the municipality of Monte Argentario, a peninsula located in the province of Grosseto. Various ornamental and wild Mediterranean plants gave positive results when tested for the bacterium. Phytosanitary measures were taken in accordance with EU Decision 2015/789 to eradicate the disease. A demarcated area was delimited in December 2018 and intensive surveys are being implemented. As of January 2019, 1120 samples have been collected from the demarcated area, and 72 plants belonging to the following species:
Calicotome spinosa, Calicotome sp., Cercis siliquastrum, Cistis
sp
., Eleagnus angustifolia, Ficus carica, Lavandula
sp
., Prunus dulcis, Rhamnus alaternus, Rosmarinus officinalis, Polygala myrtifolia, Spartium junceum
were found to be infected. In the affected area, both
Philaenus spumarius
and
Neophilaenus campestris
(both Hemiptera: Aphrophoridae) vectors have been found. Leaf scorch symptoms have been observed only in some plants (
Prunus dulcis, Polygala myrtifolia and Spartium junceum
).
The pest status of
Xylella fastidiosa
in Italy is officially declared as:
Present, only in some parts of the Member State concerned.
Sources
NPPO of Italy (2019-01).
INTERNET
Regione Toscana. Servizio Fitosanitario Regionale. Monte Argentario: alcune piante colpite dal batterio ‘
Xylella fastidiosa
’.
http://www.regione.toscana.it/-/monte-argentario-alcune-piante-colpite-dal-batterio-xylella-fastidiosa-"
XYLEFA,Xylella fastidiosa,2019/002,The XF-ACTORS Digital Research Object Portal (DROP) has been launched,2019-01,https://gd.eppo.int/reporting/article-6432,"EPPO Reporting Service no. 01 - 2019
Num. article:
2019/002
The XF-ACTORS Digital Research Object Portal (DROP) has been launched
Within the framework of the EU-funded project XF-ACTORS, a portal called DROP (Digital Research Object Portal) was launched in January 2019. Its aim is to provide a unique entry point to search and access information on
Xylella fastidiosa
. The portal will allow users to retrieve open research data and open access documents that are stored in various information systems. In this portal, each digital object (research data and documents) is described by a set of internationally agreed metadata. Within the next few months, scientists working on
X. fastidiosa
(whether they participate or not in the XF-ACTORS project) will be invited to reference their research data on this portal.
To access XF-DROP:
https://xfactors.eppo.int/
For more information:
Visit the XF-ACTORS website:
https://www.xfactorsproject.eu/the-xf-actors-digital-research-object-portal-launched/
Contact the Euphresco coordinator, Baldisera Giovani:
bg@eppo.int
Sources
EPPO Secretariat (2019-01)."
XYLEFA,Xylella fastidiosa,2018/188,"International Conference - Xylella fastidiosa, an unpredictable threat? Technical and scientific breakthroughs in disease control (Valencia, ES, 2018-12-12/13)",2018-10,https://gd.eppo.int/reporting/article-6382,"EPPO Reporting Service no. 10 - 2018
Num. article:
2018/188
International Conference - Xylella fastidiosa, an unpredictable threat? Technical and scientific breakthroughs in disease control (Valencia, ES, 2018-12-12/13)
Phytoma-España and the Regional Ministry of Agriculture, Environment, Climate Change and Rural Development of the Valencian Community are organizing an international conference on ‘
Xylella fastidiosa
, an unpredictable threat? Technical and scientific breakthroughs in disease control’ in Valencia, Spain on the 12
th
and 13
th
of December 2018. The main objectives of the conference are to share the most recent advances made by researchers from the Americas and Europe about
Xylella fastidiosa
, and to discuss control strategies of the numerous diseases that the bacterium can cause to crops of economic and social importance, such as olive, grapevine, almond and citrus.
Contact:
Helena Baixauli Torremocha
Departamento Editorial Phytoma España, S.L.
C/ San Jacinto, 1 y 3, 46008 Valencia - Spain
Tel.+34.963826511
Website:
https://www.phytoma.com/simposio/objetivo-del-simposio
Preliminary programme (in English):
https://www.phytoma.com/images/simposios/ING_PreProgramme_Xylella_ING_231018.pdf
Registration (a reduced rate is offered until the 19
th
of November):
https://www.phytoma.com/simposio/inscripcion-online
Sources
EPPO Secretariat (2018-10)."
XYLEFA,Xylella fastidiosa,2018/141,Eradication of the isolated infestation of Xylella fastidiosa in Germany,2018-07,https://gd.eppo.int/reporting/article-6335,"EPPO Reporting Service no. 07 - 2018
Num. article:
2018/141
Eradication of the isolated infestation of Xylella fastidiosa in Germany
In Germany, an isolated infestation of
X. fastidiosa
(EPPO A1 List) was detected in July 2016 in a potted plant of
Nerium oleander
showing unusual symptoms. This single plant was in a small glasshouse of a nursery producing young vegetables and ornamental plants in Saxony. Laboratory analysis confirmed the presence of
X. fastidiosa
subsp
. fastidiosa
in this symptomatic oleander plant
(EPPO
RS 2016/133
). Eradication measures were immediately taken.
From July to December 2016, all potential host plants located within a radius of 100 m around the infested zone were destroyed (all EU specified host plants were sampled and tested but
X. fastidiosa
was not detected). In the infested zone, all plants present in the nursery were investigated. As a result, further individual plants (
Rosmarinus, Streptocarpus
hybrid
, Erysimum
hybrid) were found to be infested. As a precautionary measure, all plants in the concerned nursery were destroyed in February 2017. During the 2017 vegetation period (June to September), visual inspections were carried across the whole delimited area (buffer zone of 1 km radius + an outer buffer zone of 10 km radius around the infested area) and 706 plant samples were collected and tested. As a result,
X. fastidiosa
was not detected. In addition, 294 potential insect vectors were caught and tested for the presence of the bacterium, and similarly all results were negative. As no
further detections of the bacterium were made during surveys conducted in the glasshouse concerned and its surroundings, this isolated infestation was officially declared eradicated in March 2018.
The pest status of
Xylella fastidiosa
in Germany is officially declared as:
Absent, pest eradicated.
Sources
NPPO of Germany (2018-03)."
XYLEFA,Xylella fastidiosa,2018/125,Preliminary survey on Xylella fastidiosa in Morocco confirms the absence of the bacterium,2018-06,https://gd.eppo.int/reporting/article-6319,"EPPO Reporting Service no. 06 - 2018
Num. article:
2018/125
Preliminary survey on Xylella fastidiosa in Morocco confirms the absence of the bacterium
Considering the potential risk that
Xylella fastidiosa
(EPPO A2 List) could present to several crops in Morocco, a preliminary survey was conducted in citrus (
Citrus
spp.), grapevine (
Vitis vinifera
) and olive (
Olea europaea
) crops from May to September 2015 in 6 different regions (Azilal, Gharb, Haouz, Loukkos, Meknès, Souss). In total 43 commercial orchards and vineyards were visually inspected and samples were collected. In total, 900 samples were randomly collected as follows: 220 samples from olives trees in Azilal and Meknès regions; 410 from citrus trees in Gharb, Haouz, Loukkos and Souss regions; 270 from grapevine (table and wine grapes) in Gharb, Haouz and Meknès regions. Collected samples were tested (ELISA, PCR) but all gave negative results. It is concluded that this preliminary survey indicates that
X. fastidiosa
does not occur in Morocco. However, frequent and extensive surveys in different Moroccan regions are needed to continue to verify its absence.
Sources
Afechtal M, Ait Friha A, Bibi I (2018) A preliminary survey on the presence of
Xylella fastidiosa
in olive, citrus and grapevine groves in Morocco.
Revue Marocaine des Sciences Agronomiques et Vétérinaires
6
(1), 6-9."
XYLEFA,Xylella fastidiosa,2018/083,Xylella fastidiosa eradicated from Switzerland,2018-04,https://gd.eppo.int/reporting/article-6277,"EPPO Reporting Service no. 04 - 2018
Num. article:
2018/083
Xylella fastidiosa eradicated from Switzerland
In Switzerland,
Xylella fastidiosa
(EPPO A1 List) was detected for the first time in September 2015 in 4 asymptomatic
Coffea
plants (EPPO
RS 2015/181
). These plants were detained under glasshouse conditions in 1 tropical plant centre (canton of Lucerne) and in 1 garden centre (canton of Zürich). All infected
Coffea
plants were
immediately destroyed. As a consequence, no demarcated area was established but an exhaustive botanical inventory was made. Potential host plants of the bacterium were intensively tested, and all results were negative. In addition, traps were installed to monitor potential vectors over a period of 2 years. Altogether, only a few individuals of species belonging to the family Cicadellidae were caught. All specimens were tested by PCR, but none of these insects was found to be positive for
X. fastidiosa
. It was therefore concluded that the bacterium has not been able to establish and spread. As
X. fastidiosa
has not been detected since these isolated findings in 2015, the NPPO of Switzerland concluded that the bacterium has been successfully eradicated from its territory.
The pest status of
Xylella fastidiosa
in Switzerland is officially declared as:
Absent, pest eradicated.
Sources
NPPO of Switzerland (2018-01)."
XYLEFA,Xylella fastidiosa,2018/015,"Xylella fastidiosa found for the first time on pecan (Carya illinoinensis) in Arizona, New Mexico, California and Texas (US)",2018-01,https://gd.eppo.int/reporting/article-6209,"EPPO Reporting Service no. 01 - 2018
Num. article:
2018/015
Xylella fastidiosa found for the first time on pecan (Carya illinoinensis) in Arizona, New Mexico, California and Texas (US)
In the United States, pecan bacterial leaf scorch is a chronic disease associated with
Xylella fastidiosa
(EPPO A2 List) that can weaken pecan (
Carya illinoinensis
) and cause major yield losses in susceptible cultivars. In 2015 and 2016, leaf scorch symptoms were observed in pecan plantings in Arizona, New Mexico, California and Texas. Symptoms included tan to light brown necrotic lesions, which often started on the leaf margin and expanded throughout the leaflet, eventually resulting in abscission. Some leaflets exhibited tip necrosis with the end of the leaflet curling upward. Symptomatic and asymptomatic shoots (3 to 4 per tree) were collected from pecan plantings in Arizona, New Mexico, California, Texas and tested (ELISA, PCRs). This study also included samples collected from the USDA-ARS germplasm collection of pecans and hickories which is located in Texas. As a result, 79 pecan trees from Arizona, New Mexico, California and Texas were found to be infected by
X. fastidiosa
. Although f
urther analysis is required to determine the diversity of
X. fastidiosa
subspecies in pecan,
2 isolates from Texas could be identified as
X. fastidiosa
subsp.
multiplex
.
This is the first time that
X. fastidiosa
is detected in pecan in the Southwestern USA and in the US germplasm collection of
Carya
species. Finally, it is noted that this finding has implications for international distribution of pecan germplasm, as well as pecan nursery and orchard management in the USA.
Sources
Hilton AE, Jo YK, Cervantes K, Stamler RA, Randall JJ, French JM, Heerema RJ, Goldberg NP, Sherman J, Wang X, Grauke LJ (2017) First report of pecan bacterial leaf scorch caused by
Xylella fastidiosa
in pecan (
Carya illinoinensis
) in Arizona, New Mexico, California, and Texas.
Plant Disease
101(11), p 1949."
XYLEFA,Xylella fastidiosa,2017/158,New additions to the EPPO A1 and A2 Lists,2017-09,https://gd.eppo.int/reporting/article-6126,"EPPO Reporting Service no. 09 - 2017
Num. article:
2017/158
New additions to the EPPO A1 and A2 Lists
In September 2017, the EPPO Council approved the addition of the following pests to the EPPO A1 and A2 Lists of pests recommended for regulation as quarantine pests.
Additions to the A1 List (pests absent from the EPPO region):
- Bactrocera latifrons
(Diptera: Tephritidae)
,
- Ceratothripoides brunneus
and
Ceratothripoides claratris
(Thysanoptera: Thripidae)
,
- Prodiplosis longifila
(Diptera: Cecidomyiidae)
,
- ‘Candidatus
Phytoplasma phoenicium' (Bacteria),
- Ralstonia syzygii*
(Bacteria).
Additions to the A2 List (pests locally present in the EPPO region):
- Platynota stultana
(Lepidoptera: Tortricidae),
- Meloidogyne mali
(Nematoda),
- Citrus bark cracking viroid
(
Cocadviroid
)
,
- Ralstonia
pseudosolanacearum*
(Bacteria),
- Thekopsora minima
(Fungi)
,
- Cardiospermum grandiflorum
(Sapindaceae)
,
- Gymnocoronis spilanthoides
(Asteraceae)
,
- Pistia stratiotes
(Araceae)
,
- Salvinia molesta
(Salviniaceae)
.
Transfer from the A1 to the A2 List:
- Xylella fastidiosa
(Bacteria).
______________
*
Modification of pest listing following changes in taxonomy for
Ralstonia solanacearum
.
Sources
EPPO Secretariat (2017-09)."
XYLEFA,Xylella fastidiosa,2017/157,New data on quarantine pests and pests of the EPPO Alert List,2017-09,https://gd.eppo.int/reporting/article-6125,"EPPO Reporting Service no. 09 - 2017
Num. article:
2017/157
New data on quarantine pests and pests of the EPPO Alert List
By searching through the literature, the EPPO Secretariat has extracted the following new data concerning quarantine pests and pests included (or formerly included) on the EPPO Alert List, and indicated in bold the situation of the pest concerned using the terms of ISPM no. 8.
New records
In June 2017,
Aproceros leucopoda
(Hymenoptera: Argidae - zig-zag elm sawfly, formerly EPPO Alert List), was found for the first time in Switzerland, in the canton of Zurich (INTERNET, 2017).
Present: only in some areas (canton of Zurich).
In Spain,
Grapevine Syrah virus 1
(
Marafivirus,
GSyV-1) was detected for the first time in May 2017 in 3 samples of grapevine (
Vitis vinifera
) collected from the municipalities of Capçanes, Bellmunt and Bot (all in the province of Tarragona, Cataluña). The virus was detected and identified by using molecular methods: NGS and conventional PCR (NPPO of Spain, 2017-06). According to Ruiz-García
et al
. (2017), GSyV-1 has been recorded in the Americas (Brazil, Chile, USA), Africa (South Africa) and in the EPPO region (Czech Republic, France, Italy, Hungary, Slovakia, Turkey). It is also noted that GSyV-1 has not been clearly associated with any plant disease.
The pest status of
Grapevine Syrah virus 1
in Spain is officially declared as:
Present, only in some parts of the Member State concerned.
In August 2016,
Macrohomotoma gladiata
(Hemiptera: Homotomidae) was detected for the first time in Montenegro. The pest was found on ornamental
Ficus microcarpa
(potted plants) growing within a hotel complex in the urban area of Budva (Radonjić and Hrnčić, 2017).
Present: few occurrences (few potted plants in a hotel near Budva).
In October 2016,
Macrohomotoma gladiata
(Hemiptera: Homotomidae) was detected for the first time in Malta. The pest was found on
Ficus atrocarpae
trees in the locality of Attard. The extent of the outbreak was severe in the affected area (NPPO of Malta, 2017-05).
The pest status of
Macrohomotoma gladiata
in Malta is officially declared as:
Present, only in some parts of the Member State concerned.
In Albania, a specimen of
Thaumastocoris peregrinus
(Hemiptera: Thaumastocoridae - formerly EPPO Alert List) was observed for the first time in December 2016 in Vlorë (van der Heyden, 2017).
Present: few occurrences (a single specimen found in Vlorë).
Detailed records
In Italy,
Aleurocanthus spiniferus
(Hemiptera: Aleyrodidae – EPPO A2 List) was first found in 2008 in Puglia region (EPPO
RS 2008/092
, 2010/147). In June 2017,
A. spiniferus
was found on 2 citrus plants (
Citrus limon
and
C. reticulata
) in the urban area of Salerno (Campania region). In July 2017, its presence was also confirmed in the municipality of Roma (Lazio region) in 5 sites.
A. spiniferus
was found in public and private gardens on
Citrus, Hedera helix
and
Rosa
(NPPO of Italy, 2017).
The pest status of
Aleurocanthus spiniferus
in Italy is officially declared as:
Present, only in some parts of the Member State concerned.
In Spain, an outbreak of
Tomato spotted wilt virus
(
Tospovirus
, TSWV – EPPO A2 List) was found for the first time in Castilla y Leon in May 2017. TSWV was detected in tomato (
Solanum lycopersicum
) plants in one nursery in the municipality of Valencia de Don Juan, province of León (NPPO of Spain, 2017-07).
The pest status of
Tomato spotted wilt virus
in Spain is officially declared as:
Present, only in some parts of the Member State concerned.
In Romania, an outbreak of
Tomato spotted wilt virus
(
Tospovirus
, TSWV – EPPO A2 List) was found in June 2017. TSWV was detected in a tomato (
Solanum lycopersicum
) field (660 m²) located in the municipality of Oraşu Geoagiu (Hunedoara county). Phytosanitary measures were taken to eradicate the disease (NPPO of Romania, 2017-06
).
The pest status of
Tomato spotted wilt virus
in Romania is officially declared as:
Present, only in some parts of the Member State concerned, under eradication.
In Romania, an outbreak of
Clavibacter michiganensis
subsp
. michiganensis
(EPPO A2 List) was found in June 2017. The bacterium was detected in tomatoes (
Solanum lycopersicum
) grown in a glasshouse (800 m²) located in Bârcea Mare, Hunedoara county. It is suspected that the bacterium has been introduced into this glasshouse via infected tomato seeds whose origin could not be ascertained. Phytosanitary measures were taken to eradicate the disease.
The pest status of
Clavibacter michiganensis
subsp
. michiganensis
in Romania is officially declared as:
Present, only in some parts of the Member State concerned, under eradication.
In Estonia, an outbreak of
Globodera rostochiensis
(EPPO A2 List) was found in June 2017 during an official survey. Live cysts were identified in 5 soil samples which had been collected from a seed potato (
Solanum tuberosum
) production site (2 ha) in the village of Paunküla (Harju county). The identity of the nematode was confirmed by morphological and molecular (PCR) methods. On the infested site, it will be prohibited to grow seed potatoes and only the production of ware potatoes of resistant varieties will be allowed and all equipment used will have to be disinfected. These measures will be applied until 2023 (NPPO of Estonia, 2017).
The pest status of
Globodera rostochiensis
in Estonia is officially declared as:
Present, under eradication.
In Finland, an outbreak of
Globodera rostochiensis
(EPPO A2 List) was reported in February 2017. The nematode was identified in soil samples from a potato (
Solanum tuberosum
) field (1 ha) located in the municipality of Säkylä (Satakunta region). Phytosanitary measures are being implemented to eradicate the pest (NPPO of Finland, 2017).
The pest status of
Globodera rostochiensis
in Finland is officially declared as:
Present, under eradication.
In Luxembourg, an outbreak of
Globodera rostochiensis
(EPPO A2 List) was reported in February 2017. The nematode was identified in soil samples from a potato (
Solanum tuberosum
) field (approximately 10 ha). Phytosanitary measures are being implemented to eradicate the pest (NPPO of Luxembourg, 2017).
The pest status of
Globodera rostochiensis
in Luxembourg is officially declared as:
Present, only in some parts of the Member State concerned.
In Germany,
Thrips setosus
(Thysanoptera: Thripidae – EPPO Alert List) was first found in 2015 on
Hydrangea
plants grown for cut flower production near Hamburg. In 2016, further findings were made in Baden-Württemberg. In 2017, an outbreak was reported on
Hydrangea
pot plants in a greenhouse of a nursery in North Rhine Westphalia. All infested plants and those belonging to the same lot were immediately destroyed. The production site concerned was then surveyed but no further infestation was found.
The pest status of
Thrips setosus
in Germany is officially declared as:
Present, few occurrences, not confirmed by survey, only in some parts of the Member State concerned.
In Romania, an outbreak of
Xanthomonas axonopodis
pv
. vesicatoria
(EPPO A2 List) was found in June 2017. The bacterium was detected in tomatoes (
Solanum lycopersicum
) grown in a glasshouse (400 m²) located in Br
ănişca, Hunedoara county. Phytosanitary measures were
taken to eradicate the disease.
The pest status of
Xanthomonas axonopodis
pv
. vesicatoria
in Romania is officially declared as:
Present, only in some parts of the Member State concerned.
Absence
In March 2017, the NPPO of the Czech Republic had reported a suspected finding of
Xylella
fastidiosa
(at that time EPPO A1 List but recently transferred to A2 List – see EPPO
RS 2017/158
) in a single plant of
Polygala myrtifolia
growing in a private house in the village of Husinec (EPPO
RS 2017/084
). This plant had been imported from Spain. Later, two plants of
Phoenix
canariensis
imported from France were also suspected to be infected. However, confirmation tests were subsequently carried out by the laboratory in Bari (IT) and gave negative results.
Sources
INTERNET
- Waldschutz Aktuell - 2/2017. Zickzack-Ulmenblattwespe erstmals in der Schweiz festgestellt. Swiss Federal Research Institute WSL (2017-08-24).
http://www.wsl.ch/fe/walddynamik/waldschutz/wsinfo/wsaktuell/wsaktuell50d.pdf
NPPO of Estonia (2017-07).
NPPO of Finland (2017-04).
NPPO of Germany (2017-07).
NPPO of Italy (2017-07).
NPPO of Luxembourg (2017-02).
NPPO of Malta (2017-05).
NPPO of Romania (2017-06).
NPPO of Spain (2017-06, 2017-07).
NPPO of the Czech Republic (2017-07).
Radonjić S, Hrnčić S (2017) First record of the alien psyllid
Macrohomotoma gladiata
(Hemiptera Psylloidea Homotomidae) in Montenegro.
Redia
100
, 77-80.
Ruiz-García AB, Sabaté J, Lloria O, Laviña A, Batlle A (2017) First report of Grapevine Syrah virus-1 in grapevine in Spain.
Plant Disease
https://doi.org/10.1094/PDIS-05-17-0700-PDN
Van der Heyden T (2017) The first record of
Thaumastocoris peregrinus
Carpintero & Dellapé, 2006 (Hemiptera: Heteroptera: Thaumastocoridae) for Albania.
Revista gaditana de Entomología
8
(1), 133-135 (via PestLens)."
XYLEFA,Xylella fastidiosa,2017/133,Xylella fastidiosa detected in mainland Spain and update for Baleares,2017-07,https://gd.eppo.int/reporting/article-6101,"EPPO Reporting Service no. 07 - 2017
Num. article:
2017/133
Xylella fastidiosa detected in mainland Spain and update for Baleares
Xylella fastidiosa
(EPPO A1 List) has been detected for the first time from mainland Spain. The presence of the bacterium was confirmed in June 2017 in one plot of almond trees in El Castell de Guadalest, near Alicante (Comunidad Valenciana). This plot of 0.47 ha was comprised of almond trees (
Prunus dulcis
cvs. Marcona and Guara) that were more than 30 years old. The grower had alerted the official services because he had noticed a reduction in almond production. A first analysis (RT-PCR) carried out in December 2016 on an asymptomatic sample had given negative results. Another asymptomatic sample was collected in May 2017 and gave positive results by RT-PCR (but negative by cPCR). This plot was inspected and symptoms resembling those of
X. fastidiosa
were observed on leaves. The identity of the bacterium was then confirmed by other serological and molecular tests. It noted that this almond plot is located in a region where the main crops are fruit trees: 2 800 ha of loquat (
Eriobotrya japonica
), 1 700 ha of olive (
Olea europaea
), 920 ha of citrus, and 393 ha of almond. In this area, insect vectors of
X. fastidiosa
have been monitored by using yellow traps with more than 1 160 trapping points. All tests carried out on caught specimens gave negative results for
X. fastidiosa
. The origin of this outbreak is unknown. Eradication measures (in accordance with EU Implementing Decision 2015/789) were implemented with a demarcated area of 10 km radius around the infected plot and the application of insecticide treatments against vectors of
X. fastidiosa
. It was also prohibited to move plants out of the 7 nurseries and garden centres which are located within this demarcated area.
In Islas Baleares, the NPPO declared in 2017-07-10 that
X. fastidiosa
has been detected in a total of 281 plants (172 in Mallorca, 73 in Ibiza, 36 in Menorca). In Mallorca,
X. fastidiosa
has been detected for the first time in 2 symptomatic
Ficus carica
in the municipalities of Sant Llorenç des Cardassar and Santa Eugenia. Both trees were growing in agricultural areas where weeds were also present.
The pest status of
Xylella fastidiosa
in Spain is officially declared as:
Present, under eradication.
Sources
NPPO of Spain (2017-06)."
XYLEFA,Xylella fastidiosa,2017/129,New data on quarantine pests and pests of the EPPO Alert List,2017-07,https://gd.eppo.int/reporting/article-6097,"EPPO Reporting Service no. 07 - 2017
Num. article:
2017/129
New data on quarantine pests and pests of the EPPO Alert List
By searching through the literature, the EPPO Secretariat has extracted the following new data concerning quarantine pests and pests included (or formerly included) on the EPPO Alert List, and indicated in bold the situation of the pest concerned using the terms of ISPM no. 8.
New records
Cydalima perspectalis
(Lepidoptera: Crambidae – formerly EPPO Alert List) was first found in Crimea in 2015, and in Transcarpathia (near Velyka Dobron, West Ukraine) in 2016 (Nagy
et al
., 2017).
Present, only in some areas.
Scirtothrips dorsalis
(Thysanoptera: Thripidae – EPPO A2 List) has been found in Spain. The presence of the pest has been confirmed in 45 plots in the comarca of Vega Baja (Comunidad Valenciana). Eradication measures have been taken (Anonymous, 2017).
Present: only in some areas (Comunidad Valenciana), under eradication.
Singhiella simplex
(Hemiptera: Aleyrodidae – EPPO Alert List) is reported for the first time from France. This whitefly was identified in 2017 in one lot of
Ficus
plants cultivated in a glasshouse near Paris. In this short note, it is also recalled that
S. simplex
was collected at the end of 2012 from Guadeloupe. As
S. simplex
does not attack
F. carica
(fig tree), its establishment in mainland France seems unlikely. Finally, in the sample collected from
Ficus
plants in mainland France, another whitefly
Parabemisia myricae
(formerly EPPO A2 List) was found in smaller numbers (Germain
et al
., 2017).
Present, only in some areas.
In 2017, the presence of
Sternochetus mangiferae
(Coleoptera: Curculionidae – EPPO A1 List) was reported for the first time from Brazil. Insect specimens were found in mangoes collected from a tree planted in a residential area in the state of Rio de Janeiro (Silva and Ricalde, 2017).
Present, first specimens were found in 1 tree in the state of Rio de Janeiro.
Tetranychus evansi
(Acari: Tetranychidae – EPPO A2 List) is reported for the first time from Turkey. It was collected on black nightshade (
Solanum nigrum
) in the Eastern Mediterranean region (Kazak
et al
., 2017).
Present: only in some areas (Eastern Mediterranean region).
During studies conducted in June/July 2012, ‘
Candidatus
Phytoplasma ulmi’ associated with elm yellows (EPPO A1 List, initially listed as ‘Elm phloem necrosis’, a disease observed in North America) was found to be widespread across elm populations in Croatia, infecting
Ulmus laevis
and
U. minor.
In these studies, more than half of the infected
U. laevis
trees did not express any symptoms at the time of sampling (
Katanić
et al
., 2016).
Present: widespread.
Detailed records
In the USA,
Ditylenchus dipsaci
(EPPO A2 List) is reported for the first time in New Mexico. The nematode was found in samples of garlic (
Allium sativum
) presenting symptoms. Surveys will be conducted in New Mexico to determine the extent of the infestation (French
et al
., 2017).
In France,
Phytophthora ramorum
has been observed for the first time on
Larix kaempferi
(Japanese larch). In May 2017, the pathogen
was detected in Finistère on a
L. kaempferi
stand of approximately 50 years old. Infected trees will be destroyed (Internet, 2017).
In the USA,
Rose rosette virus
(
Emaravirus,
RRV – EPPO Alert List) associated with rose rosette disease is reported for the first time in Minnesota. RRV was detected (RT-PCR) in
Rosa
hybrids (Bratsch
et al
., 2017).
Recent genome-wide analysis of a group of 27 isolates of
Xylella fastidiosa
(EPPO A1 List) have provided evidence that the emergent
Xylella fastidiosa
genotype found in Italy is most closely related to isolates from Central America. These results support the hypothesis of a South American origin of the
X. fastidiosa
subsp
. pauca
strain CodiRO which is currently causing disease in olive trees in Southern Italy (Giampetruzzi
et al
., 2017).
Studies have been carried out to investigate the possible origins of the European
Lecanosticta acicola
(EPPO A2 List) populations. Results strongly suggest that at least two introductions of
L. acicola
have occurred from North America into Europe in the past, most likely as a consequence of human activities and movements of infected plants (
Janoušek
et al
., 2016).
Studies were conducted in Southern Finland from 2011 to 2013 in carrot (
Daucus carota
) fields to determine the frequency and occurrence of
'Candidatus
Liberibacter solanacearum' (the potato haplotypes are listed in the EPPO A1 List). The bacterium was detected in 6 out of 7 regions where the main carrot cultivation areas are located. The highest disease incidence was found in the area where the disease was originally found (Southwestern Finland). In the regions Tavastia Proper and Southwestern Finland, the bacterium was found in 26 out of the 30 randomly studied fields. In approximately a third of these fields, 10% of the plants were symptomatic. In this area, 60% of the collected specimens of the vector
Trioza apicalis
(carrot psyllid) tested positive for the bacterium. The disease incidence was variable in South Ostrobothnia (Western Finland) and low in South Savonia (Eastern Finland). In these studies, only ‘
Ca
. L. solanacearum’ haplotype C was identified (Haapalainen
et al
., 2017).
Eradication
In March 2015,
Ceratitis capitata
(Diptera: Tephritidae – EPPO A2 List) was detected in the Dominican Republic near the international airport of Punta Cana. Eradication measures, including the release of sterile males were taken. In July 2017, the Minister of Agriculture officially declared the eradication of the pest from the Dominican Republic (Internet, 2017).
Host plants
Studies have been conducted in China on potential hosts of
Pseudomonas syringae
pv.
actinidiae
(EPPO A2 List). The bacterium was detected in the following three wild or weed plant species which were growing under or nearby infected plants of kiwifruit (
Actinidia
spp.):
Alternanthera philoxeroides, Paulownia tomentosa
and
Setaria viridis
. Leaves of these plants were showing necrotic spots resembling those caused by
P. syringae
pv.
actinidiae
on kiwifruit (Liu
et al
., 2016).
In China, ‘
Candidatus
Phytoplasma solani’ (EPPO A2 List) was detected in
Salvia miltiorrhiza
fields in the Shaanxi province during studies carried out in 2014/2015. Affected plants showed leaf reddening. In China,
S. miltiorrhiza
is cultivated for medicinal purposes (Yang
et al
., 2016).
During studies carried out on commercially available Apiaceae seeds,
'Candidatus
Liberibacter solanacearum' (the potato haplotypes are listed in EPPO A1 List) was detected in parsley seeds (
Petroselinum crispum
). Both D and E haplotypes were found in parsley seeds. Various cultivars of parsley from different seed sources were tested and all gave positive results, thus suggesting that parsley could be a major host of ‘
Ca
. L. solanacearum’. However, the lack of reported disease problems with parsley also suggests that symptoms are probably not obvious in this plant (Monger and Jeffries, 2016).
Epidemiology
The natural spread of
Dothistroma septosporum
(EU Annexes) has been studied in Southern England (GB) using plant traps. The fungus was considered to be primarily dispersed by rain splash over relatively short distances but this study has shown that it could be dispersed over several hundreds of metres from an inoculum source. A maximum dispersal distance of more than 1400 m (i.e. 1436 m) has been recorded in these studies (Mullet
et al.
, 2016).
Quarantine treatments
Experiments conducted in South Africa have shown that cold treatments at 0.8°C for 20 days and at -0.6°C for 18 days were effective against
Thaumatotibia leucotreta
(Lepidoptera: Tortricidae – EPPO A2 List) in table grapes (
Vitis vinifera
cv. Redglobe). The authors concluded that these cold treatments could be recommended in international trade (Ware & du Toit, 2016).
New pests and taxonomy
Two new moth species,
Thaumetopoea hellenica
sp. n. and
Thaumetopoea mediterranea
sp. n. (Lepidoptera: Notodontidae) have been described from Southern Europe. Adults of these new species were caught in traps which had been placed in 4 urban and recreational places during a research project about
Thaumetopoea
spp. in Southern Europe.
T. hellenica
was found in 2 localities in Greece: Magnessia (Thessaly) and Kifissia, Ktima Syggrou (Athens). During these studies, larvae were observed feeding on
Pinus halepensis
. Adults of
T. mediterranea
were caught in Trapani on the Island of Pantelleria (Italy). Larvae were observed feeding on
Cedrus
spp. Both
T. hellenica
and
T. mediterranea
species are morphologically similar to
T. pityocampa
, although some differences can be observed (e.g. wing patterns, canthus shape, male genitalia). Genetic studies have revealed significant differences between these three taxa (Trematerra
et al.
, 2017).
Sources
B
ratsch D, Zlesak D, Mollov D, Lockhart B (2017) First report of
Rose rosette virus
associated with rose rosette disease in
Rosa hybrida
in Minnesota.
Plant Health Progress.
doi:10.1094/PHP-01-17-0008-BR
French JM, Beacham J, Garcia A, Goldberg NP, Thomas SH, Hanson SF (2017) First report of stem and bulb nematode
Ditylenchus dipsaci
on garlic in New Mexico.
Plant Health Progress
doi:10.1094/PHP-12-16-0069-BR
Germain JF, Lemmet S, Balmès V, Streito JC (2017) Incursion d’un nouvel aleurode nuisible aux ficus en France.
Phytoma
n°705, 9-11.
Giampetruzzi A, Saponari M, Loconsole G, Boscia D, Savino VN, Almeida RPP, Zicca S, Landa BB, Chacon-Diaz C, Saldarelli P (2017) Genome-wide analysis provides evidence on the genetic relatedness of the emergent
Xylella fastidiosa
genotype in Italy to isolates from Central America.
Phytopathology
107
(7), 816-827.
Haapalainen M, Kivimäki P, Latvala S, Rastas M, Hannukkala A, Jauhiainen L, Lemmetty A, Pirhonen M, Virtanen A, Nissinen AI (2017) Frequency and occurrence of the carrot pathogen
'Candidatus
Liberibacter solanacearum' haplotype C in Finland.
Plant Pathology
66
(4), 559-570.
INTERNET
- Ministère de l’Agriculture et de l’alimentation. Alim’agri (2017-07-10) Première observation de
Phytophthora ramorum
sur mélèze en France.
http://agriculture.gouv.fr/premiere-observation-de-phytophthora-ramorum-sur-meleze-en-france
- Ministerio de Agricultura. República Dominicana se declara libre de la mosca del Mediterráneo.
http://www.agricultura.gob.do/index.php/noticias/item/631-republica-dominicana-de-declara-libre-de-la-mosca-del-mediterraneo
Janoušek J, Wingfield MJ, Marmolejo Monsivais JG, Jankovský L, Stauffer C, Konečný A, Barnes I (2016) Genetic analyses suggest separate introductions
of the pine pathogen
Lecanosticta acicola
into Europe.
Phytopathology
106
(11), 1413-1425.
Katanić Z, Krstin L, Ježić M, Zebec M, Ćurković-Perica M (2016) Molecular characterization of elm yellows phytoplasmas in Croatia and their impact on
Ulmus
spp.
Plant Pathology
65
(9), 1430-1440.
Kazak C, Döker I, Karut K (2017) First record of invasive tomato spider mite
Tetranychus evansi
(Acari: Tetranychidae) in Turkey.
International Journal of Acarology
43
(4), 325-328 (abst.).
Liu P, Xue S, He R, Hu J, Wang X, Jia B, Gallipoli L, Mazzaglia A, Balestra GM, Zhu L (2016)
Pseudomonas syringae
pv
. actinidiae
isolated from non-kiwifruit plant species in China.
European Journal of Plant Pathology
145
(4), 743-754.
Monger WA, Jeffries CJ (2016) First report of
'Candidatus
Liberibacter solanacearum' in parsley (
Petroselinum crispum
) seed.
New Disease Reports
34
, 31.
http://dx.doi.org/10.5197/j.2044-0588.2016.034.031
Mullett MS, Tubby KV, Webber JF, Brown AV (2016) A reconsideration of natural dispersal distances of the pine pathogen
Dothistroma septosporum. Plant Pathology
65
(9), 1462-1472.
Nagy A, Szarukan I, Csabai J, Molnar A, Molnar BP, Karpati Z, Szanyi S, Toth M (2017) Distribution of the box tree moth (
Cydalima perspectalis
Walker 1859) in the north-eastern part of the Carpathian Basin with a new Ukrainian record and Hungarian data.
Bulletin OEPP/EPPO Bulletin
47
. DOI: 10.1111/epp.12384
Silva AC, Ricalde MP (2017) First occurrence of
Sternochetus mangiferae
(Fabricius) (Coleoptera: Curculionidae) in Brazil.
Neotropical Entomology
DOI 10.1007/s13744-017-0523-1
Trematerra P, Scalercio S, Colacci M (2017)
Thaumetopoea hellenica
sp. n. and
Thaumetopoea mediterranea
sp. n. new taxa from southern Europe (Lepidoptera Notodontidae Thaumetopoeinae).
Redia
100
, 3-10 (via PestLens).
Ware AB, Du Toit CLN (2016) False codling moth,
Thaumatotibia leucotreta
(Lepidoptera: Tortricidae), cold disinfestation treatment using grapes as the test medium.
Journal of Economic Entomology
109
(5), 2238-2242.
Yang R, Wang G, Wang S, Zhang D, Wei L, Chen H, Li O, Hu X (2015) Molecular identification and diversity of ‘
Candidatus
Phytoplasma solani’ associated with red-leaf disease of
Salvia miltiorrhiza
in China.
Journal of Phytopathology
164
(11/12), 882-889."
XYLEFA,Xylella fastidiosa,2017/103,Xylella taiwanensis sp. nov. causes pear leaf scorch in Taiwan,2017-05,https://gd.eppo.int/reporting/article-6071,"EPPO Reporting Service no. 05 - 2017
Num. article:
2017/103
Xylella taiwanensis sp. nov. causes pear leaf scorch in Taiwan
In 1993, a bacterium causing pear leaf scorch disease in Taiwan was detected on Asian pear (
Pyrus pyrifolia
cv. Hengshan) in Houli, and was identified as a strain of
Xylella fastidiosa
(EPPO
RS 1994/049
, 1996/204, 2007/187). Further molecular and phylogenetic studies have been conducted and have shown that the bacterial strain isolated from
P. pyrifolia
in Taiwan is a new and distinct species which has been tentatively called
Xylella taiwanensis
sp. nov.
Sources
Su CC, Deng WL, Jan FJ, Chang CJ, Huang H, Shih HT, Chen J (2016)
Xylella taiwanensis
sp. nov. cause of pear leaf scorch disease in Taiwan.
International Journal of Systematic and Evolutionary Microbiology
66
(11), 4766-4771."
XYLEFA,Xylella fastidiosa,2017/102,Xylella fastidiosa in Islas Baleares (ES): more details and detection in grapevine,2017-05,https://gd.eppo.int/reporting/article-6070,"EPPO Reporting Service no. 05 - 2017
Num. article:
2017/102
Xylella fastidiosa in Islas Baleares (ES): more details and detection in grapevine
At the end of October 2016,
Xylella fastidiosa
(EPPO A1 List) was found for the first time in Islas Baleares (ES) where containment measures are being taken (EPPO
RS 2016/213
,
RS 2017/083
). Since the first detection of the bacterium in Mallorca, 937 samples have been collected from various plant species and tested. As of 2017-05-09, 219 positive cases have been detected in plants or trees on the archipelago: 139 in Mallorca, 59 in Ibiza and 21 in Menorca. For the first time, the bacterium has been detected in a grapevine plant in Mallorca. The positive sample had been collected in Sant Llorenç des Cardassar in a plot of table grapes grown for self-consumption, and not located in a wine-making production area.
In Mallorca, the presence of
X. fastidiosa
subsp
. fastidiosa
or
X. fastidiosa
subsp
. multiplex
has been confirmed in the following plant species: 53 wild olive trees (
Olea europaea
subsp
. sylvestris
), 46 almond trees (
Prunus dulcis
), 14
Polygala myrtifolia,
10 cultivated olive trees (
O. europaea
), 6 rosemary plants
(
Rosmarinus
officinalis
), 3 cherry trees (
P. avium
), 2 lavender plants (
Lavandula dentata
), 1 plum tree (
P. domestica
), 1 oleander (
Nerium oleander
), 1
Cistus
sp., 1 mimosa (
Acacia saligna
), 1 grapevine plant (
Vitis
sp.).
In Ibiza,
X. fastidiosa
subsp
. pauca
has been confirmed in: 36 cultivated olive trees (
O. europaea
), 15 wild olive trees (
O. europaea
subsp
. sylvestris
) 3 lavender plants (1
L. angustifolia, 2 L. dentata
), 3 oleander plants (
N. oleander
), 1 mimosa (
A. saligna
), and 1
Polygala myrtifolia
.
In Menorca,
X. fastidiosa
subsp
. multiplex
has been confirmed in: 15 wild olive trees (
O. europaea
subsp
. sylvestris
), 3 cultivated olive trees (
O. europaea
), and 3
Polygala myrtifolia
.
The situation of
Xylella fastidiosa
in Spain can be described as follows:
Present, only in Islas Baleares, under official control.
Sources
I
NTERNET
Govern Illes Balears (2017-05-09) Confirmados 219 positivos por
Xylella fastidiosa
en las Illes Balears.
http://www.caib.es/govern/pidip/dadesComunicat.do?lang=es&codi=8982890"
XYLEFA,Xylella fastidiosa,2017/084,Suspected presence of Xylella fastidiosa in a single plant of Polygala myrtifolia imported into the Czech Republic,2017-04,https://gd.eppo.int/reporting/article-6052,"EPPO Reporting Service no. 04 - 2017
Num. article:
2017/084
Suspected presence of Xylella fastidiosa in a single plant of Polygala myrtifolia imported into the Czech Republic
The NPPO of the Czech Republic recently informed the EPPO Secretariat of a suspected detection of
Xylella fastidiosa
(EPPO A1 List) in a single plant of
Polygala myrtifolia
in a private house in the village of Husinec. In February 2017, the NPPO of Spain informed the NPPO of the Czech Republic that 56 plants of
P. myrtifolia
had been bought by a Czech company in May 2016 from 2 nurseries in Andalucia where suspicions of
X. fastidiosa
were being investigated. Results of these investigations concluded that the bacterium was not present in these two nurseries. However, one
P. myrtifolia
plant in poor health condition could be traced forward in the Czech Republic and located in the village of Husinec. The owner of this plant informed the Czech NPPO that it had been kept, after its delivery, inside the house for the rest of the 2016 season, and later moved into a winter garden. The plant was extensively damaged, most probably by frost during its stay in the winter garden, and thus was not eligible for immediate testing. The plant was kept in quarantine conditions in the official laboratory for possible recovery. After more than two weeks, a slight regeneration was observed and samples could be taken from young and old shoots with leaves, and from xylem tissues taken from the base of the plant and roots. Two screening methods based on ELISA and PCR were used and gave positive results for
X. fastidiosa
. One of the positive PCR results has already been confirmed by sequencing (as of 10 March 2017). For other positive samples, sequencing is ongoing. The decision as to whether official phytosanitary measures should be taken is pending the final conclusions of the laboratory analysis.
Sources
NPPO of the Czech Republic (2017-03)."
XYLEFA,Xylella fastidiosa,2017/083,"Updated situation of Xylella fastidiosa in Islas Baleares, Spain",2017-04,https://gd.eppo.int/reporting/article-6051,"EPPO Reporting Service no. 04 - 2017
Num. article:
2017/083
Updated situation of Xylella fastidiosa in Islas Baleares, Spain
At the end of October 2016,
Xylella fastidiosa
(EPPO A1 List) was found for the first time in Islas Baleares (EPPO
RS 2016/213
). The bacterium was detected in samples collected from sweet cherry (
Prunus avium
) in a garden centre on the island of Mallorca. Since then,
X. fastidiosa
has been found in other locations in Mallorca, and other islands of the archipelago (Ibiza, Formentera, and Menorca). On the island of Ibiza, trapping studies have confirmed the presence of the insect vector,
Philaenus spumarius
. In Baleares,
X. fastidiosa
has been found infecting several plant species, including:
Acacia saligna, Lavandula dentata
(lavender)
, Nerium oleander
(oleander),
Olea europaea
and
O. europaea
var.
sylvestris
(cultivated and wild olive),
P. domestica
(plum),
P. dulcis
(almond),
Polygala
myrtifolia
,
Prunus
avium
(cherry),
Rosmarinus
officinalis
(rosemary) and
Westringia
sp
.
The following subspecies have been identified:
X. fastidiosa
subsp
. fastidiosa, X. fastidiosa
subsp
. multiplex
,
X. fastidiosa
subsp.
pauca
(on
A. saligna, L. dentata and P. myrtifolia
). An action plan has been elaborated and official phytosanitary measures are being taken to contain the disease in Islas Baleares.
The situation of
Xylella fastidiosa
in Spain can be described as follows:
Present, only in Islas Baleares, under official control.
Sources
Anonymous (2017) Detectada en Ibiza la subespecie de
Xylella fastidiosa
causante de la muerte de miles de olivos en Italia.
Phytoma España
no. 287, p 2.
INTERNET
Govern Illes Balears.
Brotes de
Xylella fastidiosa
en las Islas Baleares (2017-01-24).
http://www.caib.es/sites/sanitatvegetal/es/brotes/
Legislación en lo referente a
Xylella fastidiosa
.
http://www.caib.es/sites/sanitatvegetal/es/legislacion/
http://www.caib.es/eboibfront/es/2017/10615/590782/resolucion-del-consejero-de-medio-ambiente-agricul
Landa BB, Navas Cortés JA, Montes Borrego M (2017)
Xylella fastidiosa
y la enfermedad de Pierce de la vid: ¿una amenaza para la viticultura española?
Phytoma España
no. 288, 34-37."
XYLEFA,Xylella fastidiosa,2017/074,"European Conference on Xylella fastidiosa: finding answers to a global problem (Palma de Mallorca, ES, 2017-11-13/15)",2017-04,https://gd.eppo.int/reporting/article-6042,"EPPO Reporting Service no. 04 - 2017
Num. article:
2017/074
European Conference on Xylella fastidiosa: finding answers to a global problem (Palma de Mallorca, ES, 2017-11-13/15)
A Conference on ‘
Xylella fastidiosa
: finding answers to a global problem’ will be held in Palma de Mallorca, Spain, from the 13
th
to the 15
th
of November 2017. The conference is being organised jointly by EFSA, the University of the Balearic Islands, the Euphresco network for phytosanitary research coordination and funding, and the EU Horizon 2020 projects POnTE and XF-ACTORS. This Conference will focus on the situation of
X. fastidiosa
in Europe.
The main topics will be the following:
X. fastidiosa
: biology, genetics and taxonomy;
Vectors;
Epidemiology;
Control strategies, disease management and mitigation measures.
The deadline to submit abstracts for presentations or posters is the 31
st
of May.
For more information:
https://www.efsa.europa.eu/en/events/event/171113
Sources
EPPO Secretariat (2017-04)."
XYLEFA,Xylella fastidiosa,2017/073,New factsheet on Xylella fastidiosa published on the IPPC website,2017-04,https://gd.eppo.int/reporting/article-6041,"EPPO Reporting Service no. 04 - 2017
Num. article:
2017/073
New factsheet on Xylella fastidiosa published on the IPPC website
In 2017-04-21, the IPPC Secretariat published a new factsheet on
Xylella fastidiosa
: ‘Facing the threat of
Xylella fastidiosa
together’. It can be freely downloaded from the Internet:
https://www.ippc.int/static/media/uploads/IPPC_factsheet_Xylella_final.pdf
Sources
EPPO Secretariat (2017-04)."
XYLEFA,Xylella fastidiosa,2016/213,First report of Xylella fastidiosa in Spain,2016-11,https://gd.eppo.int/reporting/article-5958,"EPPO Reporting Service no. 11 - 2016
Num. article:
2016/213
First report of Xylella fastidiosa in Spain
In November 2016, the presence of
Xylella fastidiosa
(EPPO A1 List) was confirmed in Islas Baleares (ES). This is the first report of the bacterium in Spain. During official inspections, the bacterium was detected in 3 samples collected from sweet cherry (
Prunus avium
) in a garden centre in Porto Cristo (municipality of Manacor) on the island of Mallorca. Laboratory studies revealed the occurrence of
X. fastidiosa
subsp
. fastidiosa
in these 3 positive samples. In accordance with the EU Implementing Decisions 2015/789 and 2016/764, phytosanitary measures have been taken to eradicate the disease. A focus zone of 100 m radius and a buffer zone of 10 km have been delimited, and phytosanitary measures will be applied to avoid any further spread. In the garden centre, all infected plants and other potential host plants (in total 97 plants belonging to 7 different species) have been burned. It is noted that the delimited zones mainly cover touristic areas and private gardens where the following potential hosts could be found:
Olea europaea, Nerium oleander, Polygala myrtifolia, Rosmarinus officinalis
and
Westringia fruticosa
. In the agricultural part of the delimited zones, the following potential host plants could be found: almond (
Prunus dulcis
), a few vineyards (
Vitis
vinifera
), carob (
Ceratonia
siliqua
) and olive (
Olea
europaea
). Tracing-back studies have showed that the infected cherry plants came from a nursery in Tarragona (Cataluña), but surveys conducted in this nursery did not detect the bacterium.
The pest status of
Xylella fastidiosa
in Spain is officially declared as follows:
Transient, actionable, under eradication.
Sources
NPPO of Spain (2016-11).
Govern Illes Balears (2016-11-10) Localizados tres cerezos afectados por
Xylella fastidiosa
a un centro de jardinería de Mallorca.
http://www.caib.es/govern/pidip/dadesComunicat.do?lang=es&codi=8932920
Primera detecció de
Xylella fastidiosa
a les Illes Balears.
http://www.caib.es/sites/M94/f/217798"
XYLEFA,Xylella fastidiosa,2016/193,Situation of Xylella fastidiosa in France,2016-10,https://gd.eppo.int/reporting/article-5938,"EPPO Reporting Service no. 10 - 2016
Num. article:
2016/193
Situation of Xylella fastidiosa in France
As of 2016-09-29, 302 outbreaks of
Xylella fastidiosa
(EPPO A1 List) have been recorded in France: 287 are located on the island of Corsica and 15 in Southern France (Alpes-Maritimes and Var departments). Since the first detection of the bacterium in July 2015 (EPPO
RS 2015/144
), 8 500 samples from Corsica have been tested and 8% were found to be positive. All positive samples have been collected from ornamental plants, and a majority from
Polygala myrtifolia
(64%). On the mainland, 1 500 samples have been collected and 3% were found to be positive. Similarly, the majority of positive samples have been collected from
P. myrtifolia
but also from
Spartium junceum
and
Lavandula angustifolia
. Additional molecular studies have been conducted by INRA and ANSES on positive samples which had been collected in 2015. Results showed that most isolates belonged to
X. fastidiosa
subsp
. multiplex
with the exception of a single outbreak located in Menton (Alpes-Maritimes) where
X. fastidiosa
subsp
. pauca
was identified. However, further surveys have been carried out in 2016 in Menton, and
X. fastidiosa
subsp
. pauca
could no longer be detected.
Sources
Anonymous (2016) Actus. Xylella fastidiosa.
Phytoma
no. 697, p 4."
XYLEFA,Xylella fastidiosa,2016/192,Xylella fastidiosa does not occur in Turkey,2016-10,https://gd.eppo.int/reporting/article-5937,"EPPO Reporting Service no. 10 - 2016
Num. article:
2016/192
Xylella fastidiosa does not occur in Turkey
The NPPO of Turkey officially announced that
Xylella fastidiosa
(EPPO A1 List) is absent from its territory. The possible presence of the bacterium on almond trees (
Prunus dulcis
) in 7 orchards had been reported in a scientific paper (Güldür
,
2005). Following the publication of this paper, the situation has been extensively investigated by the Turkish NPPO. As a result, the following points were highlighted: 1) the diagnosis made in 2005 was based only on DAS-ELISA and not confirmed by PCR tests; 2) at locations mentioned in the above paper, all suspicious almond trees had been destroyed and in subsequent surveys (visual inspection and testing) the bacterium was not detected; 3) since the publication of this paper, no further detections have been made in Turkey. The NPPO concludes that
X. fastidiosa
should be considered as absent from Turkey.
The situation of
Xylella fastidiosa
in Turkey can be described as follows:
Absent, confirmed by survey.
Sources
Güldür ME, C
̧
ag
̆
lar BK, Castellano MA, Ünlü L, Güran S, Y
ı
lmaz MA, Martelli GP (2005) First report of almond leaf scorch in Turkey.
Journal of Plant Pathology
87
(3), p 246.
NPPO of Turkey (2016-10).
Also available from the IPPC website:
https://www.ippc.int/static/media/files/pestreport/2016/10/06/Turkey_Decleration.pdf"
XYLEFA,Xylella fastidiosa,2016/143,New data on quarantine pests and pests of the EPPO Alert List,2016-08,https://gd.eppo.int/reporting/article-5888,"EPPO Reporting Service no. 08 - 2016
Num. article:
2016/143
New data on quarantine pests and pests of the EPPO Alert List
By searching through the literature, the EPPO Secretariat has extracted the following new data concerning quarantine pests and pests included (or formerly included) on the EPPO Alert List, and indicated in bold the situation of the pest concerned using the terms of ISPM no. 8.
New records
Little cherry virus-1
(
Velarivirus
, LChV-1 – EU Annexes) is reported for the first time from Slovakia. LChV-1 was detected during a survey conducted in cherry (
Prunus avium
) trees growing in orchards, gardens and botanical collections. LChV-1-infected samples came from 3 localities (Bratislava, Ivanka pri Dunaji, Brdarka) and all had been collected from local and old cherry genotypes (more than 20 years old). No symptoms were observed on cherries. It is thought that LChV-1 has probably been present in Slovakia for a long period (Glasa
et al.
, 2015).
Present, first reported in 2015 in 3 localities
.
Pepino mosaic virus
(
Potexvirus
, PepMV – EPPO A2 List) occurs in Morocco. The virus was detected during a survey conducted from October 2015 to April 2016 in 7 different regions. Severe symptoms were observed on a few plants. A total of 315 samples were collected from different tomato cultivars and tested (DAS-ELISA). Results showed that PepMV is widely distributed in Morocco with an average infection rate of 21%. In particular, in the region of Souss Massa, 70% of the tested plants were infected. Representative samples from each region were submitted to additional RT-PCR testing and 40% of the 83 tested samples were infected by PepMV. It is also noted that during this survey the presence of
Tomato torrado virus
(
Torradovirus
– formerly EPPO Alert List) was also detected for the first time in Morocco (Imane, 2016).
Present, widespread.
Detailed records
In Albania, previous surveys on
Plum pox viru
s (
Potyvirus
, PPV – EPPO A2 List) had shown that PPV-M largely prevailed whereas PPV-D and PPV-Rec were less represented. In spring 2011, a new field survey was carried out. A total of 11 PPV isolates were collected from symptomatic plants in 10 orchards located at
Kavajë, Elbasan, Pogradec and Korçë, and tested (ELISA, sequencing). As a result, 5 isolates were found to be PPV-M, 4 were PPV-Rec, 1 was PPV-D and 1 was PPV-T. This is the first time that PPV-T is detected in Albania (Palmisano
et al.
, 2015).
Diagnostics
A multiplex test has been developed to detect and identify simultaneously 26
Phytophthora
(including
P. fragariae, P. rubi, P. lateralis, P. ramorum
and
P. kernoviae
) at species level and 22 other
Phytophthora
at clade or subclade level. (Kostov
et al.
, 2016).
Host plants
Potato yellowing virus
(
Ilarvirus
, PYV – EPPO A1 List) was first found in potato (
Solanum tuberosum
) in Peru in the 1990s, later in wild potato (
Solanum
fernandezianum
) in Chile and more recently in native potato (
Solanum
phureja
) in Ecuador. In December 2014, symptoms of foliar mosaic and necrotic spotting of leaves and stems accompanied by bud and fruit necrosis were observed in pepper (
Capsicum annuum
) fields of Puembo, Pichincha province. Laboratory analysis (DAS-ELISA, RT-PCR, sequencing) confirmed the presence of PYV in diseased capsicum plants (Sivaprasad
et al
., 2015).
In the Salento peninsula (Apulia), Southern Italy, a survey was initiated to verify the health status of a number of ornamental and forestry plants growing in nurseries, public and private gardens which might be exposed to high inoculum pressure of
Xylella fastidiosa
subsp.
pauca
(EPPO A1 List). Samples were collected from 207 conifer species, 208 succulent plant species, and 105 species belonging to Arecaceae, Musaceae and Cycadaceae, and tested (DAS-ELISA, PCR).
None
of the tested plant species was found to be infected by
X. fastidiosa
subsp
. pauca
(Potere
et al
., 2015).
Epidemiology
Recent studies carried out in Iran concluded that wild almond (
Prunus scoparia
) may serve as a natural reservoir for ‘
Candidatus
Phytoplasma phoenicium’ which is associated with almond witches’ broom (EPPO Alert List)
(Salehi
et al
., 2015).
Sources
Glasa M, Benediková D, Predajňa L (2015) First report of
Little cherry virus-1
in Slovakia.
Journal of Plant Pathology
97
(3), p 542.
Imane B (2016) Survey and molecular characterization.
Pepino Mosaic virus
(PepMV) infecting tomato crops in Morocco. Plant Protection News in the Arab countries and Near East.
Arab and Near East Plant Protection Newsletter
68
, p 15.
Kostov K, Verstappen ECP, Bergervoet JHW, de Weerdt M, Schoen CD, Slavov S, Bonants PJM (2016) Multiplex detection and identification of
Phytophthora
spp. using target-specific primer extension and Luminex xTAG technology.
Plant Pathology
65
(6), 1008-1021.
Palmisano F, Minafra A, Myrta A, Boscia D (2015) First report of
Plum pox viru
s strain PPV-T in Albania.
Journal of Plant Pathology
97
(2), p 403.
Potere O, Susca L, Loconsole G, Saponari M, Boscia D, Savino V, Martelli GP (2015) Survey for the presence of
Xylella fastidiosa
subsp
. pauca
(strain CoDiRO) in some forestry and ornamental species in the Salento peninsula.
Journal of Plant Pathology
97
(2), 373-376.
Salehi M, Salehi E, Abbasian M, Izadpanah K (2015) Wild almond (
Prunus scoparia
), a potential source of almond witches’ broom phytoplasma in Iran.
Journal of Plant Pathology
97
(2), 377-381.
Sivaprasad Y, Garrido P, Mendez K, Garrido A. Ramos L (2015) First report of Potato yellowing virus infecting pepper in Ecuador.
Journal of Plant Pathology
97
(suppl.), S75."
XYLEFA,Xylella fastidiosa,2016/135,Studies on insect vectors of Xylella fastidiosa in Taiwan,2016-07,https://gd.eppo.int/reporting/article-5880,"EPPO Reporting Service no. 07 - 2016
Num. article:
2016/135
Studies on insect vectors of Xylella fastidiosa in Taiwan
Since 2002, a survey project has been launched to investigate the occurrence of Pierce’s disease caused by
Xylella fastidiosa
(EPPO A1 List) in Taiwan. It can be recalled that in Taiwan,
X. fastidiosa
was first recorded on Asian pear (
Pyrus pyrifolia
) in the 1990s and more recently on grapevine (see EPPO
RS 1994/049
,
RS 1996/204
,
RS 2007/187
and
RS 2013/118
). Molecular studies have shown that the bacteria isolated from Taiwan and the USA were related, but that the
X. fastidiosa
strains from Taiwan isolated from grape and pear were generally different from each other. According to investigations carried from 2003 to 2012, Pierce’s disease has been diagnosed in a total of 399 vineyards (13 666 grapevine plants), including both table and vine cultivars. Previous studies have suggested that
Kolla paulula
and
Bothrogonia ferruginea
(Hemiptera: Cicadellidae) were candidate insect vectors of
X. fastidiosa
in Taiwan. Recent studies have confirmed that both insect species were vectors of
X. fastidiosa
and could transmit the bacterium from diseased to healthy grapevines. The acquisition rates by
K. paulula
and
B. ferruginea
from infected grapevines (V
itis vinifera x V. labrusca
cv. ‘Golden Muscat’) were approximately 83 and 70%, respectively. The transmission rates from symptomatic grapevines (
Vitis vinifera x V. labrusca
cvs. ‘Golden Muscat’ and ‘Black Queen’) to healthy ones were approximately 55 and 50%, respectively. The life cycles of these insects were also studied. It is noted that both species have a broad host range and are highly mobile. They mainly feed on weeds and move occasionally to grapevine.
K. paulula
might be more effective than
B. ferruginea
as a vector of
X. fastidiosa
, but further studies are needed to confirm their respective role and ability to induce Pierce’s disease epidemics.
Sources
Tuan SJ, Hu FT, Chang HY, Chang PW, Chen YH, Huang TP (2016)
Xylella fastidiosa
transmission and life history of two Cicadellinae sharpshooters,
Kolla paulula
and
Bothrogonia ferruginea
(Hemiptera: Cicadellidae), in Taiwan.
Journal of Economic Entomology
109
(3), 1034-1040."
XYLEFA,Xylella fastidiosa,2016/134,Xylella fastidiosa detected for the first time on olive trees in Brazil,2016-07,https://gd.eppo.int/reporting/article-5879,"EPPO Reporting Service no. 07 - 2016
Num. article:
2016/134
Xylella fastidiosa detected for the first time on olive trees in Brazil
At the end of 2014, symptoms of leaf scorch were observed on olive trees (
Olea europaea
) growing in the Mantiqueira mountain range region, located in the states of Minas Gerais and São Paulo, Brazil. These symptoms resembled those caused by
Xylella fastidiosa
(EPPO A1 List) on olive trees in Southern Italy and Argentina. Diseased trees were found in olive orchards of Maria da Fé (Minas Gerais) and São Bento do Sapucaí (São Paulo) which are approximately 130 km apart. Samples (branches, twigs and leaves) were collected from symptomatic and asymptomatic trees. Laboratory studies (morphology, PCR tests, sequencing, phylogenetic analysis) confirmed the presence of
Xylella fastidiosa
subsp.
pauca
in 8 symptomatic samples (out of 9). This study also revealed some differences between the sequence type of the bacterium found in Brazil (ST16) with the one found in Italy (ST53). Considering the proximity of coffee plantations to olive orchards in the affected areas of the Mantiqueira mountain range region, it is suspected that
X. fastidiosa
subsp.
pauca
has been introduced in olive trees from coffee plants by leafhopper vectors. It is noted that further pathogenicity tests with different strains of
X. fastidiosa
subsp.
pauca
are under way in Brazil, and it is hoped that these will provide more information about the susceptibility of olive trees to a broad spectrum of strains. This is the first time that
X. fastidiosa
is reported on olive trees in Brazil.
Sources
Della Coletta-Filho H, Francisco CS, Lopes JRS, de Oliveira AF, da Silva LF (2016) First report of olive leaf scorch in Brazil, associated with
Xylella fastidiosa
subsp.
pauca
.
Phytopathologia Mediterranea
55
(1), 130-135."
XYLEFA,Xylella fastidiosa,2016/133,First report of Xylella fastidiosa subsp. fastidiosa on Nerium oleander in Germany,2016-07,https://gd.eppo.int/reporting/article-5878,"EPPO Reporting Service no. 07 - 2016
Num. article:
2016/133
First report of Xylella fastidiosa subsp. fastidiosa on Nerium oleander in Germany
The NPPO of Germany recently informed the EPPO Secretariat of the first finding of
Xylella fastidiosa
(EPPO A1 List) on its territory. The bacterium was detected on a single potted plant of
Nerium oleander
in a small nursery producing young vegetable and ornamental plants in Saxony. In one small greenhouse, potted plants belonging to private owners had been stored to overwinter. During an official phytosanitary inspection, 1 potted plant of
N. oleander
showing unusual symptoms was observed. This plant had been brought to the greenhouse for the first time to overwinter, and had been produced by cutting from another plant belonging to a private person at least 4 years before. Samples were collected and tested, initially by the official laboratory of Saxony and then by the JKI laboratory. In July 2016, results confirmed the presence of
Xylella fastidiosa
subsp.
fastidiosa
in the symptomatic plant. Other potential host plants of the greenhouse (including a symptomatic potted olive tree) and plants located within a radius of 100 m around the infected
N. oleande
r were tested (87 samples) but all results were negative. The presence of potential insect vectors of
X. fastidiosa
was investigated using with sweep nets within a radius of 100 m around the infested plant. One adult of
Philaenus spumarius
and 1 adult of
Cercopis vulnerata
were caught. Sampling and investigations are continuing. In accordance with EU Decision 2015/789, eradication measures were immediately taken, including the destruction of 14 potted plants (oleander and olive) from the greenhouse. Demarcated areas are being delimited around the infected site, and it is noted that the buffer zone also includes part of Thuringia.
The pest status of
Xylella fastidiosa
in Germany is officially declared as:
Transient, at one location on a single isolated potted plant, actionable, under eradication.
Sources
NPPO of Germany (2016-07)."
XYLEFA,Xylella fastidiosa,2016/070,New data on quarantine pests and pests of the EPPO Alert List,2016-04,https://gd.eppo.int/reporting/article-5535,"EPPO Reporting Service no. 04 - 2016
Num. article:
2016/070
New data on quarantine pests and pests of the EPPO Alert List
By searching through the literature, the EPPO Secretariat has extracted the following new data concerning quarantine pests and pests included (or formerly included) on the EPPO Alert List, and indicated in bold the situation of the pest concerned using the terms of ISPM no. 8.
New records
Iris yellow spot virus
(
Tospovirus
, IYSV – formerly EPPO Alert List) is reported for the first time from Ecuador. In April 2015, straw-coloured, irregularly shaped, chlorotic or necrotic lesions on leaves were observed in two onion (
Allium cepa
) fields located in the provinces of Pichincha and Tungurahua. Laboratory analysis confirmed the presence of IYSV in symptomatic leaf samples (Sivaprasad
et al
., 2016).
Present, only in some areas.
Pseudomonas syringae
pv
. aesculi
(formerly EPPO Alert List) is reported for the first time from Switzerland. In 2011, bleeding cankers were observed on 42 (out of 300) horse chestnut trees (
Aesculus hippocastanum
) in a public park in Rapperswil-Jona. In 2015, bark samples were collected from 3 symptomatic trees and tested (isolation, PCR, sequencing, pathogenicity tests). Results confirmed the presence of
P. syringae
pv
. aesculi
, together with 2 non-fluorescent
Pseudomonas
species and
Erwinia
billingiae
. However, Koch’s postulates were completed with 2 isolates of
P. syringae
pv
. aesculi
. It is noted that bleeding canker symptoms were moderate and they will be monitored to follow their progression (Meyer
et al
., 2016).
Present, only in some areas.
Detailed records
Little cherry virus 2
(
Ampelovirus
– EU Annexes) was detected on sweet cherry (
Prunus avium
) samples from Shandong province, China (Zong
et al.
, 2015).
Laurel wilt caused by
Raffaelea lauricola
(EPPO Alert List) and its vector
Xyleborus glabratus
(Coleoptera: Curculionidae: Scolytinae) have been found in Louisiana (US) on
Sassafras albidum
. The first symptoms of wilting were observed near Bernice (Union Parish) in September 2014. Further surveys detected the disease in additional sites in Northern Louisiana (Lincoln, Clairborne and Union parishes) on sassafras (Fraedrich
et al
., 2015).
Diagnostics
A polyprobe (poly-3) has been developed for the simultaneous detection by non-radioactive molecular hybridization of three different tomato pathogens:
Clavibacter michiganensis
subsp
. michiganensis
(EPPO A2 List)
, Pepino mosaic virus
(EPPO A2 List)
and
Mexican papita viroid
. It is considered that this technology could be a useful tool in both routine field surveys of tomato crops and production of pathogen-free planting material (Zamora-Macorra
et al
., 2015).
A new LAMP test has been developed for the detection of Grapevine flavescence dorée phytoplasma (EPPO A2 List). The whole procedure of sample preparation and testing has been designed and optimized for on-site detection and can be completed in one hour (Kogovšek
et al.
, 2015).
A new LAMP test has been developed for the rapid detection of
Xanthomonas axonopodis
pv
. dieffenbachiae
(EPPO A2 List) in anthurium (Niu
et al.
, 2015).
A new real-time LAMP test has been developed in Italy for the detection of
Xylella fastidiosa
(EPPO A1 List) in host plants and insect vectors. As the DNA extraction procedure has been simplified, this test can be used in the field and has proven to be simple, rapid and low cost (Yaseen
et al
., 2015).
New host plants
Field surveys were conducted in Michigan and Oregon (US) to study potential wild and ornamental host fruit of
Drosophila suzukii
(Diptera: Drosophilidae – EPPO A2 List). These studies identified new hosts or confirmed previously reported hosts including:
Cornus
sp
., Cotoneaster lacteus, Elaeagnus umbellata, Frangula purshiana, Lindera benzoin, Lonicera caerulea, Mahonia aquifolium, Morus
sp
., Phytolacca americana, Prunus avium, Prunus laurocerasus, Prunus lusitanica, Rubus armeniacus, Rubus spectabilis, Sambucus nigra, Sarcococca confusa, Solanum dulcamara, Symphoricarpos albus
(Lee
et al
., 2015).
Studies conducted in Texas (US) have shown that
Solanum elaeagnifolium
(EPPO List of Invasive Alien Plants) can be a weed host for ‘
Candidatus
Liberibacter solanacearum’ (potato haplotypes are included in EPPO A1 List) and thus act as a reservoir for the pathogen. This underlines the importance of managing
S. elaeagnifolium
growing in the vicinity of potato fields to prevent spread of ‘
Ca
. L. solanacearum’ (Thinakaran
et al.
, 2015).
Epidemiology
Studies have showed that carrot (
Daucus carota
) seeds can transmit ‘
Candidatus
Liberibacter solanacearum’ (potato haplotypes are included in the EPPO A1 List). It is noted that measures to prevent the movement of infected carrot seed lots would be needed (Bertolini
et al.
, 2015).
New pests
In Morocco, a new root-knot nematode has been isolated from soil under wild olive trees (
Olea europaea
subsp
. europaea
var
. sylvestris
) at Cape Spartel (near Tangier). This new species has been called
Meloidogyne spartelensis
n. sp. However, pathogenicity experiments should be carried out to verify whether olive is a host plant of
M. spartelensis
(Ali
et al.
, 2015).
In China, a new root-lesion nematode has been isolated from sugarcane (
Saccharum sinensis
) in Guangxi autonomous region, and called
Pratylenchus parazeae
n. sp. As
P. parazeae
was isolated together with
P. zeae
from the same sugarcane field, further evaluation of its pathogenicity and potential economic damage is needed (Wang
et al.
, 2015).
A new longidorid nematode has been isolated from soil associated with bonsai plants of
Lagerstroemia indica
imported from China into Italy. This new species has been called
Longidorus asiaticus
n. sp. (Trisciuzzi
et al
., 2015).
Sources
Ali N, Tavoillot J, Mateille T, Chapuis E, Besnard G, El Bakkali A, Cantalapiedra-Navarrete C, Liebanas G, Castillo P, Palomares-Rius JE (2015) A new root-knot nematode
Meloidogyne spartelensis
n. sp. (Nematoda : Meloidogynidae) in Northern Morocco.
European Journal of Plant Pathology
143
(1), 25-42.
Bertolini E, Teresani GR, Loiseau M, Tanaka FAO, Barbé, Martinez C, Gentit P, López MM, Cambra M (2015) Transmission of ‘
Candidatus
Liberibacter solanacearum’ in carrot seeds.
Plant Pathology
64
(2), 276-285.
Fraedrich SW, Johnson JW, Menard RD, Harrington TC, Olatinwo R, Best GS (2015) First report of
Xyleborus glabratus
(Coleoptera: Curculionidae: Scolytinae) and laurel wilt in Louisiana, USA: the disease continues westward on sassafras.
Florida Entomologist
98
(4), 1266-1268.
Kogovšek P, Hodgetts J, Hall J, Prezelj N, Niko
lić P, Mehle N, Lenarčič R, Rotter A, Di
ckinson M, Boonham N, Dermastia M, Ravnikar M (2015) LAMP assay and rapid sample preparation method for on-site detection of flavescence dorée phytoplasma in grapevine.
Plant Pathology
64
(2), 286-296.
Lee JC, Dreves AJ, Cave AM, Kawai S, Isaacs R, Miller JC., van Timmeren S, Bruck DJ (2015) Infestation of wild and ornamental noncrop fruits by
Drosophila
suzukii
(Diptera: Drosophilidae).
Annals of the Entomological Society of America
108
(2), 117-129.
Meyer JB, Brunner M, Rigling D (2016) First report of
Pseudomonas syringae
pv
. aesculi
on horse chestnut in Switzerland.
New Disease Reports
33
, 19.
http://dx.doi.org/10.5197/j.2044-0588.2016.033.019
Niu JH, Gao YR, Yin JM, Leng QY, Yang GS, Wang C, Ren Y (2015) Development and evaluation of a loop-mediated isothermal amplification assay for rapid detection of bacterial blight pathogen (
Xanthomonas axonopodis
pv.
dieffenbachiae
) in anthurium.
European
Journal
of
Plant
Pathology
142
(4), 801-813.
Sivaprasad Y, Garrido P, Mendez K, Garrido A, Ramos L (2016) First report of
Iris yellow spot virus
infecting onion in the Pichincha and Tungurahua provinces of Ecuador.
New Disease Reports
33
, 16.
http://dx.doi.org/10.5197/j.2044-0588.2016.033.016
Thinakaran J, Pierson E, Kunta M, Munyaneza JE, Rush CM, Henne DC (2015) Silverleaf nightshade (
Solanum elaeagnifolium
), a reservoir host for ‘
Candidatus
Liberibacter solanacearum’, the putative causal agent of zebra chip disease of potato.
Phytopathology
99
(7), 910-915.
Trisciuzzi N, Archidona-Yuste A, Troccoli A, Fanelli E, De Luca F, Vovlas N, Castillo P (2015) Description of a new needle nematode,
Longidorus asiaticus
n. sp. (Nematoda: Longidoridae), from the rhizosphere of crape myrtle (
Lagerstroemia indica
) bonsai trees imported into Italy from China.
European Journal of Plant Pathology
143
(3), 567-580.
Wang H, Zhuo K, ye W, Liao J (2015) Morphological and molecular characterisation of
Pratylenchus parazeae
n. sp. (Nematoda: Pratylenchidae) parasitizing sugarcane in China.
European Journal of Plant Pathology
143
(1), 173-191.
Yaseen T, Drago S, Valentini F, Elbeaino T, Stampone G, Digiaro M, D’Onghia AM (2015) On-site detection of
Xylella fastidiosa
in host plants and in “spy insects” using the real-time loop-mediated isothermal amplification method.
Phytopathologia Mediterranea
54
(3), 488−496.
Zamora-Macorra EJ, Ochoa-Martínez DL, Valdovinos-Ponce G, Rojas-Martínez R, Ramírez-Rojas S, Sánchez-Navarro JA, Pallás V, Aparicio F (2015) Simultaneous detection of
Clavibacter michiganensis
subsp
. michiganensis, Pepino mosaic virus
and
Mexican papita viroid
by non-radioactive molecular hybridization using a unique polyprobe.
European Journal of Plant Pathology
143
(4), 779-787.
Zong X, Wang W, Wei H, Wang J, Yan X, Hammond RW, Liu Q (2015) Incidence of sweet cherry viruses in Shandong province, China and a case study on multiple infection with five viruses.
Journal of Plant Pathology
97
(1), 61-68."
XYLEFA,Xylella fastidiosa,2016/037,Xylella fastidiosa does not occur in Lebanon,2016-02,https://gd.eppo.int/reporting/article-5205,"EPPO Reporting Service no. 02 - 2016
Num. article:
2016/037
Xylella fastidiosa does not occur in Lebanon
In 2015, a paper suggesting the presence of
Xylella fastidiosa
(EPPO A1 List) in Lebanon was published (Temsah, 2015). The bacterium was detected on oleander (
Nerium oleander
) showing leaf scorch, chlorosis and stunting symptoms in the campus of the American University of Beirut. The presence of the bacterium was confirmed by ELISA and by
in situ
observations made with a scanning electron microscope. However, no isolation and culturing on appropriate growing media were done at that time. Considering the potential risk presented by
X. fastidiosa
on agricultural and landscaping plants in Lebanon, an extensive survey was conducted across the country, covering olive growing areas, nurseries, ornamental plants and other potential hosts (e.g.
Acacia saligna, Coffea arabica, Myrtus communis, Olea europaea, Polygala myrtifolia, Spartium junceum, Prunus spp., Vitis
spp
., Westringia fructicosa
). In the main olive growing areas, the survey was initiated in May 2014. Samples were collected during three vegetative seasons from a total of 82 olive trees (covering 24 groves). In addition, 30 grapevine plants with symptoms resembling those of Pierce’s disease were collected during autumn 2014. Following the initial finding on
N. oleander
, twig samples were collected from oleanders (32 trees) at the American University campus to confirm the earlier ELISA results by molecular, serological and isolation methods. In spring 2015, samples were also taken from nurseries which had imported ornamentals and olive seedlings from Italy in 2014-2015. Several methods were used (ELISA and DTBIA with specific antibodies, PCR with three specific sets of primers, isolation on four growing media) but all results were negative for
X. fastidiosa
, including those for the samples from oleander. It is suggested that the ELISA-positive samples initially obtained were false-positive. It is noted that the presence of leaf scorch symptoms which were frequently observed during the survey may have multiple origins, abiotic or biotic (e.g. drought, salty winds, nutrient deficiency/toxicity, frost damage, fungal pathogens). On the basis of the survey results, it is concluded that
X. fastidiosa
does not occur in Lebanon.
Sources
Habib W, nigro F, Gerges E, Jreijiri F, Al Masri Y, El Riachy M, Choueiri E (2016)
Xylella fastidiosa
does not occur in Lebanon.
Journal of Phytopathology
(in press).
Temsah M, Hanna I, Saad A (2015) First report of
Xylella fastidiosa
associated with oleander leaf scorch in Lebanon.
Journal of Crop Protection
4
, 131-137."
XYLEFA,Xylella fastidiosa,2016/027,"International Workshop on Xylella fastidiosa and the Olive Quick Decline Syndrome (OQDS) (Bari, IT, 2016-04-19/22)",2016-02,https://gd.eppo.int/reporting/article-5195,"EPPO Reporting Service no. 02 - 2016
Num. article:
2016/027
International Workshop on Xylella fastidiosa and the Olive Quick Decline Syndrome (OQDS) (Bari, IT, 2016-04-19/22)
An International Workshop on
Xylella fastidiosa
and the Olive Quick Decline Syndrome (OQDS) will be organized from the 19
th
to the 22
nd
of April 2016 in Bari, Italy, by the Food and Agriculture Organization (FAO), the International Plant Protection Convention (IPPC) as well as the Near-East Plant Protection Organization (NEPPO), the European and Mediterranean Plant Protection Organization (EPPO), the International Centre for Advanced Mediterranean Agronomic Studies (CIHEAM) Mediterranean Agronomic Institute of Bari (MAIB) and the CIHEAM-IAM Bari and Consiglio Nazionale Delle Ricerche (CNR). The objectives of this Workshop are to share updated information on the disease and train NPPOs on the pathogen and its vectors, surveillance, diagnostic and control methods. This Workshop will include the following five sessions, a field trip and demonstrations of diagnostic assays.
Session 1
:
Opening; general presentations on the pathogen and relative vectors and disease impact; the Apulian outbreak; the state of the research.
Session 2
:
PRAs and existing projects (EUPHRESCO, FAO, etc.).
Session 3
:
Legal aspects, presentation of the EC legislation, presentation of other countries legislations and implications for trade.
Session 4
:
Surveillance and control methods.
Session 5
:
Communication aspects on
Xylella fastidiosa
and the Olive quick decline syndrome (OQDS), as well as on pests in general.
Pre-registration
is open until the 31
st
of March (no registration fees):
https://ippc.wufoo.com/forms/international-workshop-on-xylella-fastidiosa/
Call for abstracts
is open until the 15
th
of March:
https://ippc.wufoo.com/forms/call-for-abstract-xylella-fastidiosa-workshop/
Sources
EPPO Secretariat (2016-01)."
XYLEFA,Xylella fastidiosa,2016/026,Harmful organisms in the European Union: Annual report 2014,2016-02,https://gd.eppo.int/reporting/article-5194,"EPPO Reporting Service no. 02 - 2016
Num. article:
2016/026
Harmful organisms in the European Union: Annual report 2014
The European Commission has recently published an annual report on pest outbreaks which were notified by the EU Member States during 2014. This report contains useful statistics about the distribution of the pests within taxonomic groups, possible sources of outbreaks, and phytosanitary measures taken. The report focuses on significant outbreaks of regulated pests notified in 2014 (i.e.
Anoplophora chinensis, A. glabripennis, Popillia japonica, Strauzia longipennis, Trioza erytreae,
and
Xylella fastidiosa
). Information about outbreaks of non-regulated pests which were found for the first time on the EU territory in 2014 (i.e.
Erwinia pyrifoliae, Geosmithia morbida and Pityophthorus juglandis, Lissorhoptrus oryzophilus, Meloidogyne mali, Pseudacysta perseae, Sirococcus tsugae, Thaumastocoris peregrinus, Thrips setosus
and
Xylosandrus crassiusculus
) is also provided.
This report is freely available from the European Commission website:
http://ec.europa.eu/food/plant/docs/phb_ho_annual_report_2014_en.pdf
Sources
EPPO Secretariat (2016-01)."
XYLEFA,Xylella fastidiosa,2015/181,Xylella fastidiosa detected in Coffea spp. plants imported into Switzerland,2015-10,https://gd.eppo.int/reporting/article-5128,"EPPO Reporting Service no. 10 - 2015
Num. article:
2015/181
Xylella fastidiosa detected in Coffea spp. plants imported into Switzerland
Following the detection of
Xylella fastidiosa
(EPPO A1 List) by the Dutch NPPO in imported
Coffea
plants, tracing-forward studies were conducted in Switzerland on re-exported lots. In September 2015, the presence of
X. fastidiosa
was confirmed in 4
Coffea
plants (asymptomatic), first by a Swiss laboratory and then by the reference laboratory of an EU country:
1 coffee plant in a tropical plant centre in Wolhusen (canton of Lucerne) was found to be infected by
X. fastidiosa
subsp
. sandyi
.
3 coffee plants in a garden centre in Dürnten (canton of Zürich).
X. fastidiosa
subsp
. sandyi
was identified in one of these plants which had been delivered by the same Dutch reseller as in the case of Wolhusen.
X. fastidiosa
subsp
. pauca
was identified in the two other plants which had been delivered by another Dutch reseller.
In the canton of Lucerne, the infected plant was a solitary coffee plant held in the reception hall next to the exhibition glasshouse. All potential host plants of
X. fastidiosa
(as specified by the EU Decision 2015/789) grown in the exhibition glasshouse (mainly
Coffea
spp. and
Citrus hystrix
) were sampled.
Coffea
spp. and potential host plants were also sampled in a second glasshouse, situated 50 m away from the first one and used to grow exotic fruit and vegetables, aromatic and coffee plants to be sold to visitors,. Although some false positive results were obtained at some point of the analysis, final results confirmed that only the solitary coffee plant in the reception hall was infected.
In the canton of Zürich, the 3 infected
Coffea
spp. plants (1 large and 2 smaller ones) were held in the same compartment of a glasshouse dedicated to indoor plants. A botanical inventory of the whole glasshouse was carried out to identify other potential host plants (as specified by EU Decision 2015/789). Samples were taken from these potential host plants (e.g.
Olea europaea
and
Nerium oleander
) and tested. All results were negative.
On both sites, the NPPO considers that the situation is closer to an interception than to an outbreak. All infected
Coffea
spp. plants have been destroyed and investigations have shown that the bacterium has not been able to spread to other plants. The movement of all potential host plants has been prohibited and surveys will be conducted in 2016 in the outdoor parts of the premises concerned.
The pest status of
Xylella fastidiosa
in Switzerland is officially declared as:
Transient, actionable, under eradication.
Sources
NPPO of Switzerland (2015-10).
EU Commission Implementing Decision 2015/789 of 18 May 2015 as regards measures to prevent the introduction into and the spread within the Union of
Xylella fastidiosa
(Wells
et al
.).
http://eur-lex.europa.eu/legal-content/EN/TXT/PDF/?uri=CELEX"
XYLEFA,Xylella fastidiosa,2015/180,"Xylella fastidiosa detected in Alpes-Maritimes, mainland France",2015-10,https://gd.eppo.int/reporting/article-5127,"EPPO Reporting Service no. 10 - 2015
Num. article:
2015/180
Xylella fastidiosa detected in Alpes-Maritimes, mainland France
In France,
Xylella fastidiosa
(EPPO A1 List) was first found in July 2015 on the island of Corsica, mainly on
Polygala myrtifolia
(EPPO
RS 2015/144
and 2015/161). Since this initial record, new information has been published on the Internet by the official authorities and a map showing infected areas (174 foci as of 2015-10-30, and their buffer zones of 10 km radius) can be viewed on the Internet [
Link
].
In October 2015,
X. fastidiosa
was detected for the first time in Alpes-Maritimes department (Southern France). A first case (
X. fastidiosa
subsp
. multiplex
, same subspecies as in Corsica) was detected in the municipality of Nice on a
P. myrtifolia
plant, and then in 5 other plants located nearby. Soon after, another focus was found in the municipality of Mandelieu La Napoule, also located in the Alpes-Maritimes department. The bacterium was detected in one
P. myrtifolia
planted in public green. A map showing the infected areas and buffer zones (10 km radius) can be view on the Internet [
Link
].
Eradication measures are being applied in all infected areas.
Sources
INTERNET
Département des Alpes-Maritimes.
Xylella fastidiosa.
https://www.departement06.fr/lutte-contre-les-especes-envahissantes/xylella-fastidiosa-9051.html
Ministère de l’Agriculture, de l’Agroalimentaire et de la forêt. Communiqué de presse (2015-10-13)
Xylella fastidiosa
: confirmation d’un cas dans les Alpes-Maritimes.
http://agriculture.gouv.fr/xylella-fastidiosa-un-cas-dans-les-alpes-maritimes"
XYLEFA,Xylella fastidiosa,2015/161,Update on the situation of Xylella fastidiosa in Corsica (FR),2015-09,https://gd.eppo.int/reporting/article-5107,"EPPO Reporting Service no. 09 - 2015
Num. article:
2015/161
Update on the situation of Xylella fastidiosa in Corsica (FR)
In France,
Xylella fastidiosa
(EPPO A1 List) was first found in the municipality of Propriano (Corse-du-Sud department) on
Polygala myrtifolia
in July 2015 (EPPO
RS 2015/144
). Since this initial record, new information has been published on the Internet by the official authorities and INRA. Eradication measures and intensive surveys are continuing in Corsica.
* Subspecies of
X. fastidiosa
found in Corsica (FR) and Puglia (IT) are different
It has now been confirmed that the subspecies of
X. fastidiosa
which occurs in Corsica on
Polygala myrtifolia
differs from the one found on olive (
Olea europaea
) in Puglia. In Corsica,
X. fastidiosa
subsp
. multiplex
has been identified, whereas in Puglia it is
X. fastidiosa
subsp
. pauca
. A map on the INRA website summarizes the world distribution of the different
X. fastidiosa
subspecies that are currently known:
http://www.inra.fr/Grand-public/Sante-des-plantes/Tous-les-dossiers/Xylella-fastidiosa-identifiee-en-Corse/Fiche-d-identite
* X. fastidiosa
has been found in other locations in Corsica (FR)
As a result of intensive surveys carried out in Corsica, new foci of
X. fastidiosa
have been detected, mainly in Corse-du-Sud, but also in Haute-Corse. As of 2015-09-24, more than 90 foci have been detected. A map showing demarcated areas (infected areas and buffer zones) can be viewed on the official website of the Préfecture of Corse-du-Sud:
http://www.corse-du-sud.gouv.fr/IMG/pdf/Cartographie_94foyers_Xylella_Corse_24septembre2015.pdf
In almost all cases,
X. fastidiosa
was detected in
Polygala myrtifolia
. However, the bacterium has been found in 5
Spartium junceum
plants near Ajaccio.
Sources
INTERNET
Chauvel G, Cruaud A, Legendre B, Germain JF, Rasplus JY (2015) Mission d’expertise sur
Xylella fastidiosa
en Corse. Rapport définitif (2015-08-31), 139 pp.
http://agriculture.gouv.fr/sites/minagri/files/20150908_rapport_mission_corse_xylella_31082015b.pdf
INRA.
Xylella fastidiosa
, la recherche mobilisée.
http://www.inra.fr/Grand-public/Sante-des-plantes/Tous-les-dossiers/Xylella-fastidiosa-identifiee-en-Corse
Les services de l’Etat en Corse du Sud.
http://www.corse-du-sud.gouv.fr/xylella-fastidiosa-une-menace-qui-demande-une-a1409.html"
XYLEFA,Xylella fastidiosa,2015/145,Publication of the EU measures against Xylella fastidiosa,2015-08,https://gd.eppo.int/reporting/article-4943,"EPPO Reporting Service no. 08 - 2015
Num. article:
2015/145
Publication of the EU measures against Xylella fastidiosa
Following the recent outbreak of
Xylella fastidiosa
(EPPO A1 List) in Italy (EPPO
RS 2013/184
), specific phytosanitary measures have been published by the European Union to prevent the introduction and spread of the bacterium in the EU territory. EU member states will have to conduct annual surveys to verify the presence or absence of
X. fastidiosa.
The detailed and specific measures which should be taken in infected areas, as well as in the case of new outbreaks, are specified. Restrictions on the movements of known host plants of
X. fastidiosa
(listed in an Annex) within the EU are also provided. The introduction of plants for planting, other than seeds, of
Coffea
originating from Costa Rica and Honduras, is prohibited, and restrictions on the introduction of listed host plants from third countries are specified. The full text of the EU Decision can be downloaded from the Internet:
Commission Implementing Decision (EU) 2015/789 of 18 May 2015 as regards measures to prevent the introduction into and the spread within the Union of
Xylella fastidiosa
(Wells
et al
.) (notified under document C(2015) 3415).
http://eur-lex.europa.eu/legal-content/EN/TXT/PDF/?uri=CELEX:32015D0789&from=EN
Sources
EPPO Secretariat (2015-07)."
XYLEFA,Xylella fastidiosa,2015/144,First report of Xylella fastidiosa in France,2015-08,https://gd.eppo.int/reporting/article-4942,"EPPO Reporting Service no. 08 - 2015
Num. article:
2015/144
First report of Xylella fastidiosa in France
The NPPO of France recently informed the EPPO Secretariat of the first record of
Xylella fastidiosa
(EPPO A1 List) on its territory. During an official visual inspection, carried out in the framework of the surveillance programme against
X. fastidiosa
, a hedge of 31 desiccated plants of
Polygala myrtifolia
was observed on 2015-07-20, on the island of Corsica. This hedge was located along a wall, near a parking lot, in a commercial area of the municipality of Propriano (Corse du Sud department). Samples were collected and tested (real-time PCR, IF) by the ANSESreference laboratory. The identity of the bacterium was confirmed on 2015-07-22 and serological tests revealed a high concentration of the bacterium in tested plant tissues. The isolation of the bacterium on growing medium is under way and results will probably be obtained within 3 to 4 weeks. It is suspected that infected
P. myrtifolia
plants had been imported from another EU member state, but a study is being carried out to confirm this. All infected
P. myrtifolia
plants were destroyed by burning on 2015-07-23.
In accordance with a contingency plan, official phytosanitary measures were immediately taken to eradicate the disease (e.g. insecticide treatments, plant destruction). An infected area with a radius of 100 m around infected plants has been demarcated, as well as a buffer zone with a 10 km radius. Further studies are being made to determine the extent of the infected area. All known host plants of
X. fastidiosa
located in the infected area, as well as any plant showing suspicious symptoms, are being destroyed. In the infected area, the following host plants were present:
Rosmarinus officinalis, Westringia, Polygala myrtifolia
and
Olea europaea
(as explained above, only
P. myrtifolia
plants were found to be infected). On 2015-07-22, insects were collected by aspiration and specimens are being identified by the entomology laboratory of Anses. Finally, an information campaign has been launched, in particular to warn passengers that they should not bring plants into Corsica.
The pest status of
Xylella fastidiosa
in France is officially declared as:
Corsica: Transient, actionable, under eradication.
Mainland: Absent, intercepted only.
Sources
NPPO of France (2015-07).
INTERNET
Avis aux voyageurs pour la Corse
http://www.gouvernement.fr/partage/4876-corse-avis-aux-voyageurs-transportant-des-vegetaux
Arrêté du 24 juillet 2015 définissant une zone délimitée vis-à-vis de
Xylella fastidiosa
et les mesures de lutte applicables
http://www.corse-du-sud.gouv.fr/IMG/pdf/Arrete_24_juillet_-_XF.pdf"
XYLEFA,Xylella fastidiosa,2014/205,Citrus variegated chlorosis (Xylella fastidiosa) is not transmitted by citrus seeds,2014-11,https://gd.eppo.int/reporting/article-3298,"EPPO Reporting Service no. 11 - 2014
Num. article:
2014/205
Citrus variegated chlorosis (Xylella fastidiosa) is not transmitted by citrus seeds
In Brazil, experiments have been conducted over a period of 7 years to evaluate the possible seed-to-seedling transmission of
Xylella fastidiosa
(EPPO A1 List) in sweet orange (
Citrus sinensis
). On this host, the bacterium causes a disease known as citrus variegated chlorosis. The bacterium was found colonizing the fruit (exocarp, central axis and mesocarp) and seed parts (seed coat, endosperm and embryo). However,
X. fastidiosa
was never detected (PCR) in seedlings grown from infected seeds. The authors concluded that these results indicate that
X. fastidiosa
is not transmitted from seeds to seedlings (Della Colletta-Filho
et al
., 2014). Another seed transmission study, also carried out in Brazil on sweet oranges and lemons (
C. sinensis
and
C. limon
), came to the same conclusion (Cordeiro
et al
., 2014).
Sources
Cordeiro AB, Sugahara VH, Stein B, Leite Junior RP (2014) Evaluation by PCR of
Xylella fastidiosa
subsp.
pauca
transmission through citrus seeds with special emphasis on lemons (
Citrus limon
(L.) Burm. F).
Crop Protection
62
, 86-92.
Della Coletta-Filho H, Alves Carvalho S, Carvalho Silva LF; Machado MA (2014) Seven years of negative detection results confirm that
Xylella fastidiosa
, the causal agent of CVC, is not transmitted from seeds to seedlings.
European Journal of Plant Pathology
139
(3), 593-596."
XYLEFA,Xylella fastidiosa,2014/204,"Studies on the transmission of Xylella fastidiosa by Philaenus spumarius in Puglia, Italy",2014-11,https://gd.eppo.int/reporting/article-3297,"EPPO Reporting Service no. 11 - 2014
Num. article:
2014/204
Studies on the transmission of Xylella fastidiosa by Philaenus spumarius in Puglia, Italy
The detection of
Xylella fastidiosa
in October 2013 in olive trees affected by a quick decline syndrome on the west coast of the Salento peninsula in Italy (EPPO
RS 2013/184
), prompted research for potential insect vectors of the bacterium. A three month survey was carried out to determine which xylem feeding insect species were occurring in affected olive orchards. Results showed that the dominant species was
Philaenus spumarius
(Hemiptera: Aphrophoridae) which made up 60% of the collected specimens; 30% were identified as
Euscelis
lineolatus
(Hemiptera: Cicadellidae), and the remaining 10% were not identified. In November 2013, adults of
P. spumarius
were collected from ground vegetation in olive orchards infested by
X. fastidiosa
. PCR showed that 67% (40 out of 60) of the collected specimens tested positive for
X. fastidiosa
. The bacterium was not detected in
E. lineolatus
. Transmission tests using field-collected insects showed that
P. spumarius
transmitted the
X. fastidiosa
Salento strain to periwinkle test plants. In these preliminary tests, transmission was not obtained to olive trees but research will continue.
Sources
Saponari M, Loconsole G, Cornara D, Yokomi RK, de Stradis A, Boscia D, Bosco D, Martelli GP, Krugner R, Porcelli F (2014) Infectivity and transmission of
Xylella fastidiosa by Philaenus spumarius
(Hemiptera: Aphrophoridae) in Apulia, Italy.
Journal of Economic Entomology
107
(4), 1316-1319."
XYLEFA,Xylella fastidiosa,2014/203,Xylella fastidiosa detected for the first time on olive trees in Argentina,2014-11,https://gd.eppo.int/reporting/article-3296,"EPPO Reporting Service no. 11 - 2014
Num. article:
2014/203
Xylella fastidiosa detected for the first time on olive trees in Argentina
In October 2014, the presence of
Xylella fastidiosa
(EPPO A1 List) was reported in olive trees (
Olea europaea
cv. ‘Arauco’) in the areas of Aimogasta (La Rioja) and Cruz del Eje (Córdoba) in Argentina. Out of 50 tested plants, half of them were found to be infected with the bacterium. Symptoms of leaf scorch have been observed in affected plants. Surveys will be carried out in Argentina to determine the extent of the disease and its vectors. This is the first time that
X. fastidiosa
is detected on olive trees in Argentina. Previously, the bacterium had only been detected in plum (
Prunus domestica
), almond (
P. dulcis
) and citrus trees.
Sources
INTERNET
INTA. Revista RIA (dated 2014-10-20). Se halló un nuevo patógeno en olivo.
http://ria.inta.gov.ar/?p=5665"
XYLEFA,Xylella fastidiosa,2014/166,Studies on olive (Olea europaea) as a host of Xylella fastidiosa in California (US),2014-09,https://gd.eppo.int/reporting/article-3259,"EPPO Reporting Service no. 09 - 2014
Num. article:
2014/166
Studies on olive (Olea europaea) as a host of Xylella fastidiosa in California (US)
From October 2008 to September 2012, olive (
Olea europaea
) trees showing leaf scorch or branch dieback symptoms in California (US) were tested for the presence of
Xylella fastidiosa
(EPPO A1 List). Samples were collected from 198 symptomatic olive trees in commercial orchards and urban areas. The objectives of this study were to evaluate the prevalence of
X. fastidiosa
in olive trees, to characterize olive strains and determine the insect vectors present in Californian olive orchards.
It is recalled that individual strains of
X. fastidiosa
differ in their host range and may be classified into subspecies according to their molecular characteristics:
-
X. fastidiosa
subsp
. fastidiosa
: found on grapevine (Pierce’s disease), and some other hosts including almond.
-
X. fastidiosa
subsp.
multiplex
: not found on grapevine but commonly found on almond showing leaf scorch, as well as in peach, plum, and landscape trees.
-
X. fastidiosa
subsp.
pauca
: causing citrus variegated chlorosis and coffee leaf scorch in South America.
-
X. fastidiosa
subsp.
sandyi
: causing oleander leaf scorch.
In California, the key native vectors of
X. fastidiosa
were
Graphocephala
atropunctata
and
Draeculacephala
minerva
. In the 1980s,
Homalodisca
vitripennis
was introduced and is now playing a key role in the transmission of grapevine Pierce’s disease.
Results showed that only 17% of symptomatic olive trees tested positive for
X. fastidiosa
. The prevalence of
X. fastidiosa
was greater in Southern California than in the San Joaquin Valley and Yolo county. Six bacterial strains were isolated and characterized as belonging to
X. fastidiosa
subsp.
multiplex
. Vector transmission assays demonstrated that
H. vitripennis
could transmit strains of both
X. fastidiosa
subsp
. multiplex
and
X. fastidiosa
subsp
. fastidiosa
to olive but with a low efficiency. Insect trapping data indicated that both
D. minerva
and
G. atropunctata
were present in olive orchards. The authors concluded that these studies showed a poor correlation between symptoms observed on olive trees and bacterial infection. It is felt that in California,
X. fastidiosa
cannot be considered to be the cause of olive leaf scorch or branch dieback, but that olive trees might contribute to the epidemiology of diseases elicited by
X. fastidiosa
. Under the Californian conditions, olive is considered to be an alternative and suboptimal host of
X. fastidiosa
.
Sources
Krugner R, Sisteron MS, Chen JC, Stenger DC, Johnson MW (2014) Evaluation of olive as a host of
Xylella fastidiosa
and associated sharpshooters vectors.
Plant Disease
98
(9), 1186-1193."
XYLEFA,Xylella fastidiosa,2014/055,"International Symposium on the European outbreak of Xylella fastidiosa in olive (Gallipoli, IT, 2014-10-21/24)",2014-03,https://gd.eppo.int/reporting/article-2775,"EPPO Reporting Service no. 03 - 2014
Num. article:
2014/055
International Symposium on the European outbreak of Xylella fastidiosa in olive (Gallipoli, IT, 2014-10-21/24)
The ‘International Symposium on the European outbreak of
Xylella fastidiosa
in olive’, will be held in Gallipoli, Italy, on the 21
st
and 22
nd
of October 2014. It will be followed by three technical laboratory workshops at the CRSFA, Locorotondo, on the 23
rd
and 24
th
of October 2014, to address practical methodologies and techniques for the detection and monitoring of the bacterium and its vectors. This Symposium is organized by the Institute of Plant Virology (CNR, Bari), the Department of Soil, Plant and Food Science of the University of Bari, the Research Center ‘Basile Caramia’ (CRSFA) of Locorotondo, and the National and Regional Plant Health Services.
Gallipoli is located in the area where the main outbreak of
Xylella fastidiosa
was first reported in October 2013. The Symposium will offer a detailed overview of this emerging threat and provide participants the opportunity for exchanging information with the main international experts.
The Symposium will address the following topics:
The quick decline syndrome of olive
Epidemiology, ecology and management of
Xylella fastidiosa
-related diseases
Occurrence of
Xylella fastidiosa
in Apulia and its implications
Current actions for containment
Contact
: Dr Donato Boscia -
d.boscia@va.ivv.cnr.it
Sources
EPPO Secretariat (2014-04)."
XYLEFA,Xylella fastidiosa,2013/184,First report of Xylella fastidiosa in Italy,2013-09,https://gd.eppo.int/reporting/article-2646,"EPPO Reporting Service no. 09 - 2013
Num. article:
2013/184
First report of Xylella fastidiosa in Italy
In mid-October 2013, the EPPO Secretariat was alerted via its Facebook page about the possible presence of
Xylella fastidiosa
(EPPO A1 List) on olive trees (
Olea europaea
) in Southern Italy by a member of the public. Shortly after, the NPPO of Italy provided information about the involvement of
X. fastidiosa
in the disease that is currently observed, and almost simultaneously a research team from the University of Bari and the Institute of Plant Virology (CNR) published the first results of their investigations in the Journal of Plant Pathology (Saponari
et al
., 2013).
Following the reporting of an extensive leaf scorch and dieback of olive trees, spreading rapidly in the area of Salento (Puglia region), the Regional Plant Protection Service promptly initiated investigations to identify the possible causal agent. These surveys were carried out in collaboration with experts from the University of Bari and the CNR. The systematic screening of samples taken from symptomatic olive trees (many of them were a century-old), revealed the presence of extensive brown discoloration of the vascular system. Portions of xylem tissue taken from symptomatic olive trees were subjected to mycological analysis by isolation on different growing media. Fungal colonies were obtained and identified by morphological and molecular tests. The results showed the constant presence of fungal species belonging to the genus
Phaeoacremonium
, the most frequently found species was
P. parasiticum
followed by
P. rubrigenum, P. aleophilum
and
P. alvesii
. Species of the genus
Phaeomoniella
were also isolated. According to the NPPO, this is the first time that
P. parasiticum
and
P. alvesii
have been detected on
O. europaea
in Italy.
In addition, these samples from olive trees were subjected to molecular analysis using specific primers for
X. fastidiosa
which gave positive results. The analysis was extended to almond (
Prunus dulcis
) and oleander (
Nerium oleander
) plants which were growing in the vicinity of affected olive trees and showing symptoms of leaf scorch. The results were also positive. Further serological tests (DAS-ELISA with 2 commercial kits) confirmed the presence of
X. fastidiosa
. The NPPO stressed that the definitive identification of the bacterium still awaits its isolation in pure culture in order to perform pathogenicity tests. In addition, further investigations are on-going to identify the bacterial strain, to evaluate its pathogenicity and identify the putative local insect vector(s). It is recalled that
X. fastidiosa
has an extensive natural host range (more than 100 species), including olive from which the bacterial genotype A (pathogenic to oleander and almond but not to grapevine) has been isolated in California (US).
Surveys are being carried out in Puglia to delimit the extent of the infected area. It is prohibited to move propagation material of any susceptible host species from the infected area. For the control of the disease, which does not seem to be exclusively due to
X. fastidiosa
, the adoption of further phytosanitary measures is currently being evaluated.
Sources
NPPO of Italy (2013-10).
Saponari M, Boscia D, Nigro F, Martelli GP (2013) Identification of DNA sequences related to
Xylella fastidiosa
in oleander, almond and olive trees exhibiting leaf scorch symptoms in Apulia (Southern Italy).
Journal of Plant Pathology
(online paper)
http://sipav.org/main/jpp/index.php/jpp/article/view/2875/1549
Further reading
EPPO Datasheet:
http://www.eppo.int/QUARANTINE/bacteria/Xylella_fastidiosa/XYLEFA_ds.pdf
EPPO diagnostic protocol:
https://www.eppo.int/QUARANTINE/bacteria/Xylella_fastidiosa/pm7-24(1)
Pictures (on hosts other than olive):
http://photos.eppo.org/index.php/album/84-xylella-fastidiosa-xylefa
Xylella fastidiosa
– College of Natural Resources.
http://nature.berkeley.edu/xylella/refs/index.html
Janse JD, Obradovic A (2010)
Xylella fastidiosa
: its biology, diagnosis, control and risks.
Journal of Plant Pathology
92
(1 supl.), S1.35-S1.48.
http://sipav.org/main/jpp/index.php/jpp/article/view/2504/1181"
XYLEFA,Xylella fastidiosa,2013/118,First report of Pierce’s disease of grapevine (Xylella fastidiosa) in Taiwan,2013-06,https://gd.eppo.int/reporting/article-2580,"EPPO Reporting Service no. 06 - 2013
Num. article:
2013/118
First report of Pierce’s disease of grapevine (Xylella fastidiosa) in Taiwan
In 2002, characteristic symptoms of Pierce's disease (caused by
Xylella fastidiosa
– EPPO A1 List) were observed in commercial vineyards in the major grapevine (
Vitis vinifera
) production areas of central Taiwan. Leaf scorch symptoms appeared at the onset of berry ripening (veraison) in late May to early June. Necrotic tissue with yellow or burgundy red margins developed at the edge of the leaves and then coalesced. Severely affected leaves became fully necrotic and fell prematurely, leaving matchstick-like petioles attached to the cane. Affected twigs and branches declined and plant dieback was observed within 1 to 5 years. Samples (petioles) were collected from diseased plants and tested (ELISA, PCR) for the presence of
X. fastidiosa
. Koch's postulates were fulfilled by artificially inoculating the isolated bacterium to
V. vinifera
cvs. ‘Kyoho’, ‘Honey Red’ and ‘Golden Muscat’. The inoculated plants developed typical leaf scorch symptoms and the bacterium could be reisolated from them, thus confirming that the grapevine leaf scorch disease in Taiwan is caused by
X. fastidiosa
. This is the first time that Pierce’s disease is reported from Taiwan and from Asia.
In Taiwan, it can be recalled that
X. fastidiosa
was first reported in 1993 causing a leaf scorch disease in Asian pear (
Pyrus pyrifolia
) (EPPO
RS 1994/49
,
RS 1996/204
,
RS 2007/187
). Phylogenetic analyses were performed by comparing the 16S rRNA gene and 16S-23S rRNA internal transcribed spacer region (16S-23S ITS) of 12 Pierce’s disease strains from Taiwan with the sequences of 13
X. fastidiosa
strains from different hosts and different geographical areas. Results showed that the Pierce’s disease strains of Taiwan were closely related to the American
X. fastidiosa
grape strains but not to the pear strains of Taiwan, suggesting that the
X. fastidiosa
grape and pear strains of Taiwan may have evolved independently from each other. Concerning insect vectors, extensive field surveys conducted in Taiwan have showed that in affected commercial vineyards, one xylem-feeding leafhopper
Kolla paulula
(Hemiptera: Cidadellidae) might be a potential vector (the most efficient vector in America,
Homalodisca coagulata,
does not occur in Taiwan). The bacterium was detected in
K. paulula
but further studies are needed to verify that it can transmit the disease. Since the first observation of Pierce’s disease symptoms in 2002, a total of 12;023 affected grapevines have been destroyed in commercial vineyards. However, the disease has not been successfully controlled 10 years after its initial discovery, possibly due to the inefficient suppression of the bacterium in other host plants acting as reservoirs in the vicinity of vineyards. Further studies are needed to identify these potential host plants and develop management strategies to control the disease.
Sources
Su CC, Chang CJ, Chang CM, Shih HT, Tzeng KC, Jan FJ, Kao CW, Deng WL (2013) Pierce's disease of grapevines in Taiwan: isolation, cultivation and pathogenicity of
Xylella
fastidiosa. Journal of Phytopathology
161
(6), 389-396."
XYLEFA,Xylella fastidiosa,2012/165,Xylella fastidiosa detected in a containment facility in France,2012-08,https://gd.eppo.int/reporting/article-2371,"EPPO Reporting Service no. 08 - 2012
Num. article:
2012/165
Xylella fastidiosa detected in a containment facility in France
In April 2012,
Xylella fastidiosa
(EPPO A1 List) was identified on
Coffea
spp. plants kept under confinement by a breeding company which regularly imports plant cuttings, in particular from South America where the bacterium is known to occur. The bacterium was detected during tests carried out at the initiative of the breeding company itself. 84 samples collected from 84 plants had been sent to a private laboratory. Out of the 84 samples, 5 tested positive by ELISA. These positive samples were tested by PCR for confirmation by the French official reference laboratory. The presence of
X. fastidiosa
was confirmed in 1 sample. The French NPPO then collected additional samples from 20 plants and the presence of the bacterium was finally confirmed in 3 plants. Strict eradication measures were taken: all 84 plants kept in the containment facility were destroyed, the premises were disinfected, visual inspections and tests (of asymptomatic plants) were conducted in all glasshouses of the breeding company, and the infrastructures of the containment facility were audited. No further detections of the bacterium were made on the premises of this breeding company. In June 2012, the NPPO considered that the bacterium has successfully been eradicated. It is also underlined that this detection should not be interpreted as an outbreak, as
X. fastidiosa
was only detected on
Coffea
plants imported for scientific purposes and kept under confinement. Finally, the NPPO noted that earlier interceptions of
X. fastidiosa
have been made on plant material imported for scientific purposes (in the framework of EU Directive 2008/61) and kept in the French quarantine station, and that an express PRA on
X. fastidiosa
is currently being carried out.
The pest status of
Xylella fastidiosa
in France is officially declared as:
Absent, intercepted only.
Sources
NPPO of France (2012-07)."
XYLEFA,Xylella fastidiosa,2011/042,New data on quarantine pests and pests of the EPPO Alert List,2011-02,https://gd.eppo.int/reporting/article-102,"EPPO Reporting Service no. 02 - 2011
Num. article:
2011/042
New data on quarantine pests and pests of the EPPO Alert List
By searching through the literature, the EPPO Secretariat has extracted the following new data concerning quarantine pests and pests included on the EPPO Alert List. The situation of the pest concerned is indicated in bold, using the terms of ISPM no. 8.
New records
Arabis mosaic virus
(
Nepovirus
, ArMV - EU Annexes) was reported for the first time in Spain in 2007. ArMV was detected on grapevine in Galicia (in Val de Salnés on Rias Baixas appellation) and in Pais Vasco (in Barriobusto on appellation Rioja). In the infected vineyard in Galicia, the presence of the nematode vector,
Xiphinema diversicaudatum
, was detected in the soil. A preliminary survey showed that the virus incidence is low and that only a minimal spread occurred. In Spain as a whole, ArMV seems to be rare and associated with the Atlantic biogeographic region (Abelleira
et al
., 2010).
Acizzia jamatonica
(Hemiptera: Psyllidae – formerly EPPO Alert List) was detected for the first time in Greece. In August 2009, damage caused by this psyllid was noticed in
Albizia
julibrissin
trees in the centre of Thessaloniki (Pásztor
et al
., 2010). In 2009, the presence of
A. jamatonica
has also been reported from Serbia (Vétek
et al
., 2009), and Bulgaria in the city of Nessebar (Vétek and Rédei, 2009).
Cowpea mild mottle virus
(
Carlavirus
– EU Annexes) was first found in Southern Iran (Khorestan province) during the 2006 and 2007 soybean growing seasons (Tavassoli
et al
., 2009).
Present, first found in 2006 on soybean in Khorestan province.
In Iran, almond witches’ broom disease has recently been observed in the centre and south of the country. Trees showing different symptoms (yellowing and little leaf) were also observed. Studies were conducted from 2001 to 2005 and showed that several phytoplasmas could be detected in diseased almond trees. They were closely related to ‘
Candidatus
Phytoplasma phoenicium’ (associated with almond witches’ broom in Lebanon – formerly EPPO Alert List), ‘
Ca.
P. aurantifolia’, ‘
Ca
. P. solani’ and ‘
Ca
. P. trifolii’ (Zirak
et al
., 2009).
Present, in the centre and south.
Radopholus similis
(EPPO A2 List) occurs in New Caledonia (Grandison
et al
., 2009).
Present, no details.
Xiphinema rivesi
(EPPO A2 List) occurs in Chile where it was first reported in 2002. Experiments showed that
X. rivesi
populations from Chile were able to transmit
Tomato ringspot virus
to cucumber test plants
(Auger
et al
., 2009).
Present, first found in 2002.
Detailed records
Frankliniella occidentalis
(Thysanoptera: Thripidae – EPPO A2 List) occurs in the Azores (Portugal). It is reported from the islands of Faial, Saõ Jorge and Terceira (Borges
et al
., 2005).
The presence of
Globodera pallida
(EPPO A2 List) in Bulgaria was confirmed in 2006. It is the prevalent
Globodera
species in the Smolian region, and mixed populations with
G. rostochiensis
were found in the regions of Blagoevgrad, Sofia, Plovdiv, and Pazardzik (Laginova and Hristova, 2009).
Halyomorpha halys
(Heteroptera: Pentatomidae – EPPO Alert List) occurs in Shandong province, China (Yang
et al
., 2009).
Potato purple top disease (EPPO A1 List) occurs in Montana (US). At least 7 distinct phytoplasma strains belonging to 5 different phytoplasma groups (16SrI, 16SrII, 16SrVI, 16SrXVIII) have been reported to cause purple top and related symptoms in potato. In Montana, a phytoplasma belonging to 16SrIII group was detected in diseased potatoes (Lee
et al.
, 2009).
Rice stripe necrosis virus
(
Benyvirus
, RSNV – formerly EPPO Alert List) continues to spread in Latin America due to the international trade of rice seed produced in fields contaminated with RSNV-carrying cytosori of
Polymyxa graminis
(fungal vector). After the severe disease outbreaks observed in the eastern plains of Columbia in 1991 (EPPO RS 97/019), the virus has been detected in Ecuador, Panama and Brazil. However, no severe outbreaks have been observed in these countries (Lozano and Morales, 2009).
In Turkey, two years after its first discovery in Mersin province (Mediterranean region),
Rhynchophorus ferrugineus
(Coleoptera: Curculionidae – EPPO A2 List) is now widely distributed in parks and gardens over most parts of the Mediterranean and Aegean regions of Turkey (Atakan
et al.
, 2009).
In August 2008, symptoms of grapevine yellows were observed in vineyards near Podgorica, in Montenegro. Laboratory analysis confirmed the presence of stolbur phytoplasma (associated with bois noir) in
diseased samples. A survey showed that stolbur phytoplasma could be detected in all grapevine-growing regions, and that the disease incidence could reach 20% in some vineyards. This is the first time that bois noir is reported from Montenegro (Radonjić
et al
., 2009).
Xanthomonas axonopodis
pv
. dieffenbachiae
(EPPO A2 List) was found 2006 in Zhejiang province, China. It was found in
Anthurium andraeanum
in a park in Hangzhou (Su
et al
., 2008).
In Iran,
Xanthomonas axonopodis
pv
. phaseoli
(EPPO A2 List) was first reported in 2002 from Markazi province. Since then, it has spread from Markazi to neighbouring provinces (e.g. Lorestan, Isfahan and Chahar-Mahaal and Bakhtiari) and it has become one of the major diseases of the common bean (
Phaseolus vulgaris
) (Osdaghi
et al
., 2009).
In the 2000s,
Xylella fastidiosa
(EPPO A1 List) was found for the first time on blueberries (
Vaccinium
spp.) causing a leaf scorch disease in
Oregon
Georgia, USA (EPPO
RS 2008/074
). In May 2008, similar symptoms were observed on
Vaccinium corymbosum
hybrids in Florida and the presence of
X. fastidiosa
was confirmed in symptomatic samples (Harmon and Hopkins, 2009).
Host plants
Surveys of
Impatiens walleriana
and
Verbena
hybrids in nurseries located in Fredericton (New Brunswick, Canada) and
Verbena
hybrids in New Delhi (India) showed widespread infection of
Citrus exocortis viroid
(
Pospiviroid
, CEVd) in vegetatively propagated and seed-grown plants. Infected plants did not show any symptoms (Singh
et al
., 2009).
Tomato spotted wilt virus
(Tospovirus, TSWV – EPPO A2 List) has been detected in
Opuntia ficus-indica
in Spain. Affected plants showed chlorotic mottle and/or mosaic symptoms on fruits, uneven ripening and fruit deformation (Córdoba-Sellés
et al
., 2010).
Taxonomy
Sequencing studies have been carried out to determine the relationships between the following three viruses of
Rubus
spp:
- Raspberry mottle virus (RMoV) a tentative closterovirus recently found in the USA;
- Raspberry leaf mottle virus (RLMV) and Raspberry leaf spot virus (RLSV) which are both components of the raspberry mosaic disease observed in Europe.
Results suggest that these pathogens correspond to isolates of the same virus species. It is proposed that they should all refer to Raspberry leaf mottle virus (RLMV) (McGavin and MacFarlane, 2009).
Sources
Abelleira A, Mansilla JP, Padilla V, Hita I, Cabaleiro C, Bertolini E, Olmos A, Legorburu JF (2010) First report of
Arabis mosaic virus
on grapevine in Spain.
Plant
Disease
94
(5), p 635.
Atakan E, Elekçio
ğ
lu IH, Gözel U, Güne
ş
Ç, Yüksel O (2009) First report of
Heterorhabditis bacteriophora
(Poinar, 1975) (Nematoda: Heterorhabditidae) isolated from the red palm weevil,
Rhynchophorus ferrugineus
(Oliver, 1970) (Coleoptera: Curculionidae) in Turkey.
Bulletin OEPP/EPPO Bulletin
39
(2), 189-193.
Auger J, Leal G, Magunacelaya JC, Esterio M (2009)
Xiphinema rivesi
from Chile transmits
Tomato ringspot virus
to cucumber.
Plant Disease
93
(9), p 971.
Borges PAV, Vieira V, Dinis F, Jarroca S (2005) List of arthropods. In: Borges PAV, Cunha R, Gabriel R, Martins AF, Silva L, Vieira V (eds.) (2005) A list of the terrestrial fauna (Mollusca and Arthropoda) and flora (Bryophyta, Pteridophyta and Spermatophyta) from the Azores. Direcção Regional do Ambiente and Universidade dos Açores, Horta, Angra do Heroísmo and Ponta Delgada, 318 pp.
Córdoba-Sellés C, Cebrián C, Alfaro-Fernández, Herrera-Vásquez JA, Torres V, Font I (2010) Molecular detection of
Tomato spotted wilt virus
infecting cactus pear in Spain.
Petria
20
(2), p 275.
Grandison GS, Lebegin S, Desprez ZL (2009) Plant-parasitic nematodes on economic crops of New Caledonia.
Australasian Plant Pathology
38
(4), 408-410 (abst.).
Harmon PF, Hopkins DL (2009) First report of bacterial leaf scorch caused by
Xylella fastidiosa
on Southern highbush blueberry in Florida.
Plant Disease
93
(11), p 1220.
Laginova M, Hristova T (2009) Potato cyst nematodes (
Globodera
spp. in Bulgaria).
Bulletin OEPP/EPPO Bulletin
39
(1), p 77.
Lee IM, Bottner KD, Sun M (2009) An emerging potato purple top disease associated with a new 16SrIII group phytoplasma in Montana.
Plant Disease
93
(9), p 970.
Lozano I, Morales F (2009) Molecular characterisation of
Rice stripe necrosis virus
as a new species of the genus
Benyvirus
.
European Journal of Plant Pathology
124
(4), 673-680.
McGavin WJM, MacFarlane SA (2010) Sequence similarities between Raspberry leaf mottle virus, Raspberry leaf spot virus and the closterovirus Raspberry mottle virus.
Annals of Applied Biology
156
(3), 439-448.
Osdaghi E, Alizadeh A, Shams-Bakhsh M, Lak MR (2009) Evaluation of common bean lines for their reaction to the common bacterial blight pathogen.
Phytopathologia Mediterranea
48
(3), 461-468.
Pásztor B, Rédei D, Vétek G (2010) First record of
Acizzia jamatonica
(Kuwayama) (Hemiptera: Psyllidae) in Greece.
Hellenic Plant Protection Journal
3
(1), 25-27.
Radonjić S, Hrnčić S, Jović J, Cvrković T, Krstić O, Krnjajić S, Toševski I (2009) Occurrence and distribution of grapevine yellows caused by stolbur phytoplasma in Montenegro.
Journal of Phytopathology
157
(11-12), 682-685.
Singh RP, Dilworth AD, Ao X, Singh M, Baranwal VK (2009
) Citrus exocortis viroid
transmission through commercially-distributed seeds of Impatiens and Verbena plants.
European Journal of Plant Pathology
124
(4), 691-694.
Su T, Rungnapha K, Luo SB, Zhao LH, Xie GL (2008) [Identification of pathogenic bacteria of new bacterial disease damaging to
Anthurium andraeanum
in Zhejiang Province].
Journal of Zhejiang Forestry Science and Technology
28
(6), 40-42 (abst.).
Tavassoli M, Shahraeen N, Ghorbani S (2008) Detection and some properties of
Cowpea mild mottle virus
isolated from soybean in Iran.
Pakistan Journal of Biological Sciences
11
(23), 2624-2628 (abst.).
Vétek G, Babi
č
A, Pásztor HB (2009) [
Acizzia jamatonica
(Kuwayama) (Hemiptera: Psyllidae) - a new pest of silk tree in Serbia].
Biljni Lekar
37
(6), 608-613 (in Serbian – abst.).
Vétek G, Rédei D (2009) First record of
Acizzia jamatonica
(Hemiptera: Psyllidae) in Bulgaria.
Acta Zoologica Bulgarica
61
(3), 323-325.
Yang ZQ, Yao YX, Qiu LF, Li ZX (2009) A new species of
Trissolcus
(Hymenoptera: Scelionidae) parasitizing eggs of
Halyomorpha halys
(Heteroptera: Pentatomidae) in China with comments on its biology.
Annals of the Entomological Society of America
102
(1), 39-47.
Zirak L, Bahar M, Ahoonmanesh A (2009) Characterization of phytoplasmas associated with almond diseases in Iran.
Journal of Phytopathology
157
(11-12), 736-741."
XYLEFA,Xylella fastidiosa,2009/182,New data on quarantine pests and pests of the EPPO Alert List,2009-09,https://gd.eppo.int/reporting/article-380,"EPPO Reporting Service no. 09 - 2009
Num. article:
2009/182
New data on quarantine pests and pests of the EPPO Alert List
By searching through the literature, the EPPO Secretariat has extracted the following new data concerning quarantine pests and pests included on the EPPO Alert List. The situation of the pest concerned is indicated in bold, using the terms of ISPM no. 8.
New records
Euphorbia mosaic virus
(
Begomovirus
- EU Annexes) has been detected in the Yucatan peninsula, Mexico (Hernández-Zepeda
et al
., 2007).
Present, in the Yucatan peninsula
.
Scaphoideus titanus
(Hemiptera: Cicadellidae) occurs in the south of Bosnia and Herzegovina (Delić
et al
., 2007).
Present, in the south of the country.
Detailed records
In Portugal,
Cryphonectria parasitica
(EPPO A2 List) was first observed in 1929 on bark samples collected from branches of
Castanea crenata
in the Beira Interior Province. These initial infections were probably eradicated, as no further reports were made until 1989 when two outbreaks were found on
C. sativa
in the Trás-os-Montes province (which is the main chestnut-growing area in Portugal). In recent surveys,
C. parasitica
was detected across four mainland provinces (Minho, Trás-os-Montes, Beira Interior, Alentejo), Azores (Pico, San Miguel, Terceira) and Madeira (Bragança
et al
., 2007).
In Belarus,
Ditylenchus destructor
(EU Annexes) is unevenly distributed and occurs mainly in the region of Minsk (Ilyashenka ; Ivaniuk, 2008).
Heterodera glycines
(EPPO A2 List) occurs in the state of Maranhão, Brazil (Cunha
et al
., 2008).
A survey carried out in Northern Iran showed that
Heterodera glycines
(EPPO A2 List) occurs in Mazandaran and Golestan provinces, the main soybean-producing areas of the country (Maafi
et al
., 2008).
In Spain,
Monilinia fructicola
(EPPO A2 List) was first reported in 2006 on peach trees (
Prunus persica
) in two adjacent localities:
Ivars de Noguera (Provincia de Lleida, Cataluña) and Castillonroy (Provincia de Huesca, Aragón). In March 2006,
M. fructicola
was also found in mummified peach fruits (
P. persica
cv. ‘Autumn Free’) in orchards located at Sudanell (Provincia de Lleida, Cataluña), approximately 30 km south of the initial findings (De Cal
et al
., 2009).
In Argentina,
Nacobbus aberrans
(EPPO A1 List) was detected on potatoes in Jujuy province during surveys carried out in 2003 and 2004 (Muruaga de l’Argentier
et al
., 2007).
Meloidogyne fallax
(EPPO A2 List) was detected for the first time in Victoria, Australia. The nematode was detected on potatoes (Nambiar
et al.
, 2008).
Mycosphaerella pini
(EU Annexes) has become frequent in recent years on
Pinus nigra
and
Pinus mugo
in the continental part of Slovenia (Jurc, 2007).
Potato spindle tuber viroid
(
Pospiviroid
– EPPO A2 List) was found in several potato cultivars in Primor’e (Far East of Russia). PSTVd was detected in combination with
Potato virus Y
(Romanova
et al
., 2007).
Xanthomonas oryzae
pv
. oryzae
(EPPO A1 List) occurs in Rajasthan, India (Nayak
et al
., 2009).
In summer 2004, bacterial leaf scorch caused by
Xylella fastidiosa
(EPPO A1 List) was first found in Oklahoma (US) in
Ulmus americanus
. Additional infections were then reported on other tree species (e.g.
Quercus
spp.,
Morus
spp.,
Platanus occidentalis
). In July 2008, the bacterium was detected on
Vitis labrusca
cv. ‘Concord’ showing symptoms of Pierce’s disease. This is the first time that Pierce’s disease is reported from Oklahoma (Smith
et al
., 2009).
Taxonomy
Ascochyta pisi
is one of the causal agent of
Ascochyta
blight of pea (
Pisum sativum
). The teleomorph of
A. pisi
has recently been obtained in laboratory conditions and called
Didymella pisi
sp. nov. (Chilvers
et al
., 2009).
A new nematode species,
Bursaphelenchus macromucronatus
sp.nov. has recently been described. It was isolated from Taiwanese and Indian packaging wood (Gu
et al
., 2008). Its separation from other species of the ‘
xylophilus’
group is mainly based on female tail shape, spicules size and the mucro length.
B. macromucronatus
can be differentiated from
B. xylophilus, B. mucronatus, B. fraudulentus, B. conicaudatus, B. luxunosae, B. doui
and
B. singaporensis
by molecular tests (RFLP, sequencing of the ITS region).
Sources
Bragança H, Simões S, Onofre N, Tenreiro R, Rigling D (2007)
Cryphonectria parasitica
in Portugal: diversity of vegetative compatibility types, mating types, and occurrence of hypovirulence.
Forest Pathology
37
(6), 391-402.
Chilvers MI, Rogers JE, Dugan FM, Stewart JE, Chen W, Peever TL (2009)
Didymella
pisi
sp. nov., the teleomorph of
Ascochyta pisi
.
Mycological Research
113
(3)391-400.
Cunha RP, Maia GL, Rodacki MEP, da Silva GS, Meyer MC (2008) [Life cycle of the
Heterodera glycines
race 9 on soybean in Maranhão State, Brazil].
Summa
Phytopathologica
34
(3), 262-264 (abst.).
De Cal A, Gell I, Usall J, Viñas I, Melgarejo P (2009) First report of brown rot caused by
Monilinia fructicola
in peach orchards in Ebro Valley, Spain.
Plant Disease
93
(7), p 763.
Delić D, Seljak G, Martini M, Ermacora P, Carraro L, Myrta A, Durić G (2007) Surveys for grapevine yellows phytoplasmas in Bosnia and Herzegovina.
Bulletin of Insectology
60
(2), 369-370.
Gu J, Zheng W, Braasch H, Burgermeister W (2008) Description of
Bursaphelenchus macromucronatus
sp.n. (Nematoda: Parasitaphelenchidae) in packaging wood from Taiwan and India – a new species in the ‘
xylophilus
’ group.
Journal of Nematode Morphology and Systematics
11
(1), 31-40 (abst.).
Hernández-Zepeda C, Idris AM, Carnevali G, Brown JK, Moreno-Valenzuela OA (2007) Preliminary identification of coat protein gene phylogenetic relationships of begomoviruses associated with native flora and cultivated plants from the Yucatan Peninsula of Mexico.
Virus Genes
35
(3), 825-833 (abst.).
Ilyashenka D, Ivaniuk V (2008) Potato stem nematode in Belarus.
Žemdirbystė
(Agriculture)
95
(3), 74-81 (abst.).
Jurc D (2007) [Pines –
Pinus
spp. Diseases of needles.
Lophodermium seditiosum, Mycosphaerella pini, Mycosphaerella dearnessii, Cyclaneusma minus
].
Gozdarski Vestnik
65
(7/8), 209-224 (abst.).
Maafi ZT, Salati M, Riggs RD (2008) Distribution, population density, race and type determination of soybean cyst nematode,
Heterodera glycines
, in Iran.
Nematology
10
(6), 919-924 (abst.).
Muruaga de l’Argentier S, Doucet M, Gallardo C, Lax P, Quintana de Quinteros S (2007) [Detection of detrimental phytophagous nematodes in plots devoted to andine potatoes cultivation in the province of Jujuy, NW Argentina].
Acta Zoologica Lilloanna
51
(1), 87-89 (abst.).
Nambiar L, Quader M, Nobbs JM, Cobon JA, Campbell PR, Gulino LM (2008) First record of
Meloidogyne fallax
in Victoria, Australia.
Australasian Plant Disease Notes
3
(1), 141-142 (abst.)
Nayak D, Reddy PR, Nayak P (2009) Variability in
Xanthomonas oryzae
pv
. oryzae,
the incitant of bacterial blight disease of rice.
Journal of Plant Protection Research
49
(1), 15-26.
Romanova SA, Volkov Y, Kakareka N, Pleshakova TI, Koslovskaya ZN (2007) Potato disease caused by combined infection with potato spindle tuber viroid and potato virus Y necrotic strain.
Russian Agricultural Sciences
33
(3), 162-165 (abst.).
Smith DL, Dominiak-Olson J, Sharber CD (2009) First report of Pierce’s disease of grape caused by
Xylella fastidiosa
in Oklahoma.
Plant Disease
93
(7), p 762."
XYLEFA,Xylella fastidiosa,2009/072,New data on quarantine pests and pests of the EPPO Alert List,2009-04,https://gd.eppo.int/reporting/article-176,"EPPO Reporting Service no. 04 - 2009
Num. article:
2009/072
New data on quarantine pests and pests of the EPPO Alert List
By browsing through the literature, the EPPO Secretariat has extracted the following new data concerning quarantine pests and pests included on the EPPO Alert List. The situation of the pest concerned is indicated in bold, using the terms of ISPM no. 8.
New records
During faunistic studies carried out on scale insects in Croatia from 2005 to 2008, the presence of
Aulacaspis yasumatsui
(Hemiptera: Diaspididae – formerly EPPO Alert List) was detected in Croatia. The pest was found in May 2006 on imported
Cycas revoluta
in a glasshouse near Split (Masten Milek
et al
., 2008).
Transient, found in 2006 in
Cycas revoluta
in one glasshouse
.
During summer 2006, studies were carried out in Poland on the occurrence of little cherry disease (EU Annexes) in cherry orchards. Leaf samples were collected from 27 sweet and sour cherry trees (
Prunus avium
and
P. cerasus
) in different regions of Poland. Samples were taken from both symptomatic and asymptomatic trees and tested for the presence of
Little cherry virus 1
(LChV-1) and
Little cherry virus 2
(LChV-2). RT-PCR results showed that 6 of the 27 tested trees were infected by LChV-1 (5 trees, all
P. avium
) or by LChV-2 (1 tree,
P. avium
cv. Elton). The presence of LChV-2 was confirmed by graft transmission to the woody indicator
P. avium
cv. Canindex. This is the first report of LChV-2 in Poland (Komorowska and
Cieślińska
, 2008).
Present, no details.
In 2007, a new bacterial disease was observed in glasshouse cherry tomatoes (
Lycopersicon
esculentum
) in the provinces of Cheorwon and Iksan, in the Republic of Korea. On the basis of physiological, genetic and pathological characteristics all bacterial strains isolated from diseased tomatoes were identified as
Clavibacter michiganensis
subsp
michiganensis
(EPPO A2 List). This is the first report of bacterial canker in the Republic of Korea (Myung
et al
., 2008).
Present, first detected in 2007 on glasshouse tomatoes in the provinces of Cheorwon and Iksan
.
Detailed records
In August and September 2007, disease symptoms (stunting, deformation, interveinal chlorosis, and leaf mottling) were observed on watermelon plants (
Citrullus lanatus
) in commercial fields in Florida (US).
Bemisia tabaci
biotype B was also present in the affected fields. Laboratory analysis (RT-PCR, comparison of sequences) confirmed the presence of
Cucurbit yellow stunting disorder virus
(
Crinivirus,
CYSDV – EPPO A2 List). In October 2007, CYSDV was also detected in 2 fields of squash plants (
Cucurbita pepo
) and disease symptoms have been observed with increasing frequency throughout the Manatee and Hillsborough counties. This is the first report of CYSDV in Florida, which follows its recent emergence in other US states (Arizona, California, Texas) and in Sonora, Mexico (Polston
et al
., 2008).
In June 2008, the presence of
Heterodera glycines
(EPPO A1 List) was detected for the first time in the province of Zheijiang in China, in 2 soybean growing areas of Hangzhou and Xiaoshan. Soybean plants at the Hangzhou site showed symptoms of stunting and chlorosis, whereas no above ground or root symptoms were observed at the Xiaoshan site (Zheng
et al.
, 2009).
So far, 5 strains of
Pepino mosaic virus
(
Potexvirus
, PepMV – EPPO Alert List) have been described: European tomato (EU), Peruvian (PE), Chilean 2 (CH2), and 2 American strains US1 (including CH1) and US2. In Europe, studies have showed that field populations of PepMV belonged to EU, US2 or CH2 strains. However, in February 2007 the occurrence of US1 strains was detected for the first time in infected tomatoes from Tenerife, Islas Canarias (Spain). According to the authors, this is the first time that US1 strains are detected in Europe (Alfaro-Fernández
et al
., 2008).
Spodoptera frugiperda
(Lepidoptera: Noctuidae – EPPO A1 List) occurs in the state of Maranhão, Brazil (Silva
et al
., 2008).
In May 2008, a severe outbreak of
Tomato infectious chlorosis virus
(
Crinivirus
– EPPO A2 List) was observed in glasshouse tomatoes (
Lycopersicon esculentum
cv. Lancelot) in Battipaglia, Campania region, Italy. The disease affected an area of approximately 1 ha and reached more than 80 % incidence (Barone
et al
., 2008).
Host plants
In the Republic of Korea, the main host trees of
Bursaphelenchus xylophilus
(EPPO A1 List) are
Pinus densiflora
and
P. thunbergii
, which are also the most common pine trees in the country. Pine wilt disease was first reported in Busan city in 1998, and it is now damaging more than 7;800 ha, in more than 60 cities. In 2006, pine wilt disease was observed in a forest of
P. koraiensis
located in Gwangju city (Gyeonggi province). Studies (morphology, molecular and pathogenicity tests) confirmed that
B. xylophilus
was the cause of pine wilt disease.
P. koraiensis
is an endemic pine species in Korea and its distribution is limited to the northern Korean Peninsula and some locations in Russia. Although earlier inoculation studies had indicated that
P. koraiensis
was susceptible to
B. xylophilus
, this is the first record of a natural infestation in the field (Han
et al
., 2008).
In order to study the occurrence of viroids (other than
Potato spindle tuber viroid
) in
Solanum jasminoides
, samples were collected from symptomless plants in Belgium (3 composite samples ranging from 75 to 150 plants), Germany (3 samples ranging from 1 to 200 plants), and the Netherlands (2 samples ranging from 2 to 200 plants). Molecular tests (PCR, sequencing) showed that
Citrus exocortis viroid
(CEVd) was present in 1 sample from Germany and in 1 sample from the Netherlands.
Tomato apical stunt viroid
(TASVd - EPPO Alert List) was detected in 1 sample from Germany and 1 sample from Belgium (
S. jasminoides
plants had originally been imported from Israel). According to the authors this is the first time that both CEVd and TASVd are detected in
S. jasminoides
(Verhoeven
et al.
, 2008).
Xylella fastidiosa
(EPPO A1 List) has been detected for the first time on
Nerium oleander
in Costa Rica. Symptoms of oleander leaf scorch have been observed in different localities in the Central Valley (Montero-Astúa
et al
., 2008).
Sources
Alfaro-Fernández A, Cebrián MC, Córdoba-Sellés C, Herrera-Vásquez JA, Jordá C (2008) First report of the US1 strain of
Pepino mosaic virus
in tomato in the Canary Islands, Spain.
Plant Disease
92
(11), p 1590.
Barone M, Senatore M, Zoina A, Alioto D (2008) A severe outbreak of
Tomato infectious chlorosis
virus
in tomato crops in Campania, Southern Italy.
Journal of Plant Pathology
90
(3), 585-589.
Han H, Chung YJ, Shin SC (2008) First report of pine wilt disease on
Pinus koraiensis
in Korea.
Plant Disease
92
(8), p 1251.
Komorowska B, Cieślińska M (2008) First report of
Little cherry virus 2
from sweet cherry in Poland.
Plant Disease
92
(9), p 1366.
Masten Milek T, Šimala M, Novak A (2008) Species of genus
Aulacaspis
Cockerell, 1836 (Hemiptera: Coccoidea: Diaspididae) in Croatia, with emphasis on
Aulacaspis
yasumatsui
Takagi, 1977.
Entomologia Croatica
,
12
(1), 55-64.
Montero-Astúa, Saborío G, Chacón-Díaz C, Villalobos W, Rodríguez CM, Moreira L, Rivera C (2008) First report of
Xylella fastidiosa
in
Nerium oleander
in Costa Rica.
Plant Disease
92
(8), p 1249.
Myung IS, Kim DG, An SH, Lee YK, Kim WG (2008) First report of bacterial canker of tomato caused by
Clavibacter michiganensis
subsp
. michiganensis
in Korea.
Plant Disease
92
(10), p 1472.
Polston JE, Hladky LL, Akad F, Wintermantel WM (2008) First report of
Cucurbit yellow stunting disorder virus
in cucurbits in Florida.
Plant Disease
92
(8), p 1251.
Silva TC, Lemos RNS, Moreira AA, Araujo JRG, Medeiros FR, Castellani MA (2008) Parasitoids associated with
Spodoptera frugiperda
(Lepidoptera: Noctuidae) in corn in the State of Maranhão, Brazil.
Boletín de Sanidad Vegetal – Plagas
34
(4), 493-500.
Verhoeven JTJ, Jensen CCC, Roenhorst JW (2008) First report of
Solanum jasminoides
infected by
Citrus exocortis viroid
in Germany and the Netherlands and
Tomato apical stunt viroid
in Belgium and Germany.
Plant Disease
92
(6), p 973.
Zheng J, Zhang Y, Li X, Zhao L, Chen S (2009) First report of the soybean cyst nematode,
Heterodera glycines
, on soybean in Zheijiang, Eastern China.
Plant Disease
93
(3), p 319."
XYLEFA,Xylella fastidiosa,2008/227,New insect vectors of grapevine Pierce’s disease (Xylella fastidiosa) in North Carolina (US),2008-11,https://gd.eppo.int/reporting/article-850,"EPPO Reporting Service no. 11 - 2008
Num. article:
2008/227
New insect vectors of grapevine Pierce’s disease (Xylella fastidiosa) in North Carolina (US)
Grapevine Pierce’s disease caused by
Xylella fastidiosa
(EPPO A1 List) occurs in North Carolina (US) but field data about its primary insect vectors was still lacking. In 2004 and 2005, yellow sticky traps were placed in vineyards of the eastern Piedmont and Coastal Plain regions of North Carolina. Among potential insect vectors, the most abundant species caught were:
Oncometopia orbona, Graphocephala versuta, Paraphlepsius irroratus,
and
Agalliota constricta
(all Homoptera: Cicadellidae). Adults were tested for the presence of
X. fastidiosa
by nested-PCR. Results showed that 27 % of
O. orbona
, 28% of
G. versuta
and 33% of
P. irroratus
tested positive for the bacterium. Transmission experiments then showed that both
O. orbona
and
G. versuta
were able to transmit
X. fastidiosa
to grapevine. Although further studies are needed on the biology of these two insect vectors, it seems that
O. orbona
is likely to be the primary vector of
X. fastidiosa
because it enters vineyards early in the spring and feeds on shoots, thus allowing
X. fastidiosa
more time to colonize grapevine.
Sources
Myers A, Sutton TB, Abad JA, Kennedy GG (2007) Pierce’s disease of grapevines: identification of the primary vectors in North Carolina.
Phytopathology
97
(11), 1440-1450."
XYLEFA,Xylella fastidiosa,2008/074,Bacterial leaf scorch of blueberry: a new disease caused by Xylella fastidiosa,2008-04,https://gd.eppo.int/reporting/article-640,"EPPO Reporting Service no. 04 - 2008
Num. article:
2008/074
Bacterial leaf scorch of blueberry: a new disease caused by Xylella fastidiosa
During the last 5 years, a new disease initially described as ‘yellow twig’ and then as ‘bacterial leaf scorch’ has been observed on blueberries (
Vaccinium
spp.) in the south of Georgia, USA. Initial symptoms are leaf marginal chlorosis which then enlarges to the whole leaf. Early leaf fall occurs, and thin, yellow twigs become apparent on some cultivars. Studies carried out in 2006-2007 (ELISA, inoculation tests to verify Koch’s postulates) confirmed that the causal agent of ‘bacterial leaf scorch’ of
Vaccinium
is
Xylella fastidiosa
(EPPO A1 List). Initial field surveys conducted in summer 2007 showed that bacterial leaf scorch has the potential to become a major threat to blueberry production in Georgia, especially on highbush blueberry cultivars (hybrids of
V. corymbosum, V. ashei, V. darrowi
). So far, little is known about the blueberry strain of
X. fastidiosa
. In the field, the disease only causes problems in southern highbush blueberry cultivars and it is not known whether it could affect other types of
Vaccinium
(in particular,
V. ashei
). It is assumed that
X. fastidiosa
is transmitted through propagation of infected plants but this has not been demonstrated in
Vaccinium
. The role of insect vectors also needs to be studied further. It is supposed that
Homalodisca vitripennis
which is abundant in the south of Georgia and known to be a vector of peach phony and grapevine Pierce’s disease, plays an important role in disease spread. Further research will be carried out to better understand the epidemiology of
X. fastidiosa
in
Vaccinium
crops and to develop control strategies.
Sources
Chang C, Brannen P, Krewer G, Boland R, Donaldson R (2007) Bacterial leaf scorch of blueberry: a new disease caused by
Xylella fastidiosa
.
Phytopathology
97
(7 suppl.), S20.
Internet (last retrieved in 2008-03)
University of Georgia (US). Cooperative Extension. Bacterial Leaf Scorch of Blueberry by Phillip M Brannen, Gerard Krewer, Bob Boland, Dan Horton, CJ Chang.
http://pubs.caes.uga.edu/caespubs/pubcd/C922/C922.htm"
XYLEFA,Xylella fastidiosa,2008/073,First report of Xylella fastidiosa in avocado (Persea americana),2008-04,https://gd.eppo.int/reporting/article-639,"EPPO Reporting Service no. 04 - 2008
Num. article:
2008/073
First report of Xylella fastidiosa in avocado (Persea americana)
Since the late 1990s, chlorotic mottling, marginal scorch, deformation of leaves, defoliation, shortening of internodes, and branch dieback have been observed in avocado trees (
Persea americana
) in Costa Rica. The symptoms were not uniformly distributed in the trees (only some branches were symptomatic) and resembled those of leaf scorch diseases caused by
Xylella fastidiosa
(EPPO A1 List). In Costa Rica,
X. fastidiosa
occurs on coffee and citrus trees. From 2000 to 2004, 227 avocado trees were tested for the presence of
X. fastidiosa
(DAS-ELISA) and 188 were found positive. Transmission studies and molecular tests (electron microscopy, PCR) confirmed the presence of the bacterium in diseased trees. This is the first report of
X. fastidiosa
in avocado trees.
Sources
Montero-Astúa, Saborío G, Chacón-Díaz C, Garita L, Villalobos W, Moreira L, Hartung JS, Rivera C (2008) First report of
Xylella fastidiosa
in avocado in Costa Rica.
Plant Disease
92
(1), p 175."
XYLEFA,Xylella fastidiosa,2007/116,Description of new subspecies of Xylella fastidiosa,2007-06,https://gd.eppo.int/reporting/article-1105,"EPPO Reporting Service no. 06 - 2007
Num. article:
2007/116
Description of new subspecies of Xylella fastidiosa
Xylella fastidiosa
(EPPO A1 List) induces distinct diseases on its numerous host plants (e.g. Pierce disease on grapevine, variegated chlorosis on citrus, leaf scorch on various tree species). Several molecular studies on the different strains of
X. fastidiosa
suggested that they could be grouped into subspecies. So far, the following 4 subspecies have been proposed:
Subspecies
Strains
X. fastidiosa
subsp
. fastidiosa
Vitis vinifera
(grapevine)
Medicago
sativa
(alfalfa)
Acer
(maple)
Prunus
dulcis
(almond)
Several weeds
X. fastidiosa
subsp
. multiplex
Prunus
persica
(peach)
Ulmus
(elm)
Prunus
domestica
(plum)
Vitis
aestivalis
Prunus
dulcis
(almond)
Platanus
occidentalis
(sycamore)
Other shade trees
X. fastidiosa
subsp
. pauca
Citrus
sinensis
Most probably also strains from
Coffea arabica
(coffee)
X. fastidiosa
subsp
. sandyi
Nerium
oleander
(oleander)
Sources
Hernandez-Martinez R, Costa HS, Dumenyo CK, Cooksey DA (2006) Differentiation of strains of
Xylella fastidiosa
infecting grape, almonds, and oleander using a multiprimer PCR assay.
Plant Disease
90
(11), 1382-1388.
Schaad NW, Postnikova E, Lacy G, Barek-Fatmi M, Chang CJ (2004)
Xylella fastidiosa
subspecies:
X. fastidiosa
subsp.
piercei
[corrected subsp.
fastidiosa
] subsp. nov.,
X. fastidiosa
subsp.
multiplex
subsp. nov., and
X. fastidiosa
subsp.
pauca
subsp. nov.
Systematic and Applied Microbiology
27
(3), 290-300.
Schuenzel EL, Scally M, Stouthamer R, Nunney L (2005) A multigene phylogenetic study of clonal diversity and divergence in North American strains of the plant pathogen
Xylella fastidiosa
.
Applied and Environmental Microbiology
71
(7), 3832-3839."
XYLEFA,Xylella fastidiosa,2007/080,New data on quarantine pests and pests of the EPPO Alert List,2007-04,https://gd.eppo.int/reporting/article-1051,"EPPO Reporting Service no. 04 - 2007
Num. article:
2007/080
New data on quarantine pests and pests of the EPPO Alert List
By browsing through the literature, the EPPO Secretariat has extracted the following new data concerning quarantine pests and pests included in the EPPO Alert List. The situation of the pest concerned is indicated in bold, using the terms of ISPM no. 8.
New records
Eotetranychus lewisi
(EU Annexes) and
Tetranychus evansi
(Acari: Tetranychidae – EPPO Alert List) are both newly recorded in Taiwan.
E. lewisi
was mainly found in mountainous areas with cooler temperatures on
Bauhinia variegata, Pueraria
and
Musa
and at lower elevations on potted seedlings of poinsettias (
Euphorbia pulcherrima). T. evansi
was found in most counties of Taiwan, as well as on the islands of Kinmen and Matsu, on tomato, aubergine and the weed
Solanum nigrum
(Ho
et al
., 2005).
Present, no details.
Strawberry latent ringspot virus
(
Sadwavirus
– EU Annexes) occurs in Himachal Pradesh, India. It was detected in field-grown hybrid lilies (
Lillium
cvs. ‘Star Gazer Max’, ‘Galeili’) and in their associated nematode species,
Xiphinema diversicaudatum
(Adekunle
et al.
, 2006).
Present, found in Himachal Pradesh.
Detailed records
Tetranychus evansi
(Acari: Tetranychidae – EPPO Alert List) occurs in coastal areas of Pernambuco state, Brazil (Rosa
et al.
, 2005).
In Turkey, during surveys done in 2002/2003 on tomato viruses,
Tomato spotted wilt virus
(
Tospovirus
– EPPO A2 List) was detected in the province of Samsun, Black Sea region. Other viruses (
Tomato mosaic virus, Potato virus X
and
Cucumber mosaic virus
) were also found (Arli-Sokmen ; Sevik, 2006).
In winter 2005,
Pepino mosaic virus
(
Potexvirus
- EPPO Alert List) was detected in the province of Ragusa, Sicilia (IT) on glasshouse tomatoes (Davino
et al.
, 2006).
The recombinant strain of
Plum pox virus
(
Potyvirus
– EPPO A2 List) is reported for the first time from Turkey. So far, this strain had only been reported from central and south-central Europe and it induces only weak symptoms on GF305 seedlings (a widely used indicator plant) which complicates it detection (Candresse
et al
., 2007).
In Brazil, bacterial spot has become a major problem in processing tomatoes. From 1995 to 2000, 447 strains were collected in commercial fields in the central-west and northeast regions and characterized. The 4 recently described
Xanthomonas
species associated with bacterial spot of tomato were detected:
Xanthomonas gardeneri
(group D/race T2)
, X. vesicatoria
(group B/race T2),
X. euvesicatoria
(group A/race T1)
, X. perforans
(group C/race T3) (Quezado-Duval
et al.
, 2005).
So far in the USA,
Xylella fastidiosa
(EPPO A1 List) had never been reported from New Mexico, although it occurs in surrounding states (Arizona, California, Texas). But in summer 2006, it was identified in several ornamental trees (
Chitalpa tashkinensis
) showing leaf scorch symptoms and branch dieback in Las Cruces, New Mexico (Randall
et al
., 2007).
Host plants
Damage caused by
Ditylenchus destructor
(EU Annexes) has been observed on
Panax quinquefolium
(American ginseng) in Hebei Province, China (Zhang ; Zhang, 2007).
Natural infection of
Vaccinium membranaceum
(black huckleberry) by
Blueberry scorch virus
(
Carlavirus
, EPPO Alert List) is reported for the first time in British Columbia, Canada. Infected plants were symptomless (Wegener
et al
., 2007).
Sources
Adekunle OK, Saurabh K, Ramdeen P, Vilpin H, Gaurav R, Neeraj V, Raja R, Sanjay K, Zaidi AA (2006) Plant parasitic and vector nematodes associated with Asiatic and Oriental hybrid lilies.
Bioresource Technology
97
(3), 364-371 (abst.).
Arli-Sokmen M, Sevik MA (2006) Viruses infecting field-grown tomatoes in Samsun province, Turkey.
Archives of Phytopathology and Plant Protection
39(
4), 283-288 (abst.).
Candresse T, Svanella-Dumas L, Gentit P, Caglayan K, Çevik B (2007) First report of the presence of
Plum pox virus
Rec strain in Turkey.
Plant Disease
91
(3), p 331.
Davino S, Bellardi MG, Agosteo GE, Iacono G, Davino M (2006) Characterization of a strain of
Pepino mosaic virus
found in Sicily.
Journal of Plant Pathology
88
(3 supplement), S31-S63.
Ho CC, Wang SC, Chien YL (2005) [Field observation on two newly recorded spider mites in Taiwan.]
Plant Protection Bulletin (Taipei)
47
(4), 391-402 (abst.).
Quezado-Duval AM, Lopes CA, Leite Jr RP, Lima MF, Camargo LEA (2005) Diversity of
Xanthomonas
spp. associated with bacterial spot of processing tomatoes in Brazil. In Proceedings of the 1
st
International Symposium on Tomato Diseases, Orlando, Florida (US), 2004-06-21/24.
Acta Horticulturae
no. 695, 101-108 (abst.).
Randall JJ, Radionenko M, French JM, Olsen MW, Goldberg NP, Hanson SF (2007)
Xylella fastidiosa
detected in New Mexico in Chitalpa, a common landscape ornamental plant.
Plant Disease
91
(3), p 329.
Rosa AA, Gondim Jr MGC, Fiaboe KKM, de Moraes GJ, Knapp M (2005) Predatory mites associated with
Tetranychus evansi
Baker ; Pritchard (Acari: Tetranychidae) on native solanaceous plants of coastal Pernambuco State, Brazil.
Neotropical Entomology
34
(4), 689-692.
Wegener LA, Punja ZK, Martin RR (2007) First report of
Blueberry scorch virus
in black huckleberry in British Columbia.
Plant Disease
91
(3), p 328.
Zhang GZ, Zhang HW (2007) First report of root rot of American ginseng (
Panax quinquefolium
) caused by
Ditylenchus destructor
in China.
Plant Disease
91
(4), p 459."
XYLEFA,Xylella fastidiosa,2006/224,New data on quarantine pests and pests of the EPPO Alert List,2006-11,https://gd.eppo.int/reporting/article-1303,"EPPO Reporting Service no. 11 - 2006
Num. article:
2006/224
New data on quarantine pests and pests of the EPPO Alert List
By browsing through the literature, the EPPO Secretariat has extracted the following new data concerning quarantine pests and pests included on the EPPO Alert List. The situation of the pest concerned is indicated in bold, using the terms of ISPM no. 8.
New records
Xanthomonas axonopodis
pv
. vesicatoria
(EPPO A2 list) was detected in the Republic of Macedonia during surveys done in pepper crops (
Capsicum annuum
). Bacterial strains were characterized as belonging to type A, and were identified to races P0 and P2 (Mitrev and Kovačević, 2006). The EPPO Secretariat had previously no data on the occurrence of this bacterium in Macedonia.
Present, no detail.
Detailed records
Surveys were done in autumn 2005 in Kosovo (RS) for the presence of fruit tree phytoplasmas. Symptoms resembling those of apple proliferation, pear decline and European stone fruit yellows were observed in all orchards studied. Samples were collected and tested. The presence of ‘
Candidatus
Phytoplasma mali’ (EPPO A2 list), ‘
Candidatus
Phytoplasma pyri’ (EPPO A2 list) was detected in 6 apple trees and 3 pear trees, respectively. ‘
Candidatus
Phytoplasma prunorum’ was not detected. This is the first record of apple proliferation and pear decline in Kosovo (Myrta
et al.
, 2006).
During extensive surveys carried out in Bosnia and Herzegovina for stone fruit viruses in 2003, 16 isolates of
Plum pox virus
(
Potyvirus
– EPPO A2 list) were typed. Isolates were collected from peach and plum, and from various parts of the country. 4 isolates were identified as PPV-M, 8 as PPV-D, and 4 as natural D/M recombinants. This high variability of PPV isolates fits with the presence of this virus over a long period of time in Bosnia and Herzegovina (Matic
et al.,
2006).
An outbreak of
Ralstonia solanacearum
(EPPO A2 list) was observed on tomato crops (
Lycopersicon esculentum
) in Nigeria. In June 1996, 80% of tomato fields in the production area of Ogun state presented wilt symptoms. Later surveys done in 1998 in Edo, Delta, Lagos, Oyo and Osun states showed that 60-80% of the tomato fields were infected. Laboratory studies showed that all collected isolates belonged to
R. solanacearum
biovar 3. According to the authors, this is the first report of
R. solanacearum
biovar 3 in Nigeria (Adebayo and Epko, 2005).
Tomato yellow leaf curl virus
(
Begomovirus
, TYLCV – EPPO A2 list) is reported for the first time in Sardegna, Italy. In addition to
Tomato yellow leaf curl Sardinia virus
(TYLCSV), TYLCV was detected during recent surveys conducted in tomato glasshouses in the province of Cagliari (Nannini
et al
., 2005).
Venturia nashicola
(EU Annexes) is an economically important disease on pears (
Pyrus bretschneideri
) in China. It occurs at least in the Shandong and Shanxi provinces (Lian
et al
., 2006).
Xylella fastidiosa
(EPPO A1 list) is reported for the first time from Oklahoma (US). An elm tree (
Ulmus americana
) located in a botanical garden showed symptoms of leaf scorch in summer 2004, and molecular studies confirmed the presence of the bacterium (Olson
et al
., 2006).
New host plants
Rhamnus purshiana
(Rhamnaceae),
Crataegus douglasii
and
Prunus laurocerasus
(both Rosaceae) have been identified as new hosts of
Rhagoletis indifferens
(Diptera: Tephritidae – EPPO A1 list) in Washington state, USA (Yee and Goughnour, 2005).
In Poland,
Tomato black ring virus
(
Nepovirus
– EU Annexes) was identified in courgettes (
Cucurbita pepo
var.
giromantiina
). Affected plants showed leaf mosaic and fruit deformation (Pospieszny and Borodynko, 2005).
Sources
Adebayo OS, Ekpo JA (2005) Biovar of
Ralstonia solanacearum
causing bacterial wilt of tomato in Nigeria.
Plant Disease
89
(10), p1129.
Lian S, Li BH, Xu XM (2006) Formation and development of pseudothecia of
Venturia nashicola. Journal of Phytopathology
154
(2), 119-124.
Matic S, Al-Rwahnih M, Myrta A (2006) Diversity of
Plum pox virus
isolates in Bosnia and Herzegovina.
Plant Pathology
55
(1), 11-17.
Mitrev S, Kovačević B (2006) Characterization of
Xanthomonas axonopodis
pv.
vesicatoria
isolated from peppers in Macedonia.
Journal of Plant Pathology
88
(3), 321-324.
Myrta A, Martini M, Susuri L, Susuri HS, Carraro L (2006) First report of apple proliferation and pear decline phytoplasmas in Kosovo.
Journal of Plant Pathology
88
(1), 121-125.
Nannini M, Testa M, Napoli C, Accotto GP (2005) [First report of
Tomato yellow leaf curl virus
(TYLCV) in Sardinia.]
Informatore Fitopatologico
6
, 53-56 (in Italian).
Olson BR, Dominiak J, von Broembsen S, Berg M, Bextine BR (2006) First report of
Xylella fastidiosa
in Oklahoma.
Plant Disease
90
(1), p 108.
Pospieszny H, Borodynko N (2005) First report of
Tomato black ring virus
(TBRV) in the natural infection of zucchini (
Cucurbita pepo
L. convar
giromantiina
) in Poland.
Journal of Plant Protection Research
45
(4), 321-325.
Yee WL, Goughnour RB (2005) New hosts of western cherry fruit fly,
Rhagoletis indifferens
(Diptera: Tephritidae), and their relationship to life history characteristics of this fly.
Annals of the Entomological Society of America
98
(5), 703-710."
XYLEFA,Xylella fastidiosa,2006/148,Homalodisca coagulata can transmit citrus variegated chlorosis,2006-07,https://gd.eppo.int/reporting/article-1145,"EPPO Reporting Service no. 07 - 2006
Num. article:
2006/148
Homalodisca coagulata can transmit citrus variegated chlorosis
Citrus variegated chlorosis is caused by a strain of
Xylella fastidiosa
(EPPO A1 list) which is transmitted by several species of xylem-feeding insects.
Homalodisca coagulata
(Homoptera: Cicadellidae – EPPO Alert List) has become an important pest of citrus and grapevine in California (US). It has been shown that it can transmit
X. fastidiosa
strains to several crops including grapevine (causing Pierce’s disease), oleander (oleander leaf scorch) and almond (almond leaf scorch). In California, the establishment of
H. coagulata
has led to an increase of grapevine Pierce’s disease. So far, citrus variegated chlorosis has not been reported outside Argentina, Brazil and Costa Rica and it is not known whether
H. coagulata
can transmit this disease. Transmission studies were done in quarantine facilities in Maryland (US) using
H. coagulata
collected from California, a Brazilian strain of citrus variegated chlorosis and sweet orange seedlings as test plants (
Citrus sinensis
cv. Madam Vinous). The presence of
X. fastidiosa
in the test plants was detected on the basis of visual symptoms, PCR with specific primers, membrane entrapment immunofluorescence and electron microscopy. Results showed that
H. coagulata
could transmit citrus variegated chlorosis but with a low level of transmission. It is concluded that citrus variegated chlorosis represents a serious threat to citrus-growing areas of North America where
H. coagulata
is now established such as Florida, Texas and California.
Sources
Damsteegt VD, Brlansky RH, Phillips PA, Roy A (2006) Transmission of
Xylella fastidiosa
, causal agent of citrus variegated chlorosis by the glassy-winged sharpshooter,
Homalodisca coagulata
.
Plant Disease
90(5)
, 567-570."
XYLEFA,Xylella fastidiosa,2005/109,First report of Xylella fastidiosa on Citrus in Costa Rica,2005-07,https://gd.eppo.int/reporting/article-1441,"EPPO Reporting Service no. 07 - 2005
Num. article:
2005/109
First report of Xylella fastidiosa on Citrus in Costa Rica
Citrus variegated chlorosis caused by
Xylella fastidiosa
(EPPO A1 list) was first described in Brazil in the state of São Paulo in 1987. It then spread to all citrus-growing states in Brazil, and it is estimated that it affects now more than one third of Brazilian orange trees. In Costa Rica, during the last 4 years, symptoms resembling those of citrus variegated chlorosis were observed in sweet oranges (
Citrus sinensis
) grown as shade plants in coffee plantations or edges. Affected trees showed leaf interveinal chlorosis, stunting, canopy dieback, hard and undersized fruits. Analysis (DAS-ELISA, electron microscopy) confirmed the presence of
X. fastidiosa
. It is noted that this is the first report of
X. fastidiosa
on citrus in Costa Rica. The bacterium had previously been reported on coffee (see EPPO
RS 2001/185
).
Sources
Aguilar E, Villalobos W, Moreira L, Rodríguez CM, Kitajima EW, Rivera C (2005) First report of
Xylella fastidiosa
infecting Citrus in Costa Rica.
Plant Disease, 89(6), p 687."
XYLEFA,Xylella fastidiosa,2005/017,New data on quarantine pests and pests of the EPPO Alert List,2005-02,https://gd.eppo.int/reporting/article-1349,"EPPO Reporting Service no. 02 - 2005
Num. article:
2005/017
New data on quarantine pests and pests of the EPPO Alert List
By browsing through the CABI Abstracts, the EPPO Secretariat has extracted the following new data concerning quarantine pests and pests included on the EPPO Alert List. The situation of the pest concerned is indicated in bold, using the terms of ISPM no. 8.
New records
Peach latent mosaic pelamoviroid
(formerly on the EPPO A lists) is reported for the first time from Bosnia and Herzegovina (Matic
et al.,
2004).
Present, first found in 2004.
During a survey done in 17 orchards in the northern and Sahel regions of Tunisia,
Peach latent mosaic pelamoviroid
(formerly on the EPPO A lists) was detected for the first time (Fekih Hassen
et al.,
2004).
Present, first found in 2004.
In Ukraine, typical symptoms of grapevine yellows were observed in vineyards in the Ovidiopolskij region (near Odessa) which had been planted in 2000 with cv. Chardonnay. Molecular studies revealed the presence of a stolbur phytoplasma (associated with bois noir disease). It is noted that the vector,
Hyalesthes obsoletus
, is reported to be present in the south of Ukraine. This is the first documented report of stolbur phytoplasma infecting grapevines in Ukraine which confirms earlier observations (Milkus
et al
., 2004).
Present, confirmed in 2004 near Odessa.
Detailed records
Cucumber vein yellowing ipomovirus
(EPPO A2 list) occurs in courgette, cucumber, melon and watermelon grown in protected conditions in Andalucía, Spain (Anonymous, 2003a).
In Italy,
Ceroplastes ceriferus
(Homoptera: Coccidae – EPPO Alert List) occurs in Emilia-Romagna, in a limited area near Lugo (Bariselli, 2004).
Heterodera glycines
(EPPO A1 list) is reported for the first time from North Dakota in USA (Bradley
et al
., 2004).
Iris yellow spot tospovirus
(IYSV - EPPO Alert List) is reported from Oregon (US). During 2004, a few onion seed crops in Jefferson county in central Oregon showed severe symptoms. The presence of the virus was confirmed in these affected crops (Crowe & Pappu, 2005). IYSV has also been detected in onion crops in Georgia (Mullis
et al.
, 2004) and New Mexico (Creamer
et al.
, 2004).
Puccinia horiana
(EPPO A2 list) occurs in Poland. It is reported that over the last 20 years of observation, the fungus has appeared on chrysanthemum every year with variable incidence, depending on cultivars and environmental conditions (Wojdyla, 2004).
Citrus canker (
Xanthomonas axonopodis
pv.
citri
– EPPO A1 list) was recently found in a new county (St Lucie) of Florida (US). Eradication measures have been taken (Promed posting, 2005).
Oleander leaf scorch caused by
Xylella fastidiosa
(EPPO A1 list) is reported for the first time from Texas, USA. So far, it had only been reported from California and Florida (Huang
et al
., 2004).
Absence
The 2003 Annual Report of the phytosanitary service of Valle d’Aosta region (IT) provides useful information on the current situation of pests and diseases. For regulated pests, the situation has not fundamentally changed since 2002 (see EPPO
RS 2003/165
), but surveys confirmed the absence in 2003 of:
Erwinia amylovora
, Grapevine flavescence dorée,
Ralstonia solanacearum
(all on the EPPO A2 list) in Valle d’Aosta region (Anonymous, 2003b).
New host plants
Arceuthobium gillii
(EU Annexes, as non-European
Arceuthobium
spp.) is known to occur in Mexico (Sierra Madre occidental from Central Durango and Northern Sinaloa into Chihuahua and Sonora). In Mexico, it commonly parasitizes
Pinus leiophylla
var.
leiophylla
and var.
chihuahuana
,
P. lumholtzii
and
P. herrerai
. It is rarely found on
P. arizonica
and
P. cooperi
. In USA,
A. gillii
occurs in Southern Arizona (mountains of Chiricahua, Huachuca, Santa Rita, Rincon, Santa Catalina) and in Southern New Mexico (mountains of Animas). In Arizona, a small population of
A. gillii
parasitizing
Pinus
engelmannii
was observed for the first time. 4 infested trees were found in the vicinity of heavily infested
P. leiophylla
var.
chihuahuana
(Daugherty & Mathiasen, 2005).
Arceuthobium vaginatum
subsp
. cryptopodum
(EPPO A1 list) severely parasitizes several species of
Pinus
in Southern USA and Northern Mexico, but so far it had not been found on
Picea
species. In June 2004,
A. vaginatum
subsp
. cryptopodum
was observed for the first time on a
Picea pungens
tree in Colorado. This tree, planted for ornamental purposes, was located near heavily infested
Pinus ponderosa
trees (Mathiasen
et al.
, 2005).
Strawberry latent ringspot virus
(EU Annexes) is reported for the first time on
Mentha
. Several mint clones grown in a USDA germplasm collection showed yellow veinbanding symptoms (Postman
et al
., 2004)
Sources
Anonymous (2003a) Incidencia de plagas y enfermedades en la Comunidades Autónomas en 2002 - Andalucía.
Phytoma España, 28-34.
Anonymous (2003b) Rapport d’activité 2003. Service phytosanitaire de l’arboriculture fruitière et des cultures. Région autonome de la Vallée d’Aoste, 120 pp.
Bariselli M (2004) Un nuovo pericoloso parassita delle piante ornamentali: la coccinigli
Ceroplastes ceriferus
. Agricoltura no. 1 (supplement), January 2004, 4 pp. Servizio fitosanitario, Regione Emilia-Romagna, Bologna, IT.
Bradley CA, Biller CR, Nelson BD (2005) First report of soybean cyst nematode (
Heterodera glycines
) on soybean in North Dakota.
Plant Disease, 88(11), p 1287.
Creamer R, Sanogo S, Moya A, Romero J, Molina-Bravo R, Cramer C (2004)
Iris yellow spot virus
on onion in New Mexico.
Plant Disease, 88(9), p 1049.
Crowe FJ, Pappu HR (2005) Outbreak of
Iris yellow spot virus
in onion seed crops in Central Oregon.
Plant Disease, 89(1), p 105.
Daugherty C, Mathiasen R (2005) First report of Chihuahua pine dwarf mistletoe (
Arceuthobium gillii
) on Apache pine (
Pinus engelmannii
).
Plant Disease, 89(1) p 106.
Fekih Hassen I, Kummert J, Marbot S (2004) First report of
Pear blister canker viroid, Peach latent mosaic viroid
and
Hop stunt viroid
infecting fruit trees in Tunisia.
Plant Disease, 88(10), p 1164.
Huang Q, Brlansky RH, Barnes L, Li W, Hartung JS (2004) First report of oleander leaf scorch caused by
Xylella fastidiosa
in Texas,
Plant Disease, 88(9), p 1049.
Mathiasen R, Haefeli M, Marcus N (2005) Southern dwarf mistletoe,
Arceuthobium vaginatum
subsp
. cryptopodum
found parasitizing
Picea pungens
in Colorado.
Plant Disease, 89(1) p 106.
Matic S, Al-Rwahnih M, Myrta A (2004) First record of
Peach latent mosaic viroid
and
Hop stunt viroid
in Bosnia and Herzegovina.
Journal of Plant Pathology, 86(3), 263-264.
Milkus B, Clair D, Idir S, Habili N, Boudon-Padieu E (2004) First detection of stolbur phytoplasma in grapevines (
Vitis vinifera
cv. Chardonnay) affected with grapevine yellows in the Ukraine. New Disease Reports no. 10.
http://www.bspp.org.uk/ndr/jan2005/2004-60.asp
Mullis SW, Langston Jr DB, Gitaitis RD, Sherwood JL, Csinos AC, Riley DG, Sparks AN, Torrance RL, Cook MJ (2004) First report of Vidalia onion (
Allium cepa
) naturally infected with
Tomato spotted wilt virus
and
Iris yellow spot virus
(Family
Bunyaviridae
, Genus
Tospovirus
) in Georgia.
Plant Disease, 88(11), p 1285.
Postman JD, Tzanetakis IE, Martin RR (2004) First report of
Strawberry latent ringspot virus
in a
Mentha
sp. from North America.
Plant Disease, 88(8), p 907.
Promed posting of 2005-05-10. Citrus canker – USA (Florida). Canker outbreak reported in St Lucie County.
http://www.promedmail.org
Wojdyla AT (2004) Development of
Puccinia horiana
on chrysanthemum leaves in relation to chemical compounds and time of their application.
Journal of Plant Protection Research, 44(2), 91-102."
XYLEFA,Xylella fastidiosa,2005/008,"Invasion risk of Homalodisca coagulata, vector of Xylella fastidiosa in grapevine-growing regions of the world",2005-01,https://gd.eppo.int/reporting/article-1340,"EPPO Reporting Service no. 01 - 2005
Num. article:
2005/008
Invasion risk of Homalodisca coagulata, vector of Xylella fastidiosa in grapevine-growing regions of the world
Homalodisca coagulata
(Homoptera: Cicadellidae – EPPO Alert List) is an efficient vector of
Xylella fastidiosa
(EPPO A1 list) and its spread to California (US) has resulted in a chronic Pierce’s disease problem for grapevine growers. In USA, Pierce’s disease occurs mainly in areas with mild winters (winter temperatures not falling below 1–4°C).
H. coagulata
probably originates from south-eastern USA and north-eastern Mexico. Climate matching studies (using CLIMEX) were done to determinate the potential geographical distribution of
H. coagulata
and grapevine strains of
X. fastidiosa
in California and other grapevine-growing regions of the world. Model predictions indicated that suitable climatic conditions for
H. coagulata
and Pierce’s disease strains existed in almost all grapevine-producing regions of the world. However, it was found that regions north of California are not able to sustain populations of either the vector or the disease because of cold stress. It was found that
H. coagulata
could establish in the major grapevine-growing regions of New Zealand, Australia, France (Bordeaux), Spain (Andalucía, Cataluña, Galicia, País Vasco, Valencia), central and southern parts of Italy. However, cold stress would exclude it from Bourgogne and Champagne regions of France, provinces of Northern Italy and Central Spain. CLIMEX predicted that cold stress would exclude Pierce’s disease from most of New Zealand, Tasmania and Victoria state in Australia, from all France, and from northern and central areas of Spain and Italy. Grapevine-growing areas of Chile (from Valparaiso to Concepción close to the Pacific coast) and the Western Cape Province in South Africa appear vulnerable to both the disease and its vector.
Sources
Hoddle MS (2004) The potential adventive geographic range of glassy-winged sharpshooter,
Homalodisca coagulata
and the grape pathogen
Xylella fastidiosa
: implications for California and other grape growing regions of the world.
Crop Protection, 23(8), 691-699."
XYLEFA,Xylella fastidiosa,2005/007,Review paper on Xylella fastidiosa and its vectors,2005-01,https://gd.eppo.int/reporting/article-1339,"EPPO Reporting Service no. 01 - 2005
Num. article:
2005/007
Review paper on Xylella fastidiosa and its vectors
A few species of xylem fluid-feeding insects are considered as important pests because they can transmit
Xylella fastidiosa
(EPPO A1 List) which induces diseases on grapevine, citrus, coffee, almond, lucerne, stone fruits, ornamental plants and hardwood trees. In particular, two diseases caused by
X. fastidiosa
, citrus variegated chlorosis and grapevine Pierce’s disease are currently causing problems. In Brazil, citrus variegated chlorosis became important in the early 1990s and has now expanded through many citrus-growing areas of South America. The recent establishment of
Homalodisca coagulata
(Homoptera: Cicadellidae – EPPO Alert List) in California has led to serious outbreaks of Pierce’s disease, and consequently to much research on insect vectors and disease management. A review paper on
X. fastidiosa
and its vectors presents the current knowledge on disease epidemiology and tries to identify which vectors may have the potential to invade new areas outside their natural range and become important disease vectors. Today, 39 species and 19 genera of Cicadellidae and 5 species of Cercopidae have been shown to be vectors of
X. fastidiosa
. In North America, the following species are reported as particularly abundant in affected crops or adjacent vegetation:
Xyphon
(
Carneocephala
)
fulgida
,
Draeculacephala
minerva
,
Graphocephala
atropunctata
,
Homalodisca
coagulata
and
Oncometopia
spp. In Brazilian citrus groves, the main species found are:
Dilobopterus
costalimai
,
Oncometopia
facialis
,
Acrogonia
citrina
,
Bucephalogonia
xanthophis
.
A simplified table below presents the vector species which may have the potential to invade new areas and further spread
X. fastidiosa
(a more complete table is given in the review paper). The authors stressed that this list is only an attempt, as information is still incomplete for many species.
Species
Disease
Distribution
Risk
Bucephalogonia xanthophis
CVC
CLS
Argentina, Brazil
High. Common in diverse ecosystems and abundant on ornamental plants and nursery stocks
Dilobopterus costalimai
CVC
CLS
Argentina, Brazil, Paraguay
High. Common in diverse ecosystems, crops and ornamental plants
Draeculacephala minerva
PD
AD
ALS
California, Hawaii, south-west and west USA, Mexico, Central America
High. Common in diverse ecosystems
Graphocephala atropunctata
PD
AD
ALS
South-west USA to Central America
High. Common in diverse ecosystems. Associated with ornamental plants
Macugonalia leucomelas
CVC
Argentina, Bolivia, Brazil, Paraguay
High. Common in diverse ecosystems. Associated with ornamental plants and nursery trees
Acrogonia citrina
CVC
Brazil
High. Common in diverse ecosystems, ornamental plants and nursery trees
Homalodisca coagulata
PD
PPD
OLS
South-east USA to Texas, California, Mexico
High. History of range expansion on nursery stock. Ability to feed on woody tissue may allow secondary transmission of
X. fastidiosa
in grapes
Oncometopia nigricans
PD
South USA
High. Associated with disease epidemics, large host range.
CVC: citrus variegated chlorosis – CLS: coffee leaf scorch – PD: Pierce’s disease – AD – alfalfa dwarf - ALS: almond leaf scorch – PPD: phony peach disease – OLS: oleander leaf scorch.
Sources
Redak RA, Purcell AH, Lopes JRS, Blua MJ, Mizell RF, Andersen PC (2004) The biology of xylem fluid-feeding insect vectors of Xylella fastidiosa and their relation to disease epidemiology. Annual Review of Entomology, 49243-270."
XYLEFA,Xylella fastidiosa,2004/107,Annual Meeting of the American Phytopathological Society: new data on quarantine pests,2004-07,https://gd.eppo.int/reporting/article-1628,"EPPO Reporting Service no. 07 - 2004
Num. article:
2004/107
Annual Meeting of the American Phytopathological Society: new data on quarantine pests
The Annual Meeting of the American Phytopathological Society will take place in Anaheim, US, on 2004-07/31-08-04, abstracts of submitted papers are already published in a supplement issue of Phytopathology. The EPPO Secretariat has extracted the following information:
Citrus greening bacterium (EPPO A1 list)
A PCR method has been developed in India to detect citrus greening bacterium in commercial citrus species (Gopal
et al.
, 2004).
Impatiens necrotic spot tospovirus
(EPPO A2 list)
Impatiens necrotic spot tospovirus
was detected for the first time in New Zealand (South Island) in August 2003 from freesia (a new host record). INSV was also found in
Impatiens
,
Ranunculus, Primula
and
Lobelia
from the same site. In a survey of 50 nurseries from the North and South Islands, 637 samples were collected from 45 plant genera. INSV was detected on impatiens at two additional sites in the North Island. New Zealand isolates shared 96-99% identity with isolates from USA, Japan and the Netherlands. The Ministry of Agriculture and Forestry and industry are discussing appropriate actions (Lebas
et al.
).
Phytophthora ramorum
(EPPO Alert List) in USA
In North Carolina (US), a survey for
P. ramorum
was carried out in 14 nurseries which grew
Rhododendron
,
Pieris
and
Viburnum
. More than 230,000 plants were surveyed and 339 samples collected.
P. ramorum
was not detected (Benson & Warfield, 2004).
In Oklahoma (US), surveys were conducted in July 2002 and May-June 2003. In 2002,
Rhododendron
and
Viburnum
growing at the 2 largest nurseries were inspected. In 2003, the survey was expanded to include more nurseries and more hosts (
Pieris, Lonicera
).
P. ramorum
was not detected (von Broembsen
et al.
, 2004).
In Texas (US), a survey was carried out in nurseries. Plants were sampled from 36 nurseries in 27 counties distributed throughout the state.
P. ramorum
was not found (Appel & Kurdyla, 2004).
Inoculation studies were conducted to determine the potential susceptibility of foliage and shoots from 25 conifers to
Phytophthora
ramorum
. 20 of the conifers tested, including many of the important species that are used as Christmas trees (in USA), were susceptible to
P. ramorum
. Symptoms included needle blight, shoot blight, and stem lesions. These results indicate that many different types of conifers are potentially susceptible to
P. ramorum
(Chastagner
et al.
, 2004).
Strawberry latent ringspot virus
(EU Annexes)
In 2002 and 2003, strawberry plants in coastal California (US) and British Columbia (CA) developed symptoms of leaf reddening, stunting and plant death. Up to 5 viruses were identified in declining plants. Among them,
Strawberry latent ringspot virus
and
Fragaria chiloensis latent virus
were identified in California and British Columbia. These two viruses were previously thought not to occur in USA and Canada (Tzanetakis
et al.
, 2004).
Xylella fastidiosa
(EPPO A1 list)
PCR methods have been developed in USA for the detection, differentiation and quantification of
X. fastidiosa
strains. In this study, 5 PCR systems were developed based on the currently available genomic sequences of 4 strains: Pierce’s disease of grapevine, almond leaf scorch, oleander leaf scorch and citrus variegated chlorosis. These PCR systems were able to differentiate each strain specifically in suspensions containing a mixture of strains (whole bacteria or DNA) and in DNA extractions from field-collected samples (Francis
et al
., 2004).
In California (US),
Xylella fastidiosa
has been isolated from new host plants: liquidambar (
Liquidambar styraciflua
), olive (
Olea
) and ornamental plum (
Prunus
) trees (Hernandez-Martinez
et al
., 2004).
Sources
Abstracts of the APS Annual Meeting, Anaheim, US, 2004-07-31-08/04.
Phytopathology, 94(6), supplement of June 2004, 180 pp.
Appel, D.N.; Kurdyla, T.; (2004) Nursery survey for sudden oak death in Texas (S5)
Benson, D.M.; Warfield, C.Y. (2004)
Phytophthora ramorum
not detected in a survey of North Carolina nurseries (S7).
Chastagner, G.A.; Hansen, E.M.; Riley, K.L.; Sutton, W. (2004) Susceptibility of conifer shoots to infection by
Phytophthora ramorum
(S16).
Francis, M.; Civerolo, E.; Lin, H. (2004) PCR-based systems for the detection, differentiation and quantification of
Xylella fastidiosa
strains (S31).
Gopal, K.; Reddy, M.K.; Prasadbabu, G.; Baranwal, V.K.; Khayum, S.; Phaneendra, C.; Gopi, V.; Palanivel, C. (2004) PCR detection of citrus greening bacterium (CGB) disease in commercial citrus species by addition of sodium sulphite in DNA extraction (S35).
Hernandez-Martinez, R.; Dumenyo, C.K.; Azad, H.; Costa, H.S.; Wong, F.P.; Cooksey, D.A. (2004) Phylogenetic analyses of
Xylella fastidiosa
strains isolated from ornamental hosts (S152).
Lebas, B.S.M.; Ochoa-Corona, F.M.; Elliott, D.R.; Tang, Z.; Alexander, B.J.R.; Froud, K.J. (2004) An investigation of an outbreak of
Impatiens necrotic spot virus
in New Zealand (S57).
Tzanetakis, I.; Bolda, M.; Martin, R. (2004) Identification of viruses in declining strawberries along the west coast of North America (S104).
Von Broembsen, S.L.; Olson, B.R.; Schnelle, M.A. (2004) Surveys of Oklahoma ornamental nurseries for
Phytophthora ramorum
the cause of sudden oak death (S106)"
XYLEFA,Xylella fastidiosa,2004/022,New data on quarantine pests and pests of the EPPO Alert List,2004-02,https://gd.eppo.int/reporting/article-1543,"EPPO Reporting Service no. 02 - 2004
Num. article:
2004/022
New data on quarantine pests and pests of the EPPO Alert List
By browsing through the literature, the EPPO Secretariat has extracted the following new data concerning quarantine pests and pests included on the EPPO Alert List. The situation of the pest concerned is indicated in bold, using the terms of ISPM no. 8.
New geographical records
Phytophthora cambivora
(formerly on the EPPO Alert List) which causes a severe decline of common alder (
Alnus glutinosa
) is reported for the first time in Poland (Orlikowski
et al
., 2003).
Present, no details.
In Lithuania,
Longidoridae
are considered as quarantine pests with the exception of the indigenous species,
Longidorus elongatus
. In 2001, 6049 soil samples from 1078 ha were examined for the presence of plant-parasitic nematodes.
Longidorus euonymus
was recorded from a single field (12 ha) of natural grassland in the Marijapol
ė region. This is the first report of
L. euonymus
in Lithuania (Stanelis, 2003).
Present, first found in 2001 in one grassland field in Marijapolė region.
Detailed records
Beet necrotic yellow vein benyvirus
(causing rhizomania – EPPO A2 list) occurs in North Dakota, USA (Workneh
et al
., 2003).
In Italy,
Cacoecimorpha pronubana
(Lepidoptera:
Tortricidae
– EPPO A2 list) occurs in the following regions: Abruzzi, Basilicata, Calabria, Campania, Emilia-Romagna, Lazio, Liguria, Lombardia, Molise, Piemonte, Puglia, Sicilia and Sardegna, Toscana, Trentino-Alto Adige, Veneto (Trematerra, 2003).
In USA,
Iris yellow spot tospovirus
(EPPO Alert List) has recently been reported in onion seed and bulb crops in Washington State. So far, this virus has also been reported in Colorado, Idaho and Oregon (du Toit
et al.
, 2004).
In 2000/2002, surveys and molecular studies were done in Tunisia on tomato yellow leaf curl diseases in the main tomato-growing areas. Results showed that only
Tomato yellow leaf curl Sardinia virus
(EPPO A2 list) occurs in Tunisia. It was found on tomato samples from Sahel and South regions, but not from other tomato-growing areas (Fekih-Hassan
et al
., 2003).
Xanthomonas arboricola
pv.
pruni
(EPP A2 list) was found for the first time in France in 1995 (see EPPO RS 97/112). The disease caused serious damage in peach in Drôme and Gard. However, in 2002, the disease incidence was moderate in Drôme and low in Gard. Studies are being carried on possible control measures (e.g. copper and sulphur treatments). Work is also being done on the influence of soil type, irrigation and peach cultivar (Rouzet
et al
., 2003).
New host plants
In Florida (US),
Plasmopara halstedii
(EU Annexes) was reported for the first time on
Rudbeckia fulgida
(
Asteraceae
) in August 2003. Affected plants did not produce flowers, and this outbreak led to the loss of 6,500 potted plants. The disease was observed after the excessive rains of summer 2003, but the origin of this outbreak is unknown (Dankers
et al
., 2004).
In Poland,
Tomato black ring nepovirus
(EU Annexes) is reported for the first time on cucumbers (
Cucumis sativus
) growing in a private garden. Affected plants showed growth reduction, leaf deformation and yellow spots (Pospieszny
et al
., 2003).
In Washington D.C. (US),
Xylella fastidiosa
(EPPO A1 list) has been observed for the first time on
Quercus velutina
causing leaf scorch symptoms (Huang, 2004).
Sources
Dankers, H.; Kimbrough, J.W.; Momol, M.T. (2004) First report of
Plasmopara halstedii
on perennial black-eyed Susan in North Florida.
Plant Health Progress (on-line publication, 2004-01-19).
http://www.plantmanagementnetwork.org/pub/php/brief/2004/susan/
Fekih-Hassan, I.; Gorsane, F.; Djilani, F.; Fakhfakh, H.; Nakhla, M.; Maxwell, D.; Marrakchi, M. (2003) Detection of
Tomato yellow leaf curl Sardinia virus
in Tunisia.
Bulletin OEPP/EPPO Bulletin, 33(2), 347-350.
Huang, Q. (2004) First report of
Xylella fastidiosa
associated with leaf scorch in black oak in Washington D.C.
Plant Disease, 88(2), p 224.
Orlikowski, L.; B.; Oszako, T.; Szkuta, G. (2003) First record of alder
Phytophthora
in Poland.
Journal of Plant Protection Research, 43(1), 33-39.
Pospieszny, H.; Jończyk, M.; Borodynko, N. (2003) First record of
Tomato black ring virus
(TBRV) in the natural infection of
Cucumis sativus
in Poland.
Journal of Plant Protection Research, 43(1), 11-18.
Rouzet, J.; André; J.; Garcin, A.; Aymard, J.; Chaumel, M.; Blanc, P.; Boudon, S.; Payen, C. (2003) Quelles alternatives face à la bactérie
Xanthomonas arboricola
pv.
pruni
. Bilan des expérimentations menées depuis 1998.
Phytoma – La Défense des Végétaux n° 565, 45-49.
Stanelis, A. (2003) The occurrence of
Longidorus euonymus
Mali & Hooper, 1974 (Nematoda: Dorylaimida) in Lithuanian natural grassland.
Russian Journal of Nematology, 11(1), 61-62.
du Toit, L.J.; Pappu, H.R. ; Druffel, K.L., Pelter, G.Q. (2004)
Iris yellow spot virus
in onion bulb and seed crops in Washington.
Plant Disease, 8(2), p 222.
Trematerra, P. (2003) Catalogo dei
Lepidoptera Tortricidae
della fauna italiana : geonemia, distribuzione in Italia, note biologiche, identificazione.
Bolletino di Zoologia agraria e di Bachicoltura. Serie II, volume 35 (suppl.), 270 pp.
Workneh, F.; Villanueva, E.; Steddom, K.; Rush, C.M. (2003) Spacial association and distribution of
Beet necrotic yellow vein virus
and
Beet soilborne mosaic virus
in sugar beet fields.
Plant Disease, 87(6), 707-711."
XYLEFA,Xylella fastidiosa,2003/129,Recent papers on Xylella fastidiosa,2003-09,https://gd.eppo.int/reporting/article-2115,"EPPO Reporting Service no. 09 - 2003
Num. article:
2003/129
Recent papers on Xylella fastidiosa
Several papers on
Xylella fastidiosa
(EPPO A1 list) and its associated diseases were recently published.
A review of the current knowledge about this complex bacterium has been published by Hopkins & Purcell (2002). In particular, it gives details on Pierce’s disease in California and the epidemics which has followed the introduction of an efficient vector
Homalodisca coagulata
. A table also summarizes crop and forest tree diseases confirmed or suspected* (Koch’s postulates not confirmed) to be caused by
X. fastidiosa
with their distribution.
Plant diseases
Reported occurrence
Grape strains
Pierce’s disease
Alfalfa dwarf
Almond leaf scorch
North and Central Americas, Peru, Kosovo
1
California (US)
California (US), Argentina
Peach-plum strains
Phony peach
Plum leaf scald (US)
Citrus variegated chlorosis
Coffee leaf scorch
Southeastern USA
Southeastern USA
Brazil, Argentina (known there as pecosita)
Brazil
Unknown cross-infectivity strains
Oak leaf scorch (related to peach strains)
Maple leaf scald
Elm leaf scorch
Sycamore leaf scorch
Mulberry leaf scorch
Plum leaf scald (South America)
Periwinkle wilt
Pear leaf scorch*
Pecan leaf scorch
Oleander leaf scorch
Eastern USA
Eastern USA
Eastern USA
Eastern USA
Eastern USA
Paraguay, Brazil
Florida (US)
Taiwan
Louisiana (US)
California, Florida (US)
1)
see EPPO RS 98/006 and 98/157: this record is considered as dubious. Material came from Cermjan, Kosovo (near Albanian border) but isolations and further studies were done in USA. Lack of detailed information on the origin of the material and of further study in the area concerned leaves considerable doubt about the nature of the original material.
Host range of different strains
Strains of
X. fastidiosa
isolated from diseased citrus and coffee in Brazil can incite symptoms of Pierce’s disease after artificial inoculation into 7 grapevine cultivars grown in glasshouse conditions. These cultivars are commercially grown in Brazil and California. Although this was observed under artificial conditions, this result appeared slightly surprising because earlier work had showed that strains from grapevine and citrus were the most distantly related within
X. fastidiosa
(Li
et al
., 2002).
Vectors
Studies done in Florida (US) showed that
Oncometiopa nigricans
(Homoptera: Cicadellidae) is a vector of citrus variegated chlorosis disease. This insect is commonly found feeding on citrus in Florida. Although
X. fastidiosa
is present in Florida, citrus variegated chlorosis does not occur there. But the presence of a suitable vector adds to the threat this disease represents for the citrus industry (Brlansky
et al
, 2002).
Diagnostics
A real-time PCR technique has been developed by Schaad
et al
. (2002) to detect
X. fastidiosa
within 1-2 hours in the field (with a portable thermocycler). This technique can be used to detect the bacterium in asymptomatic grapevines, either on naturally exuding sap (as soon as vines are coming out of dormancy in early spring) or on wood chips (during dormancy). This technique could be useful in areas where the disease occurs to map field infections and destroy infected plants early in the season to prevent any further spread.
Taxonomy
As
X. fastidiosa
is a heterogeneous species, Schaad
et al
. (2003) proposed new taxa on the basis of DNA homology and ITS sequencing. 26 strains from 10 host plants were compared and 3 new taxa and names are now proposed:
- taxon A (grape, alfalfa, maple, and 2 almond strains)
X. fastidiosa
subsp.
piercei
- taxon B (peach, elm, plum, wild grape, 1 almond, and sycamore strains)
X. fastidiosa
subsp.
agglomeri
- taxon C (citrus strains)
X. fastidiosa
subsp.
idiotraposa
Sources
Brlansky, R.H.; Damsteegt, V.D.; Hartung, J.S. (2002) Transmission of the citrus variegated chlorosis bacterium
Xylella fastidiosa
with the sharpshooter
Oncometopia nigricans
.
Plant Disease, 86(11), 1237-1239.
Hopkins, D.L.; Purcell, A.H. (2002)
Xylella fastidiosa
: cause of Pierce’s disease of grapevine and other emergent diseases.
Plant Disease, 86(10), 1056-1066.
Li, W.B.; Zhou, C.H.; Pria, W.D. Jr; Teixeira, D.C., Miranda, V.S.; Pereira, E.O.; Ayres, A.J.; He, C.X.; Costa, P.I.; Hartung, J.S. (2002) Citrus and coffee strains of
Xylella fastidiosa
induce Pierce’s disease in grapevine.
Plant Disease, 86(11), 1206-1210.
Schaad, N.W.; Opgenorth, D.; Gaush, P. (2002) Real-time polymerase chain reaction for one-hour on-site diagnosis of Pierce’s disease of grape in early season asymptomatic vines.
Phytopathology, 92(7), 721-728
Schaad, N.W.; Postnikova, E.; Fatmi, M.; Lacy, G.H.; Chang, C.J. (2003)
Xylella fastidiosa
taxonomy. Abstract of a paper presented at the APS Annual Meeting (Charlotte, US, 2003-08-09/13).
Phytopathology 93(6), supplement, S76."
XYLEFA,Xylella fastidiosa,2003/128,First report of transmission of Xylella fastidiosa through citrus seeds,2003-09,https://gd.eppo.int/reporting/article-2114,"EPPO Reporting Service no. 09 - 2003
Num. article:
2003/128
First report of transmission of Xylella fastidiosa through citrus seeds
Xylella fastidiosa
(EPPO A1 list), among other diseases, is responsible for citrus variegated chlorosis which severely affects citrus orchards in Brazil. So far, it has been shown that this disease was transmitted by sharpshooters (Cicadellidae), infected bud wood and natural root grafts. Studies were done in Brazil to characterize the distribution of
X. fastidiosa
in various parts of sweet orange (
Citrus sinensis
) fruit and seeds and to determine whether the bacterium could be transmitted through seeds to seedlings. Symptomatic and asymptomatic fruits of
C. sinensis
cvs Pera, Valencia and Natal were collected and tested (PCR assays) for the presence of
X. fastidiosa
. The bacterium could be detected in samples of peduncles, peel, endocarp, septum, locular membrane and central axis of symptomatic fruits. It was also observed that fresh weight of affected fruits was reduced by 25% compared to healthy fruits.
X. fastidiosa
was detected on seeds collected from diseased fruits, both in the embryo and seed coat. No apparent symptoms were observed on diseased seeds. However, the weight of affected embryos was reduced by 25 % compared to healthy ones, and seed germination was lower. Finally,
X. fastidiosa
was detected in seedlings (PCR assays and
in vitro
isolation) grown from seeds which had been collected on symptomatic fruits. The authors concluded that this is the first report of seed transmission of
X. fastidiosa
. They felt that further studies should be done on citrus rootstocks (such as Rangpur lime) as these are multiplied by seedlings, as well as on coffee varieties and rootstocks which are also largely multiplied by seedlings and affected by
X. fastidiosa
(causing coffee leaf scorch).
Sources
Li, W.B.; Pria, W.D.; Lacava, Jr P.M.; Qin, X.; Hartung, J.S. (2003) Presence of
Xylella fastidiosa
in sweet orange fruit and seeds and its transmission to seedlings.
Phytopathology, 93(8), 953-958."
XYLEFA,Xylella fastidiosa,2002/175,Real-time quantitative PCR for Xylella fastidiosa on citrus,2002-11,https://gd.eppo.int/reporting/article-2339,"EPPO Reporting Service no. 11 - 2002
Num. article:
2002/175
Real-time quantitative PCR for Xylella fastidiosa on citrus
In Brazil, a real-time quantitative PCR method was developed for
Xylella fastidiosa
(EPPO A1 list). It was used on artificially infested
Citrus sinensis
and
Citrus reticulata
(by inoculation or grafting), using known resistant and susceptible cultivars. This method allowed quantification of
X. fastidiosa
, and determination of its temporal and spatial distribution, in citrus tissues. The method is straightforward, sensitive and reproducible. It also confirmed earlier results obtained on grapevine according to which multiplication and spread of
X. fastidiosa
is faster within more susceptible cultivars. The authors believe that this method is convenient for the study of different aspects of the development of
X. fastidiosa
in citrus and could also be used in citrus breeding programme to identify sources of resistance or tolerance to
X. fastidiosa
.
Sources
Oliveira, C; Vallim, M.A.; Semighini, P.; Araújo, W.L.; Goldman, G.H.; Machado, M.A. (2002) Quantification of
Xylella fastidiosa
from citrus trees by real-time polymerase chain reaction assay.
Phytopathology, 92(10), p 1048-1054"
XYLEFA,Xylella fastidiosa,2002/090,New data on quarantine pests and pests of the EPPO Alert List,2002-06,https://gd.eppo.int/reporting/article-2254,"EPPO Reporting Service no. 06 - 2002
Num. article:
2002/090
New data on quarantine pests and pests of the EPPO Alert List
By browsing through the literature, the EPPO Secretariat has extracted the following new data concerning quarantine pests and pests included on the EPPO Alert List. The situation of the pest concerned is indicated in bold, using the terms of ISPM no. 8.
New geographical records
In a review on Pierce’ disease (
Xylella fastidiosa
– EPPO A1 quarantine pest), it is noted that its efficient vector
Homolodisca coagulata
(Homoptera: Cicadellidae – EPPO Alert List) has been introduced into Tahiti, Polynésie française (Sforza ; Purcell, 2002).
Present, no detail
.
In a review paper by Oliveira
et al
. (2001), the presence of
Bemisia tabaci
(EPPO A2 quarantine pest) is mentioned in Bolivia and Montserrat. The EPPO Secretariat had previously no data on the occurrence of
B. tabaci
in these two countries.
Present, no detail
.
Detailed records
The ‘B’ biotype of
Bemisia tabaci
(EPPO quarantine pest) was first identified in Turkey in the autumn 2000. It was found in the eastern Mediterranean region near Adana and Içel on field vegetable crops. In this region, it is now a major pest of squash, bean, aubergine,
Euphorbia pulcherrima, Hibiscus rosa-sinensis
. By spring 2001, lower populations of
B. tabaci
biotype B were found on squash, melon, watermelon and cucumber but the pest has spread to all the eastern Mediterranean region (Ulusoy
et al
., 2002).
The ‘B’ biotype of
Bemisia tabaci
(EPPO quarantine pest) was found on samples of
Lantana
camara
from Qalyubiya Governorate, Egypt (Abd-Rabou
et al
., 2001).
Clavibacter michiganensis
subsp.
michiganensis
(EPPO A2 quarantine pest) was found in 2001, in six commercial fields (
Lycopersicon esculentum
cv. Target) in the eastern Anatolia region of Turkey. Although, it has been reported previously in Aegean and Mediterranean regions
, this is the first report of the disease in the eastern Anatolia region. As only one cultivar was affected, it is suspected that contaminated seeds or transplants were the source of infection (Şahin, et al., 2002).
Severe outbreaks of
Tomato spotted wilt tospovirus
(EPPO A2 quarantine pest) are currently reported from Massachusetts, North Carolina and Virginia, US (Promed, 2002).
During winter 2000,
Tomato yellow leaf curl begomovirus
(EPPO A2 quarantine pest) was found for the first time in Islas Baleares, Spain. Both TYLCV-Is and TYLCV-Sar were detected in diseased tomatoes (Font
et al
., 2002).
New host plants
Arabis mosaic nepovirus
(EU Annexes) was isolated for the first time on
Choisya ternata
(Rutaceae). Affected plants showed abnormal stunting, apical die-back of young shoots (Mumford
et al
., 2002).
Sources
Abd-Rabou, S.;; Banks, G.K.; Markham, P.G. (2001) Silver leafing; esterase and RAPD-PCR analysis of a field population of
Bemisia tabaci
(Homoptera: Aleyrodidae) from Egypt.
Egyptian Journal of Agricultural Research, 79(1), 117-212.
Anonymous (2002) Tomato spotted wilt, tomato – USA (North Carolina), (Virginia) and (Massachusetts). ProMed postings of 2002-06- 21, 2002-06-24, 2002-06-26.
http://www.promedmail.org
Font, I.; Martínez-Culebras, P.; Gomila, J.; Jordá, C. (2002) First report of
Tomato yellow leaf curl virus
(TYLCV) in the Balearic Islands.
Journal of Plant Pathology, 84(1), p 69.
Mumford, R.A.; Blockley, A.L.; Jarvis, B.; Wright, D.M. (2002) Isolation of
Arabis mosaic virus
from Mexican orange blossom (
Choisya ternata
) in the UK.
Plant Pathology, 51(3), p 395.
Oliveira, M.R.V.; Henneberry, T.J.; Anderson, P. (2001) History, current status, and collaborative research projects for
Bemisia tabaci
.
Crop Protection 20(9), 709-723.
Şahin, F.; Uslu, H.; Kotan, R.; Donmes, M.F. (2002) Bacterial canker, caused by
Clavibacter michiganensis
ssp.
michiganensis
, on tomatoes in eastern Anatolia region of Turkey.
Plant Pathology, 51(3), p 399.
Sforza, R.; Purcell, A.H. (2002) La maladie de Pierce: quelle menace pour la vigne en Europe;?
Phytoma – La Défense des Végétaux, no. 550, 12-16.
Ulusoy, R.M.; Brown, J.K.; Bayhan, E. (2002) The ‘B’ biotype of
Bemisia tabaci
now established in Turkey.
EWSN Newsletter, no. 13, May 2002, p 4."
XYLEFA,Xylella fastidiosa,2002/013,Addition of Homalodisca coagulata to the EPPO Alert List,2002-01,https://gd.eppo.int/reporting/article-2176,"EPPO Reporting Service no. 01 - 2002
Num. article:
2002/013
Addition of Homalodisca coagulata to the EPPO Alert List
The xylem-limited bacterium
Xylella fastidiosa
(EPPO A1 quarantine pest) can cause different diseases on various host plants (e.g. alfalfa dwarf, grapevine Pierce's disease, citrus variegated chlorosis, peach phony disease, almond leaf scorch, plum leaf scald, oleander leaf scorch, leaf scorch on several forest tree species) and is transmitted by insect vectors. All sucking insects feeding on xylem sap may be potential vectors. In California (US), the recent establishment of
Homalodisca coagulata
(glassy-winged sharpshooter) resulted in an increase of grapevine Pierce's disease incidence and is perceived as a threat to the whole Californian grapevine industry and also to other plants such as alfalfa, almond, peach, plum and oleander. Until the introduction and establishment of
H. coagulata
in California, the most important vectors of grapevine Pierce's disease were
Graphocephala atropunctata
(blue-green sharpshooter),
Draeculacephala minerva
(green sharpshooter) and
Carneocephala fulgida
(red-headed sharpshooter). All three species are listed as quarantine pests in the EU Annexes. The EPPO Panel on Phytosanitary Measures considered that
H. coagulata,
as an efficient vector of
X. fastidiosa
, could present a risk to the EPPO region and therefore should be added to the EPPO Alert List
Homolodisca coagulata
(Homoptera: Cicadellidae) – vector of
Xylella fastidiosa
Why
: In California (US), the recent establishment of
Homalodisca coagulata
(glassy-winged sharpshooter) resulted in an increase of incidence of grapevine Pierce's disease (caused by
Xylella fastidiosa
) and is perceived as a threat to the whole Californian grapevine industry and also to other plants such as alfalfa, almond, peach, plum and oleander. As
H. coagulata
seems to present a greater risk to the EPPO region than the listed vectors of
X. fastidiosa
, with respect to both grapevine and citrus, the EPPO Panel on Phytosanitary Measures felt that it should be added to the EPPO Alert List.
Where
: Mexico (north, except in very arid areas), USA (southern states: Alabama, Arkansas, Florida, Louisiana, Mississippi, North Carolina, South Carolina, Texas). Recently established in southern California but it is expected that it will continue to spread towards the north.
H. coagulata
is thought to have been introduced from other parts of USA, most probably as egg masses on plant material. Since the early 1990s,
H. coagulata
has been seen in high numbers in citrus groves along the coast of southern California but until 1994 it was confused with a similar species
Homalodisca lacerta.
On which plants:
It has a very broad host range. It has been found on more than 70 plant species in 35 families including: avocado, citrus, macadamia, and many woody ornamentals (e.g.
Fraxinus
,
Lagerstroemia
,
Rhus
). A list of host plants can be viewed on Internet (California Department of Food and Agriculture).
Damage
: Adults are 13-14 mm long, dark brown with small yellow dots on head and thorax. Membranous, translucent wings with reddish veins. Insects overwinter as adults and begin laying egg masses (10-12 eggs) in late February through May. Adults of this first generation appear in late May through late August. Second-generation egg masses are laid from mid-June though late September.
H. coagulata
feeds on stems rather than leaves, and excretes copious amounts of watery excrement.
In California,
H. coagulata
is an efficient vector of
X. fastidiosa
to grapevine, almond, and oleander. In southeastern USA,
H. coagulata
is considered as the most efficient vector of peach phony and plum leaf scald. The strain of
X. fastidiosa
causing citrus variegated chlorosis does not occur in California. While
H. coagulata
is not positively mentioned as a vector of this strain, it occurs abundantly on citrus and seems likely to facilitate spread of the citrus disease if it were ever introduced into California. Following the establishment of
H. coagulata
in California, an outbreak of grapevine Pierce's disease occurred in the Temecula Valley of Southern California. The outbreak started in 1997. In 1998, symptoms were visible in a few localized areas but when tests were done they revealed a disease incidence of 25% to 97% in vineyards. It is estimated that during the last 3 growing seasons, the disease has killed more than 120 ha of vineyards in the Temecula Valley and that it threatens the whole Californian grapevine industry. Phytosanitary measures are being taken in California to prevent the spread of
H. coagulata
.
Pathway
:
H. coagulata
could be introduced via its many host plants into the EPPO region. Plants for plantings, cut flowers and branches, fruits?
Possible risks:
X. fastidiosa
does not occurs in Europe but it represents a very serious threat essentially to grapevine and citrus crops, but also to other host plants such as deciduous forest and amenity trees and oleander. Measures are already taken to present the entry of
X. fastidiosa
but it is also very important to prevent the entry of efficient vectors such as
H. coagulata
.
EPPO
RS 2002/013
Panel review date
-
Entry date 2002-01
Sources
Blua, M.J.; Redak, R.A.; Morgan, J.W.; Costa, H.S. (2001) Seasonal flight activity of two
Homalodisca
species (Homoptera: Cicadellidae) that spread
Xylella fastidiosa
in Southern California. Journal of Economic Entomology, 94(6), 1506-1510.
Gould, A.B.; French, W.J.; Aldrich, J.H.; Brodbeck, B.V.; Mizell, R.F. III; Andersen, P.C. (1991) Rootstock influence on occurrence of
Homalodisca coagulata
, peach xylem fluid amino acids, and concentrations of Xylella fastidiosa. Plant Disease, 75(8), 767-770.
Purcell, A.H.; Saunders, S.R. (1999) Glassy-winged sharpshooters expected to increase plant disease. California Agriculture, 53(2), 26-27 (abst.).
Purcell, A.H.; Saunders, S.R.; Hendson, M. Grebus, M.E.; Henry M.J. (1999) Causal role of
Xylella fastidiosa
in oleander leaf scorch disease. Phytopathology, 89(1), 53-58.
INTERNET
Xylella Web Site.
http://www.cnr.berkeley.edu/xylella/
California Department of Food and Agriculture.
Pierce disease control programme and list of host plants of
H. coagulata
.
http://pi.cdfa.ca.gov/pqm/manual/454.htm
GWSS/PD Home page.
http://plant.cdfa.ca.gov/gwss/gwpics.htm
University of California. Agriculture and Natural Resources. Report of the Pierce's Disease research and emergency response task force.
http://danr.ucop.edu/news/speeches/glassywinged.html
California Farm Bureau Federation. Glassy-winged sharpshooter news and information service.
http://www.cfbf.com/issues/gwss/"
XYLEFA,Xylella fastidiosa,2001/185,First report of Xylella fastidiosa on coffee in Costa Rica,2001-10,https://gd.eppo.int/reporting/article-3010,"EPPO Reporting Service no. 10 - 2001
Num. article:
2001/185
First report of Xylella fastidiosa on coffee in Costa Rica
In Costa Rica, severe symptoms were observed on coffee (
Coffea arabica
cvs. Caturra and Catuaí). They were characterized by reduced leaf size, leaf malformation and curling of the edges, shortening of internodes, severe leaf chlorotic mosaic becoming necrotic in some cases. Flower and young berry abortion was also observed. Affected plants presented irregular growth with an atypical curling appearance (hence the Spanish name ‘crespera’). Samples were collected and tested by ELISA, and revealed the presence of
Xylella fastidiosa
(EPPO A1 quarantine pest). It is noted that symptoms observed in Costa Rica were different from those reported in Brazil. This could be due to very different climatic and soil conditions. Preliminary studies showed that the bacterium could be detected in leafhoppers (
Graphocephala permagna
and
Erythrogonia sonora
) but their vector status has to be confirmed. The authors noted that this is the first time that
X. fastidiosa
is reported from coffee in Costa Rica.
Sources
Rodríguez, C.M.; Obando, J.J.; Villalobos, W.; Moreira, L.; Rivera, C. (2001) First report of
Xylella fastidiosa
infecting coffee in Costa Rica.
Plant Disease, 85(9), p 1027."
XYLEFA,Xylella fastidiosa,2001/184,Citrus strains of Xylella fastidiosa can cause coffee leaf scorch,2001-10,https://gd.eppo.int/reporting/article-3009,"EPPO Reporting Service no. 10 - 2001
Num. article:
2001/184
Citrus strains of Xylella fastidiosa can cause coffee leaf scorch
Artificial inoculation studies carried out in Brazil showed that
Xylella fastidiosa
(EPPO A1 quarantine pest) strains isolated from citrus plants (causing citrus variegated chlorosis) are pathogenic to coffee plants (causing coffee leaf scorch). Previously, it had been observed that isolates from citrus and coffee were morphologically, serologically and genetically closely related. In Sao Paulo state, Brazil, as citrus and coffee are usually growing in adjacent plots, it is thought that citrus strains originated as selections from a pre-existing population in coffee. Although
X. fastidiosa
was identified on citrus before coffee, symptoms of coffee leaf scorch had been observed even earlier but were attributed to other causes (in particular to nematodes). In addition, coffee leaf scorch occurs in other Brazilian states where citrus has never been grown and the incidence of coffee leaf scorch is higher than citrus variegated chlorosis. In insect transmission studies, preliminary results showed that
Oncometopia facialis
and
Dilobopterus costalimai
can transmit
X. fastidiosa
strains isolated from diseased citrus plants to coffee plants. Further studies will be made to see whether coffee strains are pathogenic to citrus plants.
Sources
Li, W.B.; Pria, W.D. Jr; Teixeira, D.C.; Miranda, V.S. Ayres, A.J.; Franco, C.F.; Costa, M.G.; He, C.X.; Costa, P.I.; Hartung, J.S. (2001) Coffee leaf scorch caused by a strain of
Xylella fastidiosa
from citrus.
Plant Disease, 85(5), 501-505."
XYLEFA,Xylella fastidiosa,2001/118,New data on quarantine pests and pests of the EPPO Alert List,2001-07,https://gd.eppo.int/reporting/article-2943,"EPPO Reporting Service no. 07 - 2001
Num. article:
2001/118
New data on quarantine pests and pests of the EPPO Alert List
By browsing through the literature, the EPPO Secretariat has extracted the following new data concerning quarantine pests and pests included on the EPPO Alert List. The situation of the pest concerned is indicated in bold, using the terms of ISPM no. 8.
New geographical records
Barley yellow dwarf luteovirus
is reported for the first time from Tunisia. It was found in all surveyed regions: Beja, Bizerte, Cap-Bon, Jendouba, Le Kef, Siliana, Zaghouan (Makkouk
et al
., 2001).
Present, in the major cereal-growing regions.
During a survey carried out in Lebanon in 1999,
Beet necrotic yellow vein benyvirus
(EPPO A2 quarantine pest) was detected in sugar beet samples collected in the Bekaa valley (Choueiri
et al
., 2000).
Present, in the Bekaa valley (major sugar beet-growing region).
Diaporthe phaseolorum
var.
caulivora
(Ascomycetes, Diaporthales), causing soybean stem canker, is reported for the first time from Argentina, at Oliveros, Santa Fe. In the fields where samples were collected, the disease incidence reached 76 % (Pioli
et al
., 2001).
Present, found in 1999 near Santa Fe.
The
Phytophthora
root rot disease of alder (formerly on the EPPO Alert List) was first found in Italy. Seedlings of
Alnus cordata
growing in a nursery in northern Toscana were found naturally infected by the
Phytophthora
species. The disease caused wilting and mortality (Santini
et al
., 2001).
Present, found in one nursery in northern Toscana
.
Squash leaf curl begomovirus
(EPPO A1 quarantine pest) is reported for the first time in Saudi Arabia (Al-Shahwan
et al
., 2000).
Present, no details
.
Detailed records
Citrus tristeza closterovirus
(EPPO A2 quarantine pest) is reported for the first time from the western area of Palestinian West Bank; it was not found in the eastern part of West Bank (Jarrar
et al
., 2000).
Ditylenchus dipsaci
(EPPO A2 quarantine list) is reported from the Aegean region of Turkey on narcissus (Borazanci ; Çinarli, 1996), and from the Province of Amasya in the Black Sea region on onion,
Allium cepa
(Mennan ; Ecevit, 2001).
A recent survey on the distribution of potato cyst nematodes (EPPO A2 quarantine pests) in England and Wales (GB), showed that
Globodera
species were present in 64 % of sampled sited. Of the populations found, 67% were pure
G. pallida
, 8 % were pure
G. rostochiensis
and 25 % contained both species. These results showed an increase in potato cyst nematodes incidence and a shift towards
G. pallida
as the dominant species (Minnis
et al
., 2000).
Impatiens necrotic spot tospovirus
(EPPO A2 quarantine pest) has been found in 1999 and 2000 on peanut (
Arachis hypogaea
) in Georgia, US (Wells
et al
., 2001).
In 1993-1994,
Liriomyza trifolii
(Diptera, Agromyzidae - EPPO A2 quarantine pest) caused damage to protected tomato crops in the Province of Içel, Mediterranean region of Turkey (Ulubilir
et al
., 1996).
Liriomyza trifolii
(Diptera, Agromyzidae - EPPO A2 quarantine pest) is present in the Ismailia Governorate in Egypt (Omar ; Faris, 2000).
Meloidogyne chitwoodi
(EPPO A2 quarantine pest) was first found in Texas (US) on potatoes in October 2000. The paper also mentioned its presence in New Mexico (Szalanski
et al
., 2001).
Mycosphaerella populorum
(EPPO A1 quarantine pest) occurs in Kentucky, US. It was found in 2001-01, on two plantations of hybrid poplars ((
Populus trichocarpa
x
P. deltoides
) x
P. maximowiczii
) (Stanosz
et al
., 2001).
A study on tospoviruses in Greece, showed that
Tomato spotted wilt tospovirus
occurs in the prefectures of Drama, Pieria (near Katerini) and Xanthi.
Impatiens necrotic spot tospovirus
was not found (Chatzivassiliou
et al
., 2001).
In Iran, severe leaf and stem necrosis was observed in potato fields of Firuzkuh (Tehran Province) during summer 1998.
Tomato spotted wilt tospovirus
was detected in affected potato crops. This is the first report of this virus on potato in Iran, although its presence was reported from ornamental crops in the Tehran Province (near Tehran and Absard) (Pourrahim
et al
., 2001).
In 2000,
Xanthomonas arboricola
pv.
pruni
(EPPO A2 quarantine pest) has spread in Gard and Drôme (southeast of France), essentially on peach but also on apricot and plum (Breniaux, 2001).
Xanthomonas arboricola
pv.
pruni
(EPPO A2 quarantine pest) occurs in the State of New York, US (Heidenreich
et al
., 2001)
Recent surveys showed that bacterial leaf scorch of northern red oak (
Quercus rubra
), caused by
Xylella fastidiosa
(EPPO A1 quarantine pest), is widespread in New Jersey, USA (USDA/Forest Service Pest Alert).
New host plants
Spathiphyllum
is reported as a new natural host of
Impatiens necrotic spot tospovirus
(EPPO A2 quarantine pest). Diseased plants were observed in a greenhouse in Toscana, Italy, in September 1999 (Materazzi ; Triolo, 2001).
Sources
Al-Shahwan, I.M.; Harrison, B.D.; Abdalla, O.A.; Al-Saleh, M.A. (2000) Detection of Squash leaf curl virus (SqLCV), Okra leaf curl virus and other geminiviruses in Saudi Arabia.
Arab and Near East Plant Protection Newsletter, no. 31, p 34
Borazanci, N.; Çinarli, I. (1996) Control of the stem nematode (
Ditylenchus dipsaci
Kühn) parasitic on
Narcissus poetaz
“Cheerfulness” in the Aegean region.
Bitki Koruma Bülteni, 36(1-2), 79-90.
Breniaux, D. (2001) Bilan phytosanitaire arboriculture fruitière 2000.
Phytoma – La Défense des Végétaux, no. 536, 22-25.
Chatzivassiliou, E.K.; Katis, N.I.; Weekes, R.J.; Morris, J.; Wood, K.R.; Barker, I. (2000) Characterization of tospoviruses in Greece.
Phytopathologia Mediterranea, 39(2), p 319.
Choueiri, E.; Younis, H.; Saad, A.; Hanna, L.; Issa, S.D.; Hasan, S.H.; El Takach, T. (2000) Incidence and distribution of virus diseases of sugar beet in Lebanon with observations on other major diseases.
Arab and Near East Plant Protection Newsletter, no. 31, p 34
Heidenreich, M.C.; Heidenreich, G.E.; Turecheck W.W. (2001) Development of management strategies for control of diseases of stone fruit in New York.
Phytopathology, 91(6), S37.
Jarrar, S.; Djelouah, K.; D’Onghia, A.M.; Savino, V. (2000) First record of
Citrus tristeza virus
in Palestine.
Journal of Plant Pathology, 82(3), 243-244.
Makkouk, K.M.; Najar, A.; Kumari, S.G (2001) First record of Barley yellow dwarf and Cereal yellow dwarf viruses in Tunisia.
New Disease Reports, vol 3.
http://www.bspp.org.uk/ndr/
Materazzi, A.; Triolo, E. (2001)
Spathiphyllum
sp.: a new natural host of
Impatiens necrotic spot virus
.
Plant Disease, 85(4), p 448.
Mennan, S.; Ecevit, O. (2001) The first record of the dissemination of
Ditylenchus
dipsaci
by seed in Turkey.
Phytopathology, 91(6), S138.
Minnis, S.T.; Haydock, P.P.J.; Ibrahim, S.K.; Grove, I.G.; Evans, K.; Russell, M.D. (2000) The occurrence and distribution of potato cyst nematodes in England and Wales.
Aspects of Applied Biology, no. 59, 1-9 (abst.).
Omar, B.A.; Faris, F.S. (2000) Bio-residual activity of different insecticides on the leaf miners and yield components of snap bean
Phaseolus vulgaris
(L.).
Egyptian Journal of Agricultural Research, 78(4), 1485-1497.
Pioli, R.N.; Morandi, E.N.; Bisaro, V. (2001) First report of soybean stem canker caused by
Diaporthe phaseolorum
var.
caulivora
in Argentina.
Plant Disease, 85(1), p 95.
Pourrahim, R.; Farzadfar, S.; Moini, A.A.; Shahareen, N.; Ahoonmanesh, A. (2001) First report of Tomato spotted wilt virus on potatoes in Iran.
Plant Disease, 85(4), p 442.
Santini, A.; Barzanti, G.P.; Capretti, P. (2001) A new
Phytophthora
root disease of alder in Italy.
Plant Disease, 85(5), p 560.
Stanosz, G.R., Stanosz, J.C.; Rousseau, R.J. (2001) Hybrid poplar stem cankers caused by
Mycosphaerella populorum
in Kentucky, USA.
New Disease Reports, vol 4.
http://www.bspp.org.uk/ndr/
Szalanski, A.L.; Mullin, P.G.; Harris, T.S.; Powers, T.O. (2001) First report of Columbia root knot nematode (
Meloidogyne chitwoodi
) in potato in Texas.
Plant Disease, 85(4), p 442.
Ulubilir, A.; Yabas, C.; Yigit, A. (1996) Effect of mass trapping by yellow sticky traps in control of leaf miner,
Liriomyza trifolii
Burgess (Dip.: Agromyzidae) injurious on protected vegetables in Içel.
Bitki Koruma Bülteni, 36(3-4), 143-149.
USDA/Forest Service Pest Alert. Bacterial Leaf Scorch affects New Jersey State tree.
http://www.fs.fed.us/na/morgantown/fhp/palerts/leaf/leaf.htm
Wells, L.; Culbreath, A.K.; Pappu, H.R. (2001) Impatiens necrotic spot in Georgia peanut.
Phytopathology, 91(6), S94."
XYLEFA,Xylella fastidiosa,2001/060,Citrus variegated chlorosis (Xylella fastidiosa) can be transmitted through natural root grafts,2001-03,https://gd.eppo.int/reporting/article-2885,"EPPO Reporting Service no. 03 - 2001
Num. article:
2001/060
Citrus variegated chlorosis (Xylella fastidiosa) can be transmitted through natural root grafts
Citrus variegated chlorosis is caused by
Xylella fastidiosa
(EPPO A1 quarantine pest). The bacterium can be spread over long distances by infected nursery trees and is transmitted in orchards by insect vectors. Studies have been carried out in Brazil on the distribution of
X. fastidiosa
within citrus roots and it was shown that the bacterium can colonize root systems. In addition, pot experiments with
Citrus sinensis
plants (1 inoculated and 1 non-inoculated plant per pot) showed that
X. fastidiosa
could be transmitted between citrus plants through natural root grafts. This is the first time that this mode of transmission is reported. Further studies are needed to evaluate the actual importance of transmission through natural root grafts in the epidemiology of the diseases caused by
X. fastidiosa
on its various host plants.
Sources
He, C.X.; Li, W.B.; Ayres, A.J.; Hartung, J.S.; Miranda, V.S.; Teixeira, D.C. (2000) Distribution of
Xylella fastidiosa
in citrus rootstocks and transmission of citrus variegated chlorosis between sweet orange plants through natural root grafts.
Plant Disease, 84(6), 622-626."
XYLEFA,Xylella fastidiosa,2001/059,Xylella fastidiosa can cause pecan leaf scorch,2001-03,https://gd.eppo.int/reporting/article-2884,"EPPO Reporting Service no. 03 - 2001
Num. article:
2001/059
Xylella fastidiosa can cause pecan leaf scorch
Several forms of leaf scorch diseases have been observed on pecan (
Carya illinoinensis
) and attributed to various causes, such as nutrition deficiencies, environmental problems or fungal pathogens. So far, various fungi (
Phomopsis, Pestalotia, Epicoccum, Curvularia, Fusarium
) had been thought to be associated with a particular form of leaf scorch disease which was accordingly called fungal leaf scorch disease. Symptoms were characterized by necrotic areas which first appeared on the tips or margins of leaflets and progressed towards the midribs. The advancing necrosis was often delimited by a black margin and affected leaflets abscised. In 1998,
Xylella fastidiosa
(EPPO A1 quarantine pest) was found in association with this disease. By completing Koch’s postulates, Sanderlin and Heyderich-Alger (2000) have now shown that
X. fastidiosa
can cause leaf scorch in pecan orchards in Louisiana. It appears that
X. fastidiosa
is the primary pathogen, as the disease can develop in the absence of fungi. It is likely that fungi are secondary pathogens, or saprophytes developing on dead tissues. It was proposed to call the disease pecan bacterial leaf scorch. It is noted that, unlike other diseases caused by
X. fastidiosa
on other host plants, pecan bacterial leaf scorch does not lead to the death of pecan plants.
Sources
Sanderlin, R.S.; Heyderich-Alger (2000) Evidence that
Xylella fastidiosa
can cause leaf scorch disease of pecan.
Plant Disease, 84(12), 1282-1286."
XYLEFA,Xylella fastidiosa,2001/021,New data on quarantine pests and pests of the EPPO Alert List,2001-02,https://gd.eppo.int/reporting/article-2846,"EPPO Reporting Service no. 02 - 2001
Num. article:
2001/021
New data on quarantine pests and pests of the EPPO Alert List
By browsing through the literature, the EPPO Secretariat has extracted the following new data concerning quarantine pests and pests included on the EPPO Alert List. The situation of the pest concerned is indicated in bold, using the terms of ISPM no. 8.
New geographical records
Echinothrips americanus
is reported for the first time from Austria. In February 2000, it was found in Vienna on glasshouse azalea (
Rhododrendron simsii
), on which it caused heavy damage.
Present: only in one glasshouse in Vienna
. (Kahrer ; Lethmayer, 2000).
Mycosphaerella pini
(EU Annexes) is reported to cause needle blight in
Pinus sylvestris
var
mongolica
in Neimenggu, China. The EPPO Secretariat had previously no data on
M. pini
in China.
Present: in Neimenggu
. Review of Plant Pathology, 79(12), p 1254 (8999).
Phyllocnistis citrella
has been reported in Bermuda in August 2000.
Present: widespread
. (Pollard, 2000).
Detailed records
In Slovenia,
Ditylenchus dipsaci
(EPPO A2 quarantine list) was found in 1997 on chicory. In 1998, closer monitoring showed that it is present in the region of Primorska (west part). Serious damage was seen near Nova Gorica and Šempeter on chicory, spinach and lettuce. Nematological Abstracts, 69(4), p 211 (1516).
In Lebanon,
Globodera rostochiensis
(EPPO A2 quarantine pest) is reported in the central Bekaa region. It was detected on 17% of the sampled fields. Nematological Abstracts, 69(4), p 263 (1885).
Ips cembrae
(EU Annexes) occurs in Liaoning Province, China. Review of Agricultural Entomology, 88(12), p 1581 (11418).
Ophiostoma novo-ulmi
is reported for the first time on the island of Ibiza, Baleares (Spain). (García Rotger ; Romero Casado, 1996).
Pissodes nemorensis
(EPPO A1 quarantine pest) occurs in Kentucky, US. Review of Agricultural Entomology, 88(10), p 1288 (9309).
Ralstonia solanacearum
(EPPO A2 quarantine pest) occurs on potato fields in Mérida state, the main potato-growing area in Venezuela. During a survey it was observed that disease incidence increased from 22 % in 1992 to 37% in 1996. Proportion of biovars present was respectively: I (6%), II (82%), III (12%). Review of Plant Pathology, 79(10), p 1018 (7344).
Ralstonia solanacearum
(EPPO A2 quarantine pest) race 2 biovar III occurs in potato fields in El-Minia Governorate, Egypt. Review of Plant Pathology, 79(11), p 1125 (8083).
Stephanitis pyrioides
(EPPO Alert List) is a pest of azaleas in Maryland, US. (Shrewsbury ; Raupp, 2000)
In New Zealand,
Strawberry latent ringspot nepovirus
(EU Annexes) is reported in Auckland and Hawke Bay. (Anonymous, 2001).
Xanthomonas axonopodis
pv.
citri
(EPPO A1 quarantine pest) is present in Gujarat, India. Review of Plant Pathology, 79(10), p 1029 (7418).
Xanthomonas oryzae
pv.
oryzae
(EPPO A1 quarantine pest) is present in Guarico state, Venezuela. Review of Plant Pathology, 79(12), p 1223 (8775).
Citrus variegated chlorosis caused by
Xylella fastidiosa
(EPPO A1 quarantine pest) is reported for the first time from the state of Bahia, Brazil. Review of Plant Pathology, 79(12), p 1239 (8886).
New host plants
In Virginia (US), the following plant species have been identified as alternative hosts of
Xylella fastidiosa
(EPPO A1 quarantine pest):
Acer negundo
,
Aesculus
hybrid,
Celastrus
orbiculatus
,
Cornus florida
and
Hedera helix
. Review of Plant Pathology, 79(11), p 1159 (8339).
Sources
Anonymous (2001) Directory. New organisms records: 25/11/00-5/1/01. Biosecurity Issue 25, 1
st
February 200,; MAF, Wellington (NZ), 16-17.
García Rotger, M.; Romero Casado, J. (1996) Presence of the ‘Dutch elm disease’ on Ibiza (the Balearic islands).
Boletín de Sanidad Vegetal Plagas, 22(4), 791-803.
Kahrer, A.; Lethmayer, C. (2000)
Echinothrips americanus
Morgan (Thysanoptera, Thripidae) introduced in Austria.
Pflanzenschutzberichte, 59(1), 47-48
Pollard, G.V. (2000) Update on new pest introductions. Circular Letter No. 1/00, 1
st
December 2000, CPPC, FAO, Barbados.
Shrewsbury, P.M.; Raupp, M.J. (2000) Evaluation of components of vegetational texture for predicting azalea lace bug,
Stephanitis pyrioides
(Heteroptera: Tingidae), abundance in managed landscapes.
Environmental Entomology, 29(5), 919-926.
EPPO
Secretariat
, 2001-03.
Nematological Abstracts, 69(4). December 2000.
Review of Agricultural Entomology, 88(10 ; 12). October and December 2000.
Review of Plant Pathology, 79(10, 11, 12). October, November and December 2000"
XYLEFA,Xylella fastidiosa,2001/012,News from NAPPO,2001-01,https://gd.eppo.int/reporting/article-2357,"EPPO Reporting Service no. 01 - 2001
Num. article:
2001/012
News from NAPPO
The NAPPO Annual Meeting took place in 2000-10-16/20 at San Diego, California, US, and ;the EPPO Secretariat has selected the following information:
Canada
Following the detection of plum pox potyvirus (PPV – EPPO A2 quarantine pest) in Ontario in June 2000 (EPPO
RS 2000/131
), a task force has been established including representatives of the administration of the horticultural industry and of research institutions. An eradication plan has been established, in three phases: containment, national survey, eradication. The results of the national survey (covering 80,000 samples in Ontario, 9000 in British Columbia and a few in Nova Scotia and Québec) showed that about 80 positive samples in Ontario, one in Nova Scotia and none elsewhere. The results suggested that, in some cases, PPV may have been present for 3-5 years (see also
RS 2001/010
).
Tetropium fuscum
(brown longhorn beetle), a species from Europe and Asia has been introduced into Point Pleasant Park, Halifax. It was first found in 1990, but misidentified as a native species. The pest became damaging in 1998, affecting white, red and Norway spruce (
Picea glauca
,
P. rubens
,
P. abies
). It is a primary pest, causing mortality in 2-3 years. An eradication task force has been set up. The pest has not been found beyond a radius of 15 km from the park. Affected trees are incinerated.
Mexico
A limited outbreak of
Maconellicoccus hirsutus
(EPPO Alert List) was found in Mexico, in the Mexicali valley, Baja California, near the California border, and in San Luis Rio Colorado in Sonora. This is under eradication in cooperation with USA.
Outbreaks of
Toxoptera citricida
(brown citrus aphid – EPPO A1 quarantine pest) were found in Yucatan and Quintana Roo. It is intended to eradicate the pest within 20 km of citrus-producing areas.
Pest-free areas are being declared for
Tilletia indica
(EPPO A1 quarantine pest), and areas of low prevalence for certain fruit flies. In particular, Baja California Sur, Sonora and Chihuahua States are classed as pest-free areas (US also has recognized all the fruit-growing areas in these states as pest-free areas). Coahuila, Nueva Leon, Tamaulipas, Sinaloa States are classed as areas of low prevalence of fruit flies (fruits are exported following a system approach). The aim is to create a continuous west-east band of fruit fly-free States by 2004.
USA
In Florida,
Xanthomonas axonopodis
pv.
citri
(EPPO A1 quarantine pest) is now present in 7 counties (Broward, Dade, Palm Beach, Manatee, Hillsborough, Collier and Hendry) and an active eradication programme has been engaged. Exposed trees are being destroyed within a 600 m radius of infested areas. In the absence of major storms favouring spread of the disease, this campaign is progressing successfully.
After detection of the outbreak of plum pox potyvirus (PPV – EPPO A2 quarantine pest) in Pennsylvania (EPPO RS 99/169), and in Canada (see above), surveys are being intensified in New York and Michigan.
The outbreaks of
Anoplophora glabripennis
(EPPO A1 quarantine pest) in Chicago and New York have been delimited and contained. However, insecticide treatment of trees has only been authorized in Chicago.
The glassy-winged sharpshooter (
Homalodisca coagulata
) is widespread in south-east USA and has occurred incidentally in California. It is now recorded as a major new vector of
Xylella fastidiosa
(EPPO A1 quarantine pest) in California.
Concerning fruit flies, low numbers of
Bactrocera dorsalis
(EPPO A1 quarantine pest) have been found in California (not triggering action) and two small outbreaks of
Anastrepha ludens
(EPPO A1 quarantine pest) in San Bernardino and San Diego counties (eradicated). 159
A. ludens
were found in lower Rio Valley, Texas (under eradication).
NAPPO
Following a PRA, North America has been divided into high, medium and low risk zones for
Tilletia indica
, based on the dates at which winter and spring wheat crops can be expected to reach the heading stage. High risk zones are relatively restricted. The zones of Mexico where
T. indica
occurs coincide with high risk zones.
An analysis has been made of pest interceptions on packing wood over the last 10 years. Over 50 quarantine pests have been intercepted from 27 countries, on 300 consignments. This corresponds to and interception rate of about 3 % for live pests and 8 % for presence of bark or signs of pests.
A NAPPO alert system is now in place, and may be consulted at www.pestalert.org. It focuses attention on significant new pests, groups of pests or pathways.
Sources
EPPO Secretariat, 2000-11."
XYLEFA,Xylella fastidiosa,2000/104,"Epidemiological studies on grapevine Pierce's disease (Xylella fastidiosa) in California, US",2000-06,https://gd.eppo.int/reporting/article-3142,"EPPO Reporting Service no. 06 - 2000
Num. article:
2000/104
Epidemiological studies on grapevine Pierce's disease (Xylella fastidiosa) in California, US
Strains of
Xylella fastidiosa
(EPPO A1 quarantine pest) causing grapevine Pierce's disease can infect numerous other plant species without necessarily causing disease. However, these plant species could play an important role in the epidemiology of the disease. In coastal California (US), it has been observed that the incidence of grapevine Pierce's disease is constantly highest along the margins of vineyards adjacent to riparian habitats which harbour overwintering populations of insect vectors, in particular
Graphocephala atropunctata
. Previous studies have already showed that plants such as
Artemisia douglasiana
,
Echinochloa
crusgalli
and
Rubus procerus
could carry bacterial populations. A list of perennial plants on which
Graphocephala atropunctata
was found, and which are commonly occurring in riparian habitats in California was compiled. These plants were inoculated in the field (mechanical inoculation) or in the laboratory (using infective
G. atropunctata
). Results showed that populations of
X. fastidiosa
were highest in most plant species within 3 to 6 weeks after inoculation and decreased over the next 3 to 4 months. It was found that the following plant species could support systemic populations of
X. fastidiosa
which survived throughout the year:
Acer macrophyllum
,
Aesculus californica
,
Rubus ursinus
,
Quercus agrifolia
,
Sambucus mexicana
,
Genista monspessulana
,
Vinca major
,
Quercus lobata
and
Vitis rupestris
.
Sources
Purcell, A.H.; Saunders, S.R. (1999) Fate of Pierce's disease strains of
Xylella fastidiosa
in common riparian plants in California.
Plant Disease, 83(9), 825-830."
XYLEFA,Xylella fastidiosa,2000/103,First report of oleander leaf scorch (Xylella fastidiosa) in Florida (US),2000-06,https://gd.eppo.int/reporting/article-3133,"EPPO Reporting Service no. 06 - 2000
Num. article:
2000/103
First report of oleander leaf scorch (Xylella fastidiosa) in Florida (US)
In spring 1998, oleander plants (
Nerium oleander
) in Orlando, Florida (US) showed chlorotic mottling along leaf edges becoming necrotic as the disease progressed. Scorched leaves died and prematurely fell. Affected plants showed a general decline and mortality was observed. Analysis (PCR, culturing on periwinkle wilt agar medium) showed the presence of
Xylella fastidiosa
(EPPO A1 quarantine pest). In this study, Koch’ postulates were also verified. Oleander leaf scorch caused by
X. fastidiosa
had previously been reported in California and Texas (EPPO RS 99/104), but this is the first report in Florida.
Sources
Wichman, R.L.; Hopkins, D.L. (2000) First report of oleander leaf scorch caused by
Xylella fastidiosa
in Florida.
Plant Disease, 84(2), p 198."
XYLEFA,Xylella fastidiosa,2000/006,"New records or new detailed records on quarantine pests in Argentina, Brazil and Chile",2000-01,https://gd.eppo.int/reporting/article-3036,"EPPO Reporting Service no. 01 - 2000
Num. article:
2000/006
New records or new detailed records on quarantine pests in Argentina, Brazil and Chile
The member countries of COSAVE (Argentina, Brazil, Chile, Paraguay and Uruguay) have recently published their A1 and A2 quarantine lists. In the A2 lists, some details are given about the geographical distribution of pests within the country. The EPPO Secretariat has extracted the following details or new records.
Anastrepha fraterculus
(EPPO A2 quarantine pest): Argentina (provinces of Buenos Aires, Rio Negro, Mendoza, San Juan).
Anthonomus grandis
(EPPO A1 quarantine pest): Argentina (provinces of Formosa, Corrientes, Misiones)
Bactrocera carambolae
(EPPO A1 quarantine pest): Brazil (Oiapoque river in state of Amapá, border with French Guyana). The EPPO Secretariat had previously no data on the presence of
B. carambolae
in Brazil.
Ceratitis capitata
(EPPO A2 quarantine pest): Argentina (provinces of Buenos Aires, Rio Negro, Neuquén)
Globodera pallida
(EPPO A2 quarantine pest): Chile (province of Petorca in region V).
Globodera rostochiensis
(EPPO A2 quarantine pest): Chile (provinces of: Parinacota (region I), El Loa (region II), Huasco (region III), Elqui and Choapa (region IV), Petorca and Quillora (region VI), Comuna San Javier (region VII)).
Gonipterus scutellatus
(EPPO A2 quarantine pest): Chile (in the provinces of Los Andes and San Felipe in Region V, Region Metropolitana). The EPPO Secretariat had previously no data on the occurrence of
G. scutellatus
in Chile.
Premnotrypes latithorax
(EPPO A1 quarantine pest): Chile (near Putre, north of Chile, in region I).
Ralstonia solanacearum
race 3 (EPPO A2 quarantine pest): Chile (region Metropolitana, regions IV, V, VI and VII, and province of Ñuble in region VIII).
Xanthomonas axonopodis
pv.
citri
(EPPO A1 quarantine pest): Argentina (provinces of Entre Rios, Misiones, Buenos Aires (north)), Brazil (São Paulo, Minais Gerais, Mato Grosso do Sul, Paraná, Santa Catarina, Rio Grande do Sul).
Xylella fastidiosa
(EPPO A1 quarantine pest): citrus variegation chlorosis occurs in Argentina in the province of Misiones. The EPPO Secretariat had previously no data on the occurrence of citrus variegation chlorosis in Argentina.
Sources
COSAVE Web site
http://www.cosave.org.py/"
XYLEFA,Xylella fastidiosa,1999/168,New data on quarantine pests,1999-11,https://gd.eppo.int/reporting/article-3488,"EPPO Reporting Service no. 11 - 1999
Num. article:
1999/168
New data on quarantine pests
By browsing through the literature, the EPPO Secretariat has extracted the following new data concerning quarantine pests.
New geographical records
In China,
Liriomyza huidobrensis
(EPPO A2 quarantine pest) is reported in Yunnan. The EPPO Secretariat had previously no data on the occurrence of this pest in China. Review of Agricultural Entomology, 87(11), p 1416 (10585).
Phyllocnistis citrella
was found in Chile in 1998. Review of Agricultural Entomology, 87(11), p 1428 (10680).
Scaphoideus titanus
, vector of grapevine flavescence dorée phytoplasma (EPPO A2 quarantine pest), was discovered in 2 vineyards in the province of Massa Carrara, Toscana, Italy, in 1998. But grapevine flavescence dorée phytoplasma has not been found. Review of Plant Pathology, 78(10), p 955 (7216).
In Poland,
Stephanitis takeyai
(EPPO Alert List) was discovered in a nursery on
Pieris japonica
imported from Germany (this pest is not known to occur there). Review of Agricultural Entomology, 87(10), p 1325 (9901).
In Kuwait, tomato yellow leaf curl begomovirus (EPPO A2 quarantine pest) has been causing a devastating disease in field-grown tomatoes since 1993. Major yield losses are observed. Review of Plant Pathology, 78(11), p 1043 (7877).
Detailed records
Bean golden mosaic begomovirus (EPPO A1 quarantine pest) occurs on beans in the State of Bahia in Brazil. Bianchini, A. (1999) Resistance to bean golden mosaic virus in bean genotypes. Plant Disease, 83(7), 615-620.
Citrus leprosis ?rhabdovirus (EPPO A1 quarantine pest) and its vector
Brevipalpus phoenicis
were found for the first time in the State of Tocantins, Brazil. Review of Plant Pathology, 78(11), p 1053 (7947).
Citrus ringspot ?virus (EU Annexes) is one of the major constraint of citrus production in India. It is widely distributed in citrus-growing areas in Punjab, Haryana, Rajasthan, Uttar Pradesh, Andhra Pradesh and Karnataka with incidence ranging from 10 to 100%. Review of Plant Pathology, 78(10), p 956 (7219).
Liriomyza bryoniae
(EU Annexes) and
Liriomyza sativae
(EPPO A1 quarantine pest) are both present in Henan Province, China, on vegetable crops. The most widespread and damaging is
L. sativae
. These two species also occur in the suburbs of Beijing. Review of Agricultural Entomology, 87(11), p 1407 ; 1420 (10522 ; 10620).
Mycosphaerella dearnessii
(EPPO A2 quarantine pest) occurs in Jiangsu Province, China. Review of Plant Pathology, 78(11), p 1072 (8088).
Spodoptera litura
(EPPO A1 quarantine pest) occurs in Zhejiang Province, China. Review of Agricultural Entomology, 87(10), p 1291 (9651).
Ralstonia solanacearum
(EPPO A2 quarantine pest) is present on tomato in Orissa, India. Review of Plant Pathology, 78(10), p 943 (7125).
New vector
The glassy-winged sharpshooter,
Homalodisca coagulata
is a new vector of
Xylella fastidiosa
(EPPO A1 quarantine pest). It occurs in southern USA and northern Mexico. In Georgia, Florida and other southern states it is considered as a major vector of
X. fastidiosa
to peach and grape. It has recently become established in California, and is perceived as a very serious threat to vineyards and almond orchards. It is also felt that it could play an important role in the spread of oleander leaf scorch disease (also caused by
X. fastidiosa
). Review of Plant Pathology, 78(10), p 902 (6825).
Further reading on INTERNET
http://www.cnr.berkeley.edu/xylella/oss.html
http://www.cdfa.ca.gov/pests/
Sources
EPPO Secretariat, 1999-11.
Review of Agricultural Entomology, 87(10 ; 11). October ; November 1999.
Review of Plant Pathology, 78(10 ; 11). October ; November 1999."
XYLEFA,Xylella fastidiosa,1999/104,Xylella fastidiosa is the causal agent of oleander leaf scorch disease,1999-06,https://gd.eppo.int/reporting/article-3424,"EPPO Reporting Service no. 06 - 1999
Num. article:
1999/104
Xylella fastidiosa is the causal agent of oleander leaf scorch disease
A lethal leaf scorch disease of oleander appeared in Southern California (US) in the 1990s. It was fist found in the Palm Springs area (Riverside county). It then spread to other Californian counties (Orange, San Diego, San Bernardino) and also to Texas.
Xylella fastidiosa
(EPPO A1 quarantine pest) was strongly suspected to be the cause of this disease (see EPPO RS 97/049). Further studies have now confirmed this hypothesis.
X. fastidiosa
was detected by isolation on growing medium, ELISA and PCR in most symptomatic plants (but not in asymptomatic plants or negative controls). Mechanical inoculations of oleanders with bacterial cultures (obtained from oleanders) produced symptoms of oleander leaf scorch, and
X. fastidiosa
could then be re-isolated from these inoculated plants (thus verifying Koch's postulates). Three leafhoppers species feeding on xylem sap (
Graphocephala atropunctata
,
Homolodisca coagulata
and
H. lacerta
) were able to transmit the disease from oleander to oleander. After mechanical inoculation, no bacterium could be re-isolated from grapevine (
Vitis vinifera
), peach (
Prunus persica
), olive (
Olea
europea
),
Rubus ursinus
and valley oak (
Quercus lobata
). Sequence comparison (500 bp sequence of 16S-23S rRNA spacer region) of oleander strains showed 99.2 % identity with Pierce's disease strains, 98.4% with oak leaf scorch strains, 98.6% with peach phony, plum leaf scald and almond leaf scorch strains.
Sources
Purcell, A.H.; Saunders, S.R.; Hendson, M.; Grebus, M.E.; Henry, M.J. (1999) Causal role of
Xylella fastidiosa
in oleander leaf scorch disease.
Phytopathology, 89(1), 53-57."
XYLEFA,Xylella fastidiosa,1999/029,"7th ICPP: new data on taxonomy, biology and control of several quarantine pests",1999-02,https://gd.eppo.int/reporting/article-3349,"EPPO Reporting Service no. 02 - 1999
Num. article:
1999/029
7th ICPP: new data on taxonomy, biology and control of several quarantine pests
At the 7
th
International Congress of Plant Pathology (Edinburgh, GB, 1998-08-09/16) several papers presented new data on taxonomy, biology and control of quarantine pests (or pests of quarantine interest), and the EPPO Secretariat has selected the following items. References only mention the names of the authors and the number of the abstract in the proceedings.
Small-spored Alternaria species
. The taxonomy of small-spored
Alternaria
species and species groups is being revised based upon three-dimensional patterns of sporulation (observable at x50). RAPD analysis is also being used to evaluate the results obtained with morphological segregation. It is felt that these morphological characters can be used to differentiate small-spored
Alternaria
(
A. alternata
,
A. gaisen
,
A.
longipes
,;
A. infectoria
,
A. tenuissima
and an arborescent group which has not yet been formally described). The authors stressed that the 'pathotype' system for naming small-spored
Alternaria
species should not be used (Serdani, M.; Crous, P.W.; Andersen, B.; Holz, G.; Mchau, G. - 2.2.5 ; Roberts, R.G.; Reymond, S.T. - 2.2.54).
Apple fruit crinkle viroid.
Apple fruit crinkle viroid causes a graft-transmissible disease affecting apple fruit and bark. So far, this disease has only been recorded in Japan. The nucleotide sequence of apple fruit crinkle viroid has been studied, and preliminary comparisons have shown similarities with Australian grapevine viroid (which is only latent in grapevine) (Ito, T.; Sano, T.; Yoshida, K. - 3.7.6).
Bursaphelenchus xylophilus.
1) The genetic variability of
Bursaphelenchus xylophilus
(EPPO A1 quarantine pest) was studied in Japan, using RAPD. Intraspecific genetic variation exists among
B. xylophilus
isolated from
Monochamus alternatus
or from different stands of wilted Japanese black pine (
Pinus
thunbergii
). In addition,
B. xylophilus
could be differentiated from
B. mucronatus
by using this technique (Akiba, M.; Kawabe, Y. - 3.7.78).
2) Control measures applied in Japan against pine wilt disease (caused by
B.
xylophilus
) include: aerial spraying of insecticides against the vector
Monochamus alternatus
, insecticide treatments of timber already infested to prevent further spread, and trunk injection of chemicals active against the nematode. However, despite all these efforts, losses in pine timber have not decreased (Suzuki, K. - 3.7.6S).
3) Experiments have been made in Japan on the possible use of avirulent
B.
xylophilus
to control pine wilt disease. Preliminary results showed that symptom development was delayed, although tree mortality was observed in the end (Kosaka, H.; Kiyohara, T.; Aikawa, T.; Ogura, N.; Tabata, K. - 3.7.68).
Ceratocystis fagacearum
. The susceptibility of European oaks to
Ceratocystis fagacearum
(EPPO A1 quarantine pest) has been studied in USA. Results showed that European white oak species (
Quercus robur
,
Q. petraea
,
Q. pubescens
) could be seriously threatened by
C. fagacearum
if introduced into Europe, as significant mortality was observed (McDonald, W.L.; Tainter, F.H.; Pinon, J.; Double, M. - 4.6.3).
Cowpea golden mosaic and lima bean golden mosaic geminiviruses.
Cowpea golden mosaic and lima bean golden mosaic geminiviruses are reported to infect respectively,
Vigna
spp. and lima beans (
Phaseolus lunatus
), in Nigeria. A golden mosaic disease is also found in wild relatives of cowpea,
Vigna unguiculata
subsp.
dekindtiana
(common perennial weed in Nigeria and West Africa). Molecular comparisons showed that the geminivirus infecting this weed is a strain of cowpea golden mosaic geminivirus, and that lima bean golden mosaic geminivirus is clearly a distinct virus. However, its possible relationships with viruses causing a similar disease in lima bean in South America remain to be studied (Thottappilly, G.; Winter, S.; Maxwell, D.P. - 1.11.7S).
Cryphonectria parasitica
. Studies are being carried out on the potential use of dsRNA fungal viruses to control Dutch elm disease (
Ophiostoma novo-ulmi
) and
Cryphonectria parasitica
(EPPO A2 quarantine pest) (Brasier, C.M.; Milgroom, M.G. - 4.4.6S).
Leptographium genus.
The anamorph genus
Leptographium
has been re-evaluated and an identification key proposed. The authors have also compiled a complete list of host plants and insects associated with
Leptographium
spp. (Jacobs, K.; Wingfield, M.J.; Crous, P.W.; Wingfield, B.D. - ;3.7.53).
Radopholus similis.
Radopholus similis
(EPPO A2 quarantine pest) occurs in clusters in roots and stems of
Anthurium
. For quarantine detection purposes, it is recommended to take root samples from middle-aged roots, as the oldest roots are often too decomposed to support nematodes and in younger roots sufficient levels of populations may have not been reached. In addition, its is also appropriate to test stem tissue (Sipes, B. - 2.4.8).
Ralstonia solanacearum
.
Bacterial wilt of eucalyptus caused by
Ralstonia solanacearum
(EPPO A2 quarantine pest) was reported for the first time in 1997 in the Kwazulu Natal province, South Africa.
R. solanacearum
was found for the first time on eucalyptus in Brazil (race 1 biovar 2) in the early 1980s and later on this host in Australia (race 1 biovar 3), China (race 1 biovar 3), Taiwan and Venezuela. In Kwazulu Natal province,
R. solanacearum
biovar 3 has been identified (Coutinho, T.A.; Wingfield, M.J.; Roux, J.; de Beer, Z.W.; Riedel, K.H.; Esler, C. - 3.7.69).
Xanthomonas oryzae
pv.
oryzae
and
X. oryzae
pv.
oryzicola.
Genetic differences between
Xanthomonas oryzae
pv.
oryzae
and
X. oryzae
pv.
oryzicola
(both A1 quarantine pests) were studied by using PCR-RFLP, sequencing and southern hybridization. Results showed that although they are two distinct bacterium,
X. oryzae
pv.
oryzae
and
X. oryzae
pv.
oryzicola
are closely related in genetic features as well as phenotypic ones, except for slight differences in the analysis of certain genes (Ochiai, H.; Kaku, H. - 2.2.50).
Xylella fastidiosa.
Studies were done in southeastern USA to identify the causes of dieback or decline of American sycamore (
Platanus occidentalis
) which has been observed for many years. Several pathogens were detected:
Xylella fastidiosa
(EPPO A1 quarantine pest),
Ceratocystis fimbriata
f.sp.
platani
and
Botryosphaeria rhodina
. Further research is needed to determine whether these pathogens act alone or in combination, and which are the most important in disease etiology (Britton, K.O.; Leininger, T.; Chang, C.J.; Harrington, T.C. - 3.7.50).
Sources
Abstracts of papers presented at the 7
th
International Congress of Plant Pathology, Edinburgh, GB, 1998-08-09/16."
XYLEFA,Xylella fastidiosa,1998/190,Monoclonal antibodies against Xylella fastidiosa causing pear leaf scorch in Taiwan,1998-10,https://gd.eppo.int/reporting/article-3699,"EPPO Reporting Service no. 10 - 1998
Num. article:
1998/190
Monoclonal antibodies against Xylella fastidiosa causing pear leaf scorch in Taiwan
Pear leaf scorch disease, caused by a strain of
Xylella fastidiosa
(EPPO A1 quarantine pest), was first reported in Taiwan in 1990. In infected pear trees, such as
Pyrus pyrifolia
cv. Hengshan, leaf scorch symptoms can be observed during summer and autumn, dieback of twigs and branches may also occurs, and if no control measures are taken 10 to 20-year old trees may die. Several monoclonal antibodies have been developed in Taiwan to detect specifically the pear leaf scorch bacterium. The authors felt that these monoclonal antibodies could be very useful to detect
X. fastidiosa
in various parts of infected trees plants using tissue blots (for example for epidemiological purposes), and also for discriminating between strains of
X. fastidiosa
. By using these monoclonal antibodies, serological differences could be observed among strains of
X. fastidiosa
(Pierce's disease, plum, oak strains) and were similar to previous results obtained with RAPD, but it was felt that more efforts are still needed to study the degree of serological relatedness among
X. fastidiosa
strains.
Sources
Leu, H.H.; Leu, L.S.; Lin, C.P. (1998) Development and application of monoclonal antibodies against
Xylella fastidiosa
, the causal bacterium of pear leaf scorch.
Journal of Phytopathology, 146(1), 31-37."
XYLEFA,Xylella fastidiosa,1998/158,Xylella fastidiosa detected on Catharanthus roseus in Brazil,1998-09,https://gd.eppo.int/reporting/article-3667,"EPPO Reporting Service no. 09 - 1998
Num. article:
1998/158
Xylella fastidiosa detected on Catharanthus roseus in Brazil
In 1998, plants of
Catharanthus roseus
(periwinkle) showing small leaves, short internodes and dieback symptoms were observed in a garden at the Instituto Agronomic do Parana, Londrina, in Brazil. Analysis revealed the presence of
Xylella fastidiosa
(EPPO A1 quarantine pest). The authors pointed out that this is the first time that
X. fastidiosa
is found on
C. roseus
in Brazil. However, this had already been observed in USA, but affected plants showed there different symptoms (marginal chlorosis, occasional vein clearing and wilting).
Sources
Ueno, B.; Funada, C.K.; Yorinori, M.A.; Leite, R.P. Jr (1998) First report of
Xylella fastidiosa
on
Catharanthus roseus
in Brazil.
Plant Disease, 82(6), p 712."
XYLEFA,Xylella fastidiosa,1998/157,Does Xylella fastidiosa occur on grapevine in Kosovo (YU)?,1998-09,https://gd.eppo.int/reporting/article-3666,"EPPO Reporting Service no. 09 - 1998
Num. article:
1998/157
Does Xylella fastidiosa occur on grapevine in Kosovo (YU)?
Studies were carried out in USA on samples of diseased grapevines collected from Kosovo (YU). Electron microscopy, ELISA, PCR (using specific primers) revealed the presence of
Xylella fastidiosa
(EPPO A1 quarantine pest), the causal agent of grapevine Pierce's disease. This Kosovo isolate was inoculated to young healthy grapevines and typical symptoms were obtained. The same bacterium was then reisolated from these plants and was able to produce symptoms again on inoculated plants (thus fulfilling Koch's postulates). The Kosovo isolate was compared with US isolates of
X. fastidiosa
from grapevine and was found to be closely related to them.
EPPO note
: If this were to be confirmed, it would be the first report of Pierce's disease in Europe and this would be a very serious threat for the European grapevine industry. But it must be stressed that in this paper many questions remain unanswered, and the authors were not able to provide further details to the EPPO Secretariat when consulted.
The suspect grapevine material (twigs with leaves attached, kept at 4°C) was collected from Cermjan (near Gjakova, a city in western Kosovo near Albania). Two isolations were made from this material, but it is not clear where and when this was done, and what was the total number of samples studied. We understand that the scientist who collected the material left Kosovo 7 years ago.
No data is given on the possible extent of the disease in this region of Kosovo. It is only reported that since the mid-80s symptoms were observed in Cermjan grapevines that did not resemble those caused by fungi which can be found in this region (e.g.
Phomopsis viticola
). The symptoms were described as follows: 'chlorotic spots and enlarged discoloration and necroses on leaf blades during the dry summer period. Burning or scald and scorch appeared later and spread rapidly in the inner areas. When high temperature was followed by rainfall, leaves shrivelled and died.' The authors have no idea on the possible means of introduction and spread (potential vectors).
EPPO remains doubtful about this report, in view of the ambiguities about when the material was collected, and when and where the isolations were made. We believe that research published in a country other than that where a pest is newly reported should meet high standards of 'good laboratory practice', especially if the report is of high phytosanitary significance. Further research, in Yugoslavia, is clearly needed.
Sources
Berisha, B.; Chen, Y.D.; Zhang, G.Y.; Xu, B.Y.; Chen, T.A. (1998) Isolation of Pierce's disease bacteria from grapevines in Europe.
European Journal of Plant Pathology, 104(5), 427-433."
XYLEFA,Xylella fastidiosa,1998/112,Xylella fastidiosa can attack Quercus laevis and Q. incana,1998-06,https://gd.eppo.int/reporting/article-3621,"EPPO Reporting Service no. 06 - 1998
Num. article:
1998/112
Xylella fastidiosa can attack Quercus laevis and Q. incana
In 1992-1993, a survey on more than 200 oak trees confirmed the widespread occurrence of
Xylella fastidiosa
(EPPO A1 quarantine pest) in Florida (US). The bacterium was detected using ELISA in several oak species showing decline or symptoms of leaf scorch, and was also detected in a few cases in asymptomatic trees. The occurrence of
X. fastidiosa
in
Quercus
laevis
and in
Q. incana
are reported for the first time. The pathogen was also found in
Q.
falcata
,
Q. virginiana
,
Q. laurifolia
, and
Q. nigra
.
Sources
Barnard, E.L.; Ash, E.C.; Hopkins, D.L.; McGovern, R.J. (1998) Distribution of
Xylella fastidiosa
in oaks in Florida and its association with growth decline in
Quercus laevis
.
Plant Disease, 82(5), 569-572."
XYLEFA,Xylella fastidiosa,1998/48,Studies on transmission of Xylella fastidiosa by insect vectors,1998-03,https://gd.eppo.int/reporting/article-3557,"EPPO Reporting Service no. 03 - 1998
Num. article:
1998/48
Studies on transmission of Xylella fastidiosa by insect vectors
The transmission of
Xylella fastidiosa
(EPPO A1 quarantine pest) by insect vectors was studied in California (US), in order to determine how the number of viable
X. fastidiosa
in plants is related to vector transmission efficiency. A strain of
X. fastidiosa
causing grapevine Pierce’s disease and two efficient vectors
Graphocephala minerva
and
Carneocephala fulgida
were used. Bacterial populations and efficiency of transmission were measured in five host plants (
Vitis vinifera
cv. Pinot noir,
Rubus discolor
,
Artemisia douglasiana
,
Echinochloa crus
-
galli
,
Cynodon dactylon
) at various time intervals after insect inoculation of plants. On
Cynodon dactylon
, no transmission by vectors or recoveries of
X. fastidiosa
were obtained, and the authors query why this plant species was considered as a host in previous studies. On other hosts, results show that
X. fastidiosa
has to multiply to reach a threshold in the plant, before transmission by vectors can occur. Populations have to reach a level between 10
4
and 10
5
CFU/g. It was also observed that the rate of transmission increase with the level of
X. fastidiosa
in the plants. Insects fed on grapevine and
R. discolor
, which supported larger populations of the bacterium, also had higher rates of transmission than insects fed on
Artemisia douglasiana
and
Echinochloa crus
-
galli
.
Sources
Hill, B.L.; Purcell, A.H. (1997) Populations of
Xylella fastidiosa
in plants required for transmission by an efficient vector.
Phytopathology, 87(12), 1197-1201."
XYLEFA,Xylella fastidiosa,1998/47,Xylella fastidiosa is associated with pecan leaf scorch.,1998-03,https://gd.eppo.int/reporting/article-3556,"EPPO Reporting Service no. 03 - 1998
Num. article:
1998/47
Xylella fastidiosa is associated with pecan leaf scorch.
Several different leaf scorch symptoms occur on the foliage of pecan (
Carya illinoinensis
). These different symptoms have been associated with various causes (environmental stresses, nutritional problems, mites and pathogens). One type of leaf scorch is characterized by necrosis beginning at the tips or margins of the leaflets and progressing toward the midrib and base of the leaflets. The most distinctive feature of this type of leaf scorch is a dark brown, black, or purplish band of tissue at the interface of the necrotic and green leaflet tissue. Affected leaflets abscise from a compound leaf, while leaflets without symptoms remain on the rachis. When the attack is severe, the whole leaf can fall. Several fungal genera have been reported to be associated with this disease over the last 25 years which was therefore called ‘fungal leaf scorch’. Recently, by using an ELISA test it was found that
Xylella fastidiosa
(EPPO A1 quarantine pest) is associated with pecan leaf scorch. Further work is needed to determine the exact etiology of this disease.
Sources
Sanderlin, R.S. (1998) Evidence that
Xylella fastidiosa
is associated with pecan fungal leaf scorch.
Plant Disease, 82(2), p 264."
XYLEFA,Xylella fastidiosa,1998/46,Further details on Xylella fastidiosa on coffee in Brazil,1998-03,https://gd.eppo.int/reporting/article-3555,"EPPO Reporting Service no. 03 - 1998
Num. article:
1998/46
Further details on Xylella fastidiosa on coffee in Brazil
Xylella fastidiosa
(EPPO A1 quarantine pest) was first found on coffee (
Coffea arabica
) in São Paulo, Brazil in 1995 (EPPO RS 96/169). Symptoms begin with apical and marginal leaf scorch, reduction of internode length of new flush, small pale green to yellow leaves, shoot dieback and overall plant stunting. Symptoms are more apparent in winter, especially in periods of water stress. Actual death of the plants due to the disease may take several years. The economic importance of coffee leaf scorch is unknown. Extensive coffee plantations have been eliminated in São Paulo. But as
X. fastidiosa
was not reported before 1995, losses were attributed to many other causes. However, it is now suspected that
X. fastidiosa
was responsible for this problem, as many remaining coffee plants tested positive for the disease. Studies were carried out on coffee leaf scorch and the Koch’s postulates could be verified, demonstrating that
X. fastidiosa
is indeed the causal agent of this disease. In addition, the relationships between the coffee strain and the citrus strain of
X. fastidiosa
(causing citrus variegated chlorosis) were studied. Antisera developed against cultured bacteria from both strains reacted positively against plant extracts affected with both diseases in dot immunobinding assays (DIBA). The polymerase chain reaction amplification products by both strains of
X. fastidiosa
were indistinguishable. The two strains appear closely related if not identical. However, it can be noted that in the field coffee leaf scorch usually occurs when coffee is adjacent to citrus affected by citrus variegated chlorosis. But citrus variegated chlorosis does not always occur when citrus are grown near diseased coffee plants.
Sources
de Lima, J.E.O.; Miranda, V.S.; Hartung, J.S.; Brlansky, R.H.; Coutinho, A.; Roberto, S.R. Carlos, E.F. (1998) Coffee leaf scorch bacterium: axenic culture, pathogenicity, and comparison with
Xylella fastidiosa
of citrus.
Plant Disease, 82(1), 94-97
."
XYLEFA,Xylella fastidiosa,1998/42,New data on quarantine pests,1998-03,https://gd.eppo.int/reporting/article-3551,"EPPO Reporting Service no. 03 - 1998
Num. article:
1998/42
New data on quarantine pests
By browsing through the literature, the EPPO Secretariat has extracted the following new data concerning quarantine pests.
New geographical records
Liriomyza bryoniae
(EU Annex I/A2) is present in China. Review of Agricultural Entomology, 86(3), p 256 (2070).
Opogona sacchari
(EPPO A2 quarantine pest) was first found in China, in 1995-96. It was observed on
Dracaena fragrans
and also
Euphorbia pulcherrima
and
Rhapis excelsa
, in glasshouses in Beijing. Review of Agricultural Entomology, 86(3), p 358 (2876).
Detailed records
Bactrocera cucurbitae
(EPPO A1 quarantine pest) occurs in Assam, India. Review of Agricultural Entomology, 86(3), p 325 (2626).
Bemisia tabaci
(EPPO A2 quarantine pest) was found on
Phaseolus vulgaris
crops and associated weeds in the Provinces of Jujuy and Salta, Argentina. Review of Agricultural Entomology, 86(2), p 202 (1627).
Cherry leaf roll nepovirus (EPPO A2 quarantine pest on
Rubus
) occurs on birch trees in Germany. Review of Plant Pathology, 77(2), p 138 (1007).
In Belarus, it is estimated that
Clavibacter michiganensis
subsp.
michiganensis
(EPPO A2 quarantine pest),
Xanthomonas vesicatoria
(EPPO A2 quarantine pest),
Pseudomonas syringae
and
Erwinia carotovora
cause 20-30 % losses in protected tomatoes. Review of Plant Pathology, 77(3), p 305 (2239).
Colletotrichum acutatum
(EU Annex II/A2) was found on strawberries in the suburbs of Shanghai in China. Review of Plant Pathology, 77(2), p 193 (1411).
Heavy infestations of
Eutetranychus orientalis
(EPPO A2 quarantine pest) have been recorded on
Euonymus japonicus
in Shandong, China, in 1995. Review of Agricultural Entomology, 86(3), p 352 (2837).
Liriomyza sativae
(EPPO A1 quarantine pest) was first found in Hainan (China) in 1993, and it has then become a locally important pest of melons and vegetables. Review of Agricultural Entomology, 86(3), p 335 (2707).
Malacosoma disstria
(EPPO A1 quarantine pest) occurs in British Columbia, Canada. Review of Agricultural Entomology, 86(2), p 229 (1841).
Phytophthora boehmeriae
was isolated for the first time in Western Australia (Australia) from
Eucalyptus sieberithora
. Review of Plant Pathology, 77(2), p 130 (941).
In Venezuela, a survey was carried out in 1993 on
Xylella fastidiosa
(EPPO A1 quarantine pest) in vineyards of Zulia state, on 16 cultivars showing bacteria-like symptoms.
X. fastidiosa
was identified in 8 grape cultivars (French Colombard, Riesling, Early Muscat, Centennial seedless, Ruby seedless, Salt Creek, Alphonse Lavalle and Italia). Review of Plant Pathology, 77(3), p 315 (2315).
New potential vectors
A sensitive and specific assay (using PCR) for the detection of
Xylella fastidiosa
(EPPO A1 quarantine pest) was developed in USA. In a nursery where the disease occurs, 347 leafhoppers representing 16 species were captured on
Ulmus americana
. Two species regularly tested positive for
X. fastidiosa
:
Graphocephala coccinea
and
G. versuta
, and are considered as potential vectors of the disease. Review of Agricultural Entomology, 86(2), p 159 (1283).
Sources
EPPO Secretariat, 1998-02."
XYLEFA,Xylella fastidiosa,1998/07,Survey on citrus variegated chlorosis and citrus blight in Brazil,1998-01,https://gd.eppo.int/reporting/article-3516,"EPPO Reporting Service no. 01 - 1998
Num. article:
1998/07
Survey on citrus variegated chlorosis and citrus blight in Brazil
Citrus variegated chlorosis, a disease caused by
Xylella fastidiosa
(EPPO A1 quarantine pest) was first observed in Brazil in 1987. The disease was then spread by propagation material and sharpshooter vectors, and is now widely distributed in the citrus-growing areas of Brazil (see also EPPO RS 96/196). It is felt that citrus variegated chlorosis is potentially more devastating than citrus blight disease (EPPO A1 quarantine pest). It is observed that in Brazil, citrus blight (also called ‘declinio’) affects approximately 10 million trees a year. In Florida (US), it is estimated that 1 million trees are lost each year because of citrus blight. There have been controversial reports suggesting that citrus blight in Florida could be due to the Pierce’s disease strain of
X. fastidiosa
(it must be noted that Pierce’s disease has never been observed on grapevine in Brazil).
A survey was carried out in Brazil by using PCR techniques, on strains of
X. fastidiosa
present in citrus trees affected by citrus variegated chlorosis and citrus blight disease. Result showed that the
X. fastidiosa
strain identified as being the cause of citrus variegated chlorosis was consistently found with symptomatic citrus trees. In some cases, trees without symptoms were found infected with this strain. It can be noted that no other strain of
X. fastidiosa
was found on citrus. Finally during this survey,
X. fastidiosa
was never found associated with trees showing citrus blight symptoms.
Sources
Beretta, M.J.G.; Barthe, G.A.; Ceccardi, T.L.; Lee, R.F.; Derrick, K.S (1997) A survey for strains of
Xylella fastidiosa
in citrus affected by citrus variegated chlorosis and citrus blight in Brazil.
Plant Disease, 81(10), 1196-1198."
XYLEFA,Xylella fastidiosa,1998/06,Review on Xylella fastidiosa: reference to a possible presence in Europe on grapevine,1998-01,https://gd.eppo.int/reporting/article-3515,"EPPO Reporting Service no. 01 - 1998
Num. article:
1998/06
Review on Xylella fastidiosa: reference to a possible presence in Europe on grapevine
Xylella fastidiosa
(EPPO A1 quarantine pest) infects many plant species, mostly woody perennials. In a recent paper, Purcell (1997) has established a list of these diseases (see below), for some of them the implication of
X. fastidiosa
has still to be confirmed. It can also be noted that a disease caused by
X. fastidiosa
on coffee has been recently found in Brazil (EPPO RS 96/169). Although the strains of
X. fastidiosa
are grouped as a single species, they differ in host range, pathogenicity, nutritional fastidiousness and DNA homology. It is felt that
X. fastidiosa
probably consists of more than one pathovar or subspecies (Purcell ; Hopkins, 1996).
Plant diseases
Reported occurrence
Grapevine Pierce’s disease
Costa Rica, Mexico, Peru, USA (southern)
Alfalfa dwarf
USA (California)
Almond leaf scorch
Argentina, India (doubtful), USA (California)
Peach phony
USA (south-eastern)
Plum leaf scald
Brazil, Paraguay, USA (south-eastern)
Maple leaf scald
USA (eastern)
Oak leaf scorch
USA (eastern)
Elm leaf scorch
USA (eastern)
Sycamore leaf scorch
USA (eastern)
Mulberry leaf scorch
USA (eastern)
Periwinkle wilt
USA (Florida)
Ragweed stunt
USA (Florida)
Citrus variegated chlorosis
Argentina (symptoms observed), Brazil
Pear leaf scorch (unconfirmed)
Taiwan
Oleander leaf scorch
USA (California)
Stunting diseases of nutgrass, poison hemlock, blackberry, Dallis grass
USA (California)
(from Purcell, 1997)
From a quarantine point of view, the author felt that due to the broad host range of this bacterium, and the fact that new strains probably remain to be recognized or discovered (as shown by the recent findings of
X. fastidiosa
on oleander (EPPO RS 97/049) and coffee), phytosanitary measures should prevent the introduction of the bacterium by monitoring the movement of live plants from regions where
X. fastidiosa
occurs
The possible presence of
X. fastidiosa
in Europe is mentioned by Purcell, and is based on an abstract published in
Phytopathology
(Berisha
et al
., 1996). In this abstract, it is said that
X. fastidiosa
, the causal agent of Pierce’s disease, has been isolated from diseased grapevines grown in Kosovo (Yugoslavia). The EPPO Secretariat wrote to the authors of this abstract to try to obtain more information on this record. Unfortunately, it was not possible for them to provide more details on the origin of the affected plants, the possible extent of the disease in Kosovo vineyards, the origin of the disease, etc. This issue will have to be followed closely but the report must for the moment be regarded as ‘unconfirmed’.
Sources
Purcell, A.H.; Hopkins, D.L. (1996) Fastidious xylem-limited bacterial plant pathogens.
Annual Review of Phytopathology, 34, 131-151.
Purcell, A.H. (1997)
Xylella fastidiosa
, a regional problem or global threat?
Journal of Plant Pathology, 79(2), 99-105.
Berisha, B.; Chen, Y.D.; Xu, Y.; Chen, T.A. (1996) Isolation of Pierce’s disease bacteria from grapevines in Europe (abstract).
Phytopathology, 86(11) Supplement, p S119."
XYLEFA,Xylella fastidiosa,1997/146,First report of Xyllela fastidiosa on grapevine in Baja California (MX),1997-08,https://gd.eppo.int/reporting/article-3875,"EPPO Reporting Service no. 08 - 1997
Num. article:
1997/146
First report of Xyllela fastidiosa on grapevine in Baja California (MX)
In summer 1995, characteristic symptoms of Pierce’s disease (caused by
Xyllela fastidiosa
- EPPO A1 quarantine pest) were observed in grapevines grown in the Guadalupe Valley, Baja California, in Mexico. Symptoms were characterized by leaf scorching, attachment of petioles to the cane, irregular maturing of cane bark, wilting and drying of fruit clusters. DAS-ELISA tests were carried out in eleven grape fields and positive results were obtained from four fields. Affected varieties were the following: Palomino, French Colombard, Chenin Blanc and Chardonnay. The author pointed out that this is the first report of Pierce’s disease in Baja California, and this also confirms the presence of the bacterium in Mexico.
Sources
Guevara, J. (1997) Occurrence of Pierce’s disease (
Xyllela fastidiosa
) in grape of the Guadalupe Valley, Baja California, Mexico.
Abstract of a paper to be presented at the APS Annual Meeting, Rochester (US), 1997-08-09/13.
Phytopathology, 87 (6), Supplement, S36."
XYLEFA,Xylella fastidiosa,1997/49,Xylella fastidiosa suspected on Nerium oleander in California (US),1997-03,https://gd.eppo.int/reporting/article-3778,"EPPO Reporting Service no. 03 - 1997
Num. article:
1997/49
Xylella fastidiosa suspected on Nerium oleander in California (US)
In southern California (US), a bacterial leaf scorch of
Nerium oleander
has been observed. The suspected causal agent is
Xylella fastidiosa
(EPPO A1 quarantine pest) but Koch's postulates are still under verification. Further studies are necessary on this apparently new disease of oleander.
Sources
Grevus, M.E.; Henry, J.M.; Hartin, J.E.; Wilen, C.A. (1996) Bacterial leaf scorch of oleander: a new disease in southern California.
Abstract of a paper presented at the APS/MSA Joint Annual Meeting, Indianapolis (US), 1996-07-27/31.
Phytopathology, 86(11), Supplement, p S100."
XYLEFA,Xylella fastidiosa,1997/48,First report of Xylella fastidiosa on sugar maple and sweetgum,1997-03,https://gd.eppo.int/reporting/article-3777,"EPPO Reporting Service no. 03 - 1997
Num. article:
1997/48
First report of Xylella fastidiosa on sugar maple and sweetgum
In Kentucky (US), in October 1995, bacterial leaf scorch caused by
Xylella fastidiosa
(EPPO A1 quarantine pest), has been identified in a mature sugar maple (
Acer saccharum
) and in a ten-year-old sweetgum (
Liquidambar styraciflua
). Symptoms were characterized by premature leaf browning, marginal necrosis of leaves, and defoliation. The presence of the bacterium was confirmed by a specific ELISA test and electronic microscopy. The authors noted that in addition, bacterial leaf scorch is associated with death of many oaks in some Kentucky cities.
Acer saccharum
and
Liquidambar styraciflua
are reported for the first time as host plants of
X. fastidiosa
.
Sources
Hartman, J.R.; Jarlfors, U.E., Thomas, R. (1996) First report of bacterial leaf scorch caused by
Xylella fastidiosa
on sugar maple and sweetgum.
Plant Disease, 80(11), p 1302."
XYLEFA,Xylella fastidiosa,1996/204,New data on pests and diseases of plant quarantine importance,1996-11,https://gd.eppo.int/reporting/article-4158,"EPPO Reporting Service no. 11 - 1996
Num. article:
1996/204
New data on pests and diseases of plant quarantine importance
By browsing through the literature, the EPPO Secretariat has extracted the following new data concerning pests and diseases of plant quarantine importance.
New distribution records
During a field survey conducted in Papua New Guinea, citrus tristeza closterovirus (EPPO A2 quarantine pest) and citrus vein enation disease (EU Annex II/A2) were found. Review of Plant Pathology, 75(10), p 918 (6794).
Colletotrichum acutatum
(EU Annex II/A2) was isolated from lesions on fruit and leaves of mangoes grown in Taiwan. Review of Plant Pathology, 75(11), p 1005 (7499).
Eutetranychus orientalis
(EU Annex II/A1) is present in Queensland, Australia. It is felt that it has been in Queensland for at least 30 years. Review of Agricultural Entomology, 84(10), p1172 (9719).
Detailed records
Ceratitis cosyra
(EPPO A1 quarantine pest) is considered as the most common species of
Ceratitis
in mango orchards in Zimbabwe. Review of Agricultural Entomology, 84(10), p 1173 (9727).
Cherry leaf roll nepovirus (EPPO A2 on
Rubus
) was found associated with the decline syndrome of
Fagus sylvatica
in Central Bohemia and Southeast Moravia, Czech Republic. Review of Plant Pathology, 75(9), p 846 (6225).
Cydia prunivora
(EPPO A1 quarantine pest) is present in Massachusetts (USA). Review of Agricultural Entomology, 84(11), p 1292 (10690).
During a survey carried out in mandarin orchards in Sikkim (India), in 1989 and 1990,
Elsinöe fawcetii
(EU Annex II/A1) and
Xanthomonas axonopodis
pv.
citri
(EPPO A1 quarantine pest) were found. Review of Plant Pathology, 75(11), p 1004 (7487).
In Ukraine,
Globodera rostochiensis
(EPPO A2 quarantine pest) has spread since its first record in the early 1960s. It is estimated that the nematode is now present in an area of 6000 hectares in 12 of the 14 regions where potato production is a major activity. Nematological Abstracts, 65(3), p 123 (987).
Helicoverpa armigera
(EPPO A2 quarantine pest) is present in the Andaman Islands (India). Review of Agricultural Entomology, 84(10), p 1149 (9540).
Ips typographus
(EU Annex II/B) is present in Slovenia. Review of Agricultural Entomology, 84(8), p 959 (7948).
Liriomyza huidobrensis
(EPPO A2 quarantine pest) is reported as being a serious pest of potatoes and other vegetables, in Cartago (Costa Rica), since 1989. Review of Agricultural Entomology, 84(10), p 1161 (9633).
Liriomyza trifolii
(EPPO A2 quarantine pest) is present in India in several states, at least in: Andhra Pradesh, Karnataka, Madhya Pradesh, Maharashtra and Tamil Nadu. Review of Agricultural Entomology, 84(8), p 916 (7578-7581).
Tilletia indica
(EPPO A1 quarantine pest) is reported for the first time from Gujarat (India). It was detected in grain samples from a field where the cv. Kalyansona was grown for 3 consecutive years. Review of Plant Pathology, 75(11), p 967 (7191).
Xylella fastidiosa
(EPPO A1 quarantine pest), causing pear leaf scorch, is reported in several regions of Taiwan. During surveys carried out in 1992 and 1994, only 2 of the 10 regions studied were free from the disease and the incidence ranged from 5 to 43 %. This confirms earlier reports in Taiwan (EPPO RS 94/049). Review of Plant Pathology, 75(10), p 911 (6738).
Host plants
In Japan,
Bactrocera cucurbitae
and
B. dorsalis
(both EPPO A1 quarantine pests) have been found during import inspection on
Hylocereus undatus
(Cactaceae with edible fruit). In addition, both fruit flies could infest
Hylocereus undatus
in the laboratory. Review of Agricultural Entomology, 84(11), p 1320 (10914).
Field surveys carried out in Thailand, Malaysia and the Philippines showed that
Thrips palmi
(EPPO A1 quarantine pest) could be found attacking the following vegetables: ridge gourd (
Luffa acutangula
), bitter cucumber (
Momordica charantia
), cucumber, aubergine,
Capsicum annuum
, muskmelon, pumpkin, squash, watermelon, wax gourd (
Benincasa hispida
),
Vigna unguiculata
. Of these crops, the most frequently infested were aubergines. Review of Agricultural Entomology, 84(10), p 1165 (9664).
Sources
EPPO Secretariat, 1996-10"
XYLEFA,Xylella fastidiosa,1996/196,Situation of Xylella fastidiosa in Brazil,1996-10,https://gd.eppo.int/reporting/article-4151,"EPPO Reporting Service no. 10 - 1996
Num. article:
1996/196
Situation of Xylella fastidiosa in Brazil
Xylella fastidiosa
(EPPO A1 quarantine pest) is present in Brazil where it causes plum leaf scald and citrus variegated chlorosis, and more recently it has been found on coffee (see EPPO RS 96/169). So far, Pierce disease of grapevine has not been observed in Brazil. In South America,
X. fastidiosa
is present in Argentina, Brazil and Paraguay (new record according to the EPPO Secretariat - Leite Jr, 1996). Plum leaf scald was observed at the beginning of the 1970s in the southern States of Brazil (Minas Gerais, Paraná, Rio Grande do Sul, São Paulo, Santa Catarina). Citrus variegated chlorosis was observed in 1987 in the north-east of São Paulo State and in the region of triângulo Mineiro (Minas Gerais State) (Carvalho, M.L.V, 1996). The disease then spread to practically all citrus-growing areas in the country (Goiás, Rio de Janeiro, Paraná, Sergipe) and was observed very recently in Santa Catarina State (Leite, Jr
et al
., 1996). Studies on the transmission of
X. fastidiosa
by leafhoppers in citrus orchards have been carried out. The bacterium is transmitted in a persistant, non-circulative way by Cicadellidae and Cercopidae. In citrus orchards, it was observed that several insects i.e.
Dilobopterus costalimai
,
Acrogonia terminalis
and
Oncometopia
sp. are able to transmit the disease (Lopes,
et al
., 1996).
The bacterium has been observed on coffee near Campinas (São Paulo, Minas Gerais). Preliminary studies (Ueno ; Leite Jr, 1996), have shown that the isolates from coffee and citrus seem to be slightly different.
EPPO note
: The EPPO record for
X. fastidiosa
in South America should now read:
South America
: Argentina, Brazil (Goiás, Minas Gerais, Paraná, Rio do Janeiro, Rio Grande do Sul, Santa Catarina, São Paulo, Sergipe), Paraguay, Venezuela.
Sources
Fitopatologia Brazileira, 21 (suplemento), 448 pp.
Abstracts of papers presented at the XXIX Congresso Brasileiro de Fitologia, Campo Grande, MS, 1996-08-11/16
Carvalho, M.L.V. (1996) [Present situation of citrus variegated chlorosis and control strategies]. p 328.
Leite Jr, R.P. (1996) [Plum leaf scald: the disease and its causal agent
Xylella fastidiosa
.], 327-328.
Leite Jr, R.P.; Huang, G.F.; Ueno, B. (1996) [Occurrence of citrus variegated chlorosis caused by
Xylella fastidiosa
in the State of Santa Catarina, Brazil.], 335-336.
Lopes, J.R.S.; Beretta,; M.J.G.; Harakava, R.; Almeida, R.P.P.; Krügner, R.; Garcia Jr, A. (1996) [Confirmation of leafhopper transmission of
Xylella fastidiosa
, the causal agent of citrus variegated chlorosis.], p 343.
Ueno, B.; Leite Jr, R.P. (1996) [Studies on the variablility of
Xylella fastidiosa
strains established from coffee and citrus based on the analysis of whole-cell proteins.], p 341."
XYLEFA,Xylella fastidiosa,1996/169,First report of Xylella fastidiosa in coffee,1996-09,https://gd.eppo.int/reporting/article-4124,"EPPO Reporting Service no. 09 - 1996
Num. article:
1996/169
First report of Xylella fastidiosa in coffee
In Brazil, symptoms characterized by slight stunting, dieback and leaf scorch were observed on coffee (
Coffea arabica
cv. Mundo Novo). Serological tests carried out on extracts of affected plants revealed the presence of
Xylella fastidiosa
(EPPO A1 quarantine pest). Analyses of the cultured bacterium by PCR with primers designed for the general detection of
X. fastidiosa
and specific detection of the
X. fastidiosa
that causes citrus variegated chlorosis gave positive results. This is the first report of
X. fastidiosa
on coffee. In addition, the possibility that the bacterium which causes citrus variegated chlorosis is similar to the one found in coffee is of some concern to citrus growers, as coffee is often planted near citrus in Brazil.
Sources
Beretta, M.J.G.; Harakava, R.; Chagas, C.M.; Derrick, K.S.; Barthe, G.A.; Ceccardi, T.L.; Lee, R.F.; Paradela, O.; Sugimori, M.; Ribeiro, I.A. (1996) First report of
Xylella fastidiosa
in coffee.
Plant Disease, 80(7), p 821."
XYLEFA,Xylella fastidiosa,1995/44,First report of Xylella fastidiosa on Quercus virginiana,1995-02,https://gd.eppo.int/reporting/article-4224,"EPPO Reporting Service no. 02 - 1995
Num. article:
1995/44
First report of Xylella fastidiosa on Quercus virginiana
Bacterial leaf scorch, caused by
Xylella fastidiosa
sensu lato (EPPO A1 quarantine pest) has been reported in
Quercus falcata
,
Q. laurifolia
and
Q. nigra
in Florida (US) in 1988. In autumn 1992, decline, marginal leaf necrosis and branch dieback were observed on
Q. virginiana
in southwest Florida and
Xylella fastidiosa
was isolated from the diseased trees. In autumn 1993, other symptomatic
Q. virginiana
trees were found and tested positive for
X. fastidiosa
by ELISA and PCR. This is the first report of
X. fastidiosa
on
Q. virginiana
. Note that EPPO is mainly concerned by this disease on grapevine and peach. The quarantine risk of
X. fastidiosa
on other hosts has to be further evaluated, as these hosts may present a certain risk.
Sources
McGovern, R.J. (1994) Association of
Xylella fastidiosa
with leaf scorch and decline of live oak in Florida.
Plant Disease, 78 (9), p 924."
XYLEFA,Xylella fastidiosa,1995/22,Correct Bayer codes,1995-01,https://gd.eppo.int/reporting/article-4202,"EPPO Reporting Service no. 01 - 1995
Num. article:
1995/22
Correct Bayer codes
The EPPO Secretariat is proposing to Bayer AG that the codes used in the EPPO plant quarantine information system PQR for the quarantine pests of the A1 and A2 lists, and of Annexes I and II of Directive 77/93, should be added to the Bayer lists, in the few cases where they are not already there. These codes are already cited in ""Quarantine Pests for Europe"". In checking these proposals, it was found that EPPO had used the codes PSDMPS for
Pseudomonas syringae
pv.
persicae
and XYLLFA for
Xylella fastidiosa
, but that Bayer had in the meantime assigned the codes PSDMPE and XYLEFA. These are the correct codes for these pests, and will be used in the next release of PQR (after the recently released version 3.0). Note that the EPPO coding system for viruses and MLOs is, in any case, still not harmonized with the Bayer lists. Discussions are under way on this.
Sources
EPPO Secretariat, 1994-12."
XYLEFA,Xylella fastidiosa,1994/222,PCR detection of Xylella fastidiosa in plant tissue,1994-11,https://gd.eppo.int/reporting/article-4712,"EPPO Reporting Service no. 11 - 1994
Num. article:
1994/222
PCR detection of Xylella fastidiosa in plant tissue
A PCR protocol for the specific detection of Xylella fastidiosa (EPPO A1 quarantine pest) in plant tissue has been developed. By using oligonucleotide specific primers, it was possible to amplify a fragment of genomic DNA in 33 strains of X. fastidiosa, from grapevine, citrus, plum, oak, golden rod (Solidago ssp.), Platanus occidentalis and also from Brazilian strains isolated from citrus trees presenting symptoms of citrus variegated chlorosis. The PCR method consistently detected X. fastidiosa in extracts from three naturally infected grapevine tissue sources and citrus rootstocks, as well as from artificially contaminated samples. Plant extracts were obtained by maceration of grape petioles and by vacuum extraction of citrus stems. However, as DNA amplification was inhibited in the presence of plant extract, it was necessary to add acid-washed polyvinylpyrrolidone and sodium ascorbate to the extracts. Detection by PCR is 100-fold more sensitive than by ELISA, and the detection limits are respectively, 1 x 10ý cfu/ml for PCR and 2 x 104 cfu/ml for ELISA. In addition, restriction endonuclease digestion of the PCR products allowed for the differentiation of two pathotypes. The authors felt that this result correlates other studies which have shown the existence of at least two pathotypes corresponding to Pierce's disease group and the group causing other diseases (often referred to as the phony peach group). However, further studies are needed to find new primers that will allow for finer differentiation within and between the pathotypes of X. fastidiosa. The authors concluded that the PCR method for detecting X. fastidiosa in plant tissue is a useful tool for research and diagnostic programmes, and noted that this protocol may also be adapted for detection of the pathogen in insect vectors.
Sources
Minsavage, G.V.; Thompson, C.M.; Hopkins, D.L.; Leite, R.M.V.B.C.; Stall, R.E. (1994) Development of a polymerase chain reaction protocol for detection of Xylella fastidiosa in plant tissue.
Phytopathology, 84 (5), 456-461."
XYLEFA,Xylella fastidiosa,1994/221,Xylella fastidiosa is the causal agent of Citrus variegated chlorosis disease,1994-11,https://gd.eppo.int/reporting/article-4711,"EPPO Reporting Service no. 11 - 1994
Num. article:
1994/221
Xylella fastidiosa is the causal agent of Citrus variegated chlorosis disease
Since 1987 a new and serious disease, called citrus variegated chlorosis of sweet orange (Citrus sinensis) has been reported in Brazil. It spread rapidly in nurseries and commercial groves in Sao Paulo and Minas Gerais States. The symptoms are characterized by leaf patterns similar to zinc deficiency on new sprouts, conspicuous chlorotic variegation on the upper side of more developed leaves, and the undersides of variegated leaves contain small, light-brown, somewhat raised lesions which correspond to chlorotic areas on the upper leaf surface. These areas may become dark-brown or necrotic, punctiform or elongated, and occur in clusters or lines. Affected fruits are small and hard. Previous studies have led to the conclusion that the causal agent of this disease was structurally and morphologically similar to Xylella fastidiosa (EPPO A1 quarantine pest ; EU Annex I/A1) (1992, Chagas et al.). In EU Annex II/A1, the disease also appears separately as 'citrus variegated chlorosis'.
In recent studies, a xylem-limited bacterium serologically related to strains of Xylella fastidiosa (EPPO A1 quarantine pest) has been isolated from citrus trees in Brazil showing symptoms of citrus variegated chlorosis. After inoculation of this bacterium, typical symptoms of citrus variegated chlorosis were observed. The authors were able to reisolate the bacterium from petioles of these symptomatic and artificially inoculated plants, and its identity was confirmed by membrane entrapment immunofluorescence and Western blotting with the antiserum prepared against the original strain. The bacterium reisolated from symptomatic plant tissue was culturally, morphologically and serologically indistinguishable from the strain used to inoculate the plants (completing Koch's postulates and confirming the results obtained by Chang et al., 1993).
Other diseases of citrus have also been tentatively related to X. fastidiosa: 'pecosita' and 'citrus blight'. The first one occurs in Argentina. Though it is similar to citrus variegated chlorosis, it does not seem to be a limiting factor of citrus production. Concerning citrus blight, extracts from affected trees present a characteristic set of proteins which have not been found in extracts of trees affected by citrus variegated chlorosis. However, characteristic symptoms of 'citrus blight' have been obtained by inoculation of Citrus jambhiri cuttings with certain strains of X. fastidiosa (1988, EPPO RS 498/09) but Koch's postulates could not be completed.
The authors concluded that X. fastidiosa is the causal agent of citrus variegated chlorosis which can be considered as a strain of X. fastidiosa. Preliminary studies have demonstrated that this strain shows serological relationships with other strains of X. fastidiosa causing diseases of grapevine (Pierce's disease), almond (almond leaf scorch), ragweed (Ambrosia spp. - ragweed stunt disease) and oak (oak leaf scorch).
Sources
Chagas, C.M.; Rossetti, V.; Beretta, M.J.G. (1992) Electron microscopy studies of a xylem-limited bacterium in sweet orange affected with citrus variegated chlorosis disease in Brazil.
Journal of Phytopathology, 134, 306-312.
Hartung, J.S.; Beretta, J.; Brlansky, R.H.; Spisso, J.; Lee, R.F. (1994) Citrus variegated chlorosis bacterium: axenic culture, pathogenicity, and serological relationships with other stains of Xylella fastidiosa.
Phytopathology, 84 (6), 591-597.
Chang, C.J., Garnier, M.; Zreik, L.; Rossetti, V.; Bov‚, J.M. (1993) Culture and serological detection of the xylem-limited bacterium causing citrus variegated chlorosis and its identification as a strain of Xylella fastidiosa.
Current Microbiology, 27, 137-142."
XYLEFA,Xylella fastidiosa,1994/141,Specific identification of Xylella fastidiosa by PCR,1994-07,https://gd.eppo.int/reporting/article-4631,"EPPO Reporting Service no. 07 - 1994
Num. article:
1994/141
Specific identification of Xylella fastidiosa by PCR
Studies on the potential use of PCR (Polymerase Chain Reaction) for the identification of Xylella fastidiosa (EPPO A1 quarantine pest) have been carried out in Italy. By using a pair of specific primers, it was possible to amplify a part of the 16S rRNA gene of X. fastidiosa. During this experiment five strains of X. fastidiosa (grapevine isolates and non-grapevine isolates) and Xylophilus ampelinus, Xanthomonas campestris pv. vesicatoria, Pseudomonas solanacearum, Pseudomonas syringae pv. syringae, Escherichia coli were tested ; only X. fastidiosa strains gave positive results. The authors concluded that the PCR assay on pure bacterial cultures allowed a rapid, sensitive and specific identification of X. fastidiosa and that these results encourage application of PCR in setting up a reliable diagnostic assay for the detection of X. fastidiosa in infected tissues.
Sources
Firrao, G.; Bazzi, C. (1994) Specific identification of Xylella fastidiosa using the polymerase chain reaction.
Phytopathologia Mediterranea, 33(1), 90"
XYLEFA,Xylella fastidiosa,1994/51,Detection of Xylella fastidiosa in grapevine cuttings,1994-03,https://gd.eppo.int/reporting/article-4541,"EPPO Reporting Service no. 03 - 1994
Num. article:
1994/51
Detection of Xylella fastidiosa in grapevine cuttings
The development of a detection method for Xylella fastidiosa (EPPO A1 quarantine pest) in asymptomatic grapevine propagation material was the objective of a Italian-French research project. The result of the investigations is a scheme for testing woody grapevine material and one year old cuttings is based essentially on the extraction of the bacteria from the xylem by vacuum washing, their concentration through centrifugation and their identification by immunofluorescence staining and/or ELISA using polyclonal antibodies. A final confirmation of positive results might be obtained through using gel electrophoresis (SDS-PAGE) of bacterial cells which are directly isolated from the infected tissue and cultured on a suitable medium (e.g. PD3). The scheme as proposed by the authors is as follows:
Select Sample
Wash with tap water, disinfect surface with
70% ethanol, wrap ends with paper tape
Vacuum flush (80kPa) with SDW or PBS
Collect and centrifuge sap extracts
(10 000 rpm for 15 min.)
Resuspend pellets in SDW or PBS
(total volume 0,5 ml), dilute ten-fold
IFAS (anti-PD88-5A
and/or PD-89-1)
Direct Isolation (PD3)
SDS-PAGE
PD88-5A
PD-89-1 } Polyclonal antisera produced in Italy
Sources
Zaccardelli, M.; Bazzi, C.; Chauveau, J.F.; Paillard, S. (1993) Sero-diagnosis of Xylella fastidiosa in grapevine xylem extracts.
Phytopathologia Mediterranea 32, 174-181."
XYLEFA,Xylella fastidiosa,1994/50,EPPO Distribution List for Xylella fastidiosa,1994-03,https://gd.eppo.int/reporting/article-4540,"EPPO Reporting Service no. 03 - 1994
Num. article:
1994/50
EPPO Distribution List for Xylella fastidiosa
Due to the record of Xylella fastidiosa (EPPO A1 quarantine pest) from Taiwan the distribution of this organism is as follows:
EPPO Distibution List: Xylella fastidiosa
The distribution given is for the grapevine and peach pathogens. As far as is known, X. fastidiosa sensu lato is similarly restricted to the warmer parts of America.
EPPO region: Absent. Unconfirmed interceptions on grapevine material imported from the USA (EPPO Reporting Service 500/02 505/13).
Asia: India (on almonds; Jindal ; Sharma, 1987; this isolated record was the first from the Old World and is based on a test described in the 1970s; it requires confirmation by more modern methods), Taiwan (pear leaf scorch).
North America: Mexico, USA (Alabama, California, Florida, Georgia, Mississippi, Missouri, North and South Carolina, Texas).
Central America and Caribbean: Costa Rica, probably most countries in Central America.
South America: Argentina, Venezuela (Jimenez, 1985). ""Plum leaf scald"" recorded in most areas where Prunus salicina is grown in South America (EPPO Reporting Service, 503/08). However, the grapevine disease is not known in South America.
This distribution list replaces all previous published EPPO Distribution Lists on X. fastidiosa !
Sources
EPPO Secretariat, Paris (1994-02)"
XYLEFA,Xylella fastidiosa,1994/49,Xylella fastidiosa present in Taiwan,1994-03,https://gd.eppo.int/reporting/article-4539,"EPPO Reporting Service no. 03 - 1994
Num. article:
1994/49
Xylella fastidiosa present in Taiwan
A survey carried out in Taiwan (TW) revealed that 12 - 20% of all pear trees in the low-altitude areas of central Taiwan showed typical symptoms of pear leaf scorch disease. Further investigations were carried out to identify the causal organism of this disease. Microscopic observations, pathogenicity tests and serological tests showed that the causal organism was indeed Xylella fastidiosa (EPPO A1 quarantine pest). This represents the first well documented record of this disease in Asia.
Sources
Leu, L.S.; Su, C.C; (1993) Isolation, cultivation and pathogenicity of Xylella fastidiosa, the causal bacterium of pear leaf scorch disease in Taiwan.
Plant Disease 77, 642-646."
XYLEFA,Xylella fastidiosa,1993/96,Medium for the cultivation of Xylella fastidiosa,1993-05,https://gd.eppo.int/reporting/article-4886,"EPPO Reporting Service no. 05 - 1993
Num. article:
1993/96
Medium for the cultivation of Xylella fastidiosa
A medium for the cultivation of strains of Xylella fastidiosa (EPPO A1 quarantine pest) isolated from grapevine has been developed in Georgia, US. The medium, called XF-26, supported the primary growth of the bacterium.
The formula for the medium is as follows:
Substance (g/L)
- K2HPO4 1,5
- (NH4)2HPO4 0,5
- MgSO4.7H2O 2,0
- Trisodium citrate 1,5
- Disodium succinate 1,5
- L-Alanine
; ; ; ;
0,2
- L-Arginine 0,4
- L-Asparagine 0,4
- L-Cysteine 0,4
- Glycine 0,2
- L-Gutamine 2,0
- L-Histidine 0,4
- L-Isoleucine 0,2
- L-Leucine 0,2
- L-Lysine 0,2
- L-Methionine 0,2
- L-Phenylalanine 0,2
- L-Proline 0,2
- L-Serine 0,2
- L-Threonine 0,2
- L-Tryptophan 0,04
- L-Valine 0,2
- Phenol red 0,02
- Potato starch 0,2
- Difco agar 15,0
K2HPO4, (NH4)2HPO4, trisodium citrate, disodium succinate, potato starch and agar are dissolved in 800 ml of distilled water followed by adding the stock solutions. The concentrations of MgSO4.7H2O and phenol red were 10% and 0,2%, respectively. The concentration of the amino acids were 3,3% except those of glutamin and tryptophan which were 16,7 and 0,67%, respectively. All stock solutions were sterilized by autoclaving for 15 minutes. The final volume of the medium was brought up to one litre by adding distilled water and the pH was adjusted to 6,6-6,7 by adding NaOH. The XF-26 broth medium was prepared in the same way without the agar.
Sources
Chang, C.J.; Donaldson, R.C. (1993) Xylella fastidiosa: Cultivation in chemically defined medium.
Phytopathology 83, 192-194."
XYLEFA,Xylella fastidiosa,1992/06,Detection of Xylella fastidiosa in peach,1992-10,https://gd.eppo.int/reporting/article-5325,"EPPO Reporting Service no. 10 - 1992
Num. article:
1992/06
Detection of Xylella fastidiosa in peach
The distribution of
Xylellla fastidiosa
(EPPO A1 organism) causal agent of the phony peach disease within roots of peach was studied in Florida, US.
The bacterium could be detected in all trees, whether symptomatic or asymptomatic for phony peach disease. The distribution of
X. fastidiosa
in the roots of symptomatic trees was uniform along the length of the roots and within the root ball. The distribution of the bacterium was not influenced by the distance the root sample was taken from the trunk or the diameter of the root piece sampled.
The authors found that the minimum sample to detect, at a risk of 5%, the disease in asymptomatic trees should consist of 5 - 10 roots.
Sources
Aldrich, J.H.; Gould, A.B.; Martin, F.G.  (1992) Distribution of
Xylella fastidiosa
within roots of peach.
Plant Disease 76, 885-888."
XYLEFA,Xylella fastidiosa,1991/05,Xylella fastidiosa in landscape trees,1991-11,https://gd.eppo.int/reporting/article-5522,"EPPO Reporting Service no. 11 - 1991
Num. article:
1991/05
Xylella fastidiosa in landscape trees
Xylella fastidiosa
(EPPO A1 organism) mainly known as a pathogen of grapevine has been reported to infect landscape trees and is present on
Quercus palustris
and
Q. rubra
in 11 cities in the USA.
Investigations showed that the pathogen is distributed from New York in the North to Texas in the South. Diseased trees show a premature leaf browning and defoliation as well as marginal leaf necrosis.
Sources
Hartman, J.R.; Kaiser, C.A.; Jarlfors, V.E.; Eshenaur, B.C. (1991) Occurrence of oak bacterial leaf scorch caused by Xylella fastidiosa in Kentucky.
Plant Disease 75, 862."
XYLEFA,Xylella fastidiosa,1990/08,Distribution of Xylella fastidiosa,1990-03,https://gd.eppo.int/reporting/article-5588,"EPPO Reporting Service no. 03 - 1990
Num. article:
1990/08
Distribution of Xylella fastidiosa
Forms of
X. fastidiosa
(EPPO Al List) cause plum leaf scald and phony peach diseases (the form causing the latter remaining for the time being a separate Al List entry). In southeast USA, the two diseases are found in the same areas. In South America, plum leaf scald is reported in many areas where
Prunus salicina
is grown but phony disease of peach is not known.
The significance of this for the geographical distribution
of
forms
of
X. fastidiosa
remains
to be
worked out (W. J. French
et al.
, University of Florida, US; abstract P. II-2-46).
Sources
Abstracts of the 5
th
International Congress of Plant Pathology, Kyoto (JP), 1988-08-20/27"
XYLEFA,Xylella fastidiosa,1989/02,Xylella fastidiosa intercepted in France,1989-01,https://gd.eppo.int/reporting/article-5652,"EPPO Reporting Service no. 01 - 1989
Num. article:
1989/02
Xylella fastidiosa intercepted in France
X. fastidiosa
(EPPO A1 List) was identified by ELISA on grapevine propagation material imported from Italy and originating from USA. France now requires an import permit for grapevines from EC countries as well as from non-EC countries.
Sources
NPPO of France"
XYLEFA,Xylella fastidiosa,1988/09,Grapevine Pierce's disease bacterium now called Xylella fastidiosa; it attacks other hosts as well as grapevine,1988-06,https://gd.eppo.int/reporting/article-5705,"EPPO Reporting Service no. 06 - 1988
Num. article:
1988/09
Grapevine Pierce's disease bacterium now called Xylella fastidiosa; it attacks other hosts as well as grapevine
Grapevine Pierce's disease bacterium is a quarantine pest on the EPPO Al List (N° 166). Although a fastidious prokaryote, it has now been cultured and accordingly characterized as a bacterium. Wells
et al
. (1987) have named it
Xylella fastidiosa
.
X. fastidiosa
is primarily known as the pathogen responsible for Pierce's disease of grapevine. The same pathogen can also be transmitted to almond (causing leaf scorch) and to lucerne (causing dwarf disease). Hopkins & Adlerz (1988) note that the bacterium can be isolated from numerous mostly symptomless hosts (of at least 28 families), among the natural wild vegetation of areas where Pierce’s disease is recorded. Some of the isolates infect grapevine while others do not, so that bacteria identifiable in culture as
X. fastidiosa
may belong to strains differing in host specificity (pathovars?).
Indeed, other diseases previously attributed to distinct pathogens are now considered to be caused by strains of
X. fastidiosa
: in particular, peach phony disease bacterium (EPPO Al List), plum leaf scald, periwinkle wilt, oak leaf scorch, mulberry leaf scorch, sycamore leaf scorch.
One particularly important case is ""citrus blight"". Hopkins (1988) has shown that characteristic symptoms of this disease, previously of uncertain aetiology, can be obtained by inoculation of
Citrus jambhiri
cuttings (a highly susceptible rootstock) with certain strains of
X. fastidiosa
.
However, full proof (Koch 's postulates) is still lacking that the disease is really caused by
X. fastidiosa
.
Further studies on host specificity of strains are needed to clarify which present a danger to the EPPO region.
Sources
Hopkins D.L. & Adlerz W.C. (1988) Natural hosts of
Xylella fastidiosa
in Florida.
Plant Disease
72, 429-431.
Hopkins D.L. (1988.) Production of diagnostic symptoms of blight in citrus inoculated with
Xvlella fastidiosa
. Plant Disease 72, 432-435
Wells J.M., Raju B.C., Hung H.Y., Weisburg W.G., Mandelco-Paul L. & Brenner D.J. (1987)
Xylella fastidiosa
gen. nov; sp. nov.: Gram-negative, xylem-limited fastidious plant bacteria related to
Xanthomonas
spp.
International Journal of Systematic Bacteriology 37
, 136-43."
