EPPO_code,Name,Number,Title,Date,URL,Content
LAPHFR,Spodoptera frugiperda,2025/139,New data on quarantine pests and pests of the EPPO Alert List,2025-06,https://gd.eppo.int/reporting/article-8152,"EPPO Reporting Service no. 06 - 2025
Num. article:
2025/139
New data on quarantine pests and pests of the EPPO Alert List
By searching through the literature, the EPPO Secretariat has extracted the following new data concerning quarantine pests and pests included (or formerly included) on the EPPO Alert List, and indicated in bold the situation of the pest concerned using the terms of ISPM 8.
New records
The Indian cotton jassid,
Amrasca biguttula
(Hemiptera: Cicadellidae) is first reported from Egypt in agricultural fields growing cotton (
Gossypium hirsutum
), roselle (
Hibiscus sabdariffa)
, and okra (
Abelmoschus esculentus
) located in Kafr El Sheikh governorate (Northern Egypt). This is the first record of this leafhopper in North Africa (El-Hady & El-Hashash, 2025).
Amrasca biguttula
(Hemiptera: Cicadellidae) is first reported from the island of Martinique (France) in the garden of the Martinique entomologie association in Fort-de-France on cotton plants (
Gossypium hirsutum
) in January 2024. It is considered that it has been established for several years (Dumbardon-Martial & Pierre, 2025).
Apple stem grooving virus (
Capillovirus mali,
ASGV, EU RNQP) is reported for the first time in Azerbaijan. It was detected on symptomatic apple (
Malus domestica
) and pear
(Pyrus communis
) during surveys conducted in 2017-2019 (Mustafayev
et al
., 2025).
Grapevine yellow speckle viroid 1 (
Apscaviroid alphaflavivitis
- GYSVd-1), grapevine yellow speckle viroid 2 (
Apscaviroid betaflavivitis -
GYSVd-2) and hop stunt viroid (
Hostuviroid impedihumuli
, HSVd – EU RNQP) are first reported from Kazakhstan. They were detected from symptomatic grapevine (
Vitis vinifera)
in the Almaty region in July 2023 and June 2024 (Moisseyev
et al
., 2025).
Liriomyza sativae
(Diptera: Agromyzidae - EPPO A2 List) is first reported from Dubai (United Arab Emirates). It was first observed in November 2021 in Dubai city, and again causing damage on pumpkin
(Cucurbita pepo
) and tomato (
Solanum lycopersicum
) in October 2024 in fields in Al Barari (Firouzi, 2025).
Fall armyworm,
Spodoptera frugiperda
(Lepidoptera: Noctuidae – EPPO A2 List), is reported for the first time in the Fiji Islands. The pest was first detected in April 2025 in Uciwai (Nadi District, Western Division) and later in the surrounding areas of the Nadi District on maize (
Zea mays
). Containment and official response measures have been implemented (IPPC, 2025).
The pest status of
Spodoptera frugiperda
in Fiji is officially declared as:
Present: at low prevalence, under official control.
Detailed records
In China, lettuce chlorosis virus (
Crinivirus lactucachlorosi,
LCV – formerly EPPO Alert List) was first recorded on Chinese cabbage (
Brassica rapa
subsp.
pekinensis
) in Baoding (Hebei Province) in November 2021. This is the first record in the Hebei province, and the first record on cabbage worldwide (Li
et al
., 2025).
In Germany, outbreaks of the root knot nematode
Meloidogyne fallax
(EPPO A2 List) have occurred in the past (EPPO
RS 2011/109
) and have been eradicated. The NPPO of Germany recently informed the EPPO Secretariat that the pest status has been determined in the framework of exports.
The pest status of
Meloidogyne fallax
in Germany is officially declared as
:
Present, transient, not widely distributed and under official control.
In the USA,
Ralstonia pseudosolanacearum
(EPPO A2 list) is first reported from North Carolina. It was reported to cause wilting of tomato (
Solanum lycopersicum
) and aubergine (
Solanum melongena
) in a 1-ha field in July 2023. The origin of the infection is unknown, but the identified phylotype is of Asian origin and had already been detected in Florida and Louisiana (Magar
et al
., 2025).
In the USA,
Pantoea ananatis
is first reported in Louisiana causing leaf blight in rice (
Oryza sativa
). It was detected in July 2023 by PCR on symptomatic rice in research fields in Rayne city (Bruno
et al
., 2025).
In Australia tomato brown rugose fruit virus (
Tobamovirus fructirugosum
, ToBRFV – EPPO A2 List) was first reported in August 2024 in South Australia (EPPO
RS 2024/172
), and in January 2025 in Victoria (
RS 2025/086
). On 29 May 2025 the Australian state and territory governments, and affected industry agreed that it was not technically feasible to eradicate ToBRFV from Australia. A long-term management strategy on how to manage the impacts of ToBRFV is under development (NPPO of Australia, 2025).
In the USA, watermelon crinkle leaf-associated virus 1(
Coguvirus citrulli
, WCLaV-1 – EPPO Alert List) and watermelon crinkle leaf-associated virus 2 (
Coguvirus henanense
, WCLaV-2 – EPPO Alert List) are first reported from Arizona. They were detected in 2023 by RT-PCR on watermelon (
Citrullus lanatus),
in different farms in Yuma County (Murcia Bermudez
et al
., 2025).
New host plants
In China,
Fusarium nirenbergiae
was identified as the causative agent of potato tuber rot on potato (
Solanum tuberosum
) in indoor storage facilities in October 2022 in Sichuan province. Infected tubers had shrinkage, rot and brown flesh (Li
et al.,
2025).
Sources
Bruno J, Barphagha I, Ontoy J, Dalla Lana F, Ham JH (2025) First report of
Pantoea ananatis
causing bacterial leaf and panicle blight of rice in Louisiana, USA.
Plant Disease
109(4),
932
https://doi.org/10.1094/PDIS-08-24-1731-PDN
Dumbardon-Martial E, Pierre C (2025) The invasive leafhopper
Amrasca biguttul
a
(Ishida, 1913) in our garden: first report in Martinique (Hemiptera, Cicadellidae). Bulletin de la Société Entomologique de France 130 (2),160-162. doi : 10.32475/bsef_2347
El-Hady RM, El-Hashash AE (2025) A taxonomic study of
Amrasca biguttula
(Ishida, 1913) (Cicadellidae, Typhlocybinae) in Egypt.
Acta Entomology and Zoology
6(1), 25-29. DOI: 10.33545/27080013.2025.v6.i1a.186
Firouzi E (2025) First recorded discovery of the invasive vegetable leafminer (
Liriomyza sativae
) in Dubai, UAE: implications for agriculture and ecosystem health.
ALL Bioscience
1
(1), 10-26.
IPPC website. Official Pest Reports- Fiji (2025-05-23): fall armyworm (
Spodoptera frugiperda
) incursion into Fiji Islands.
https://www.ippc.int/en/countries/fiji/pestreports/2025/05/fall-armyworm-spodoptera-frugiperda-incursion-into-fiji-islands/
Li L, Wen L, Zhu T, Ren M (2025) First report of
Fusarium nirenbergiae
causing rot of potato in China.
Plant Disease
109(3),
721.
https://doi.org/10.1094/PDIS-11-24-2413-PDN
Li Y, Liang Y, Zhang C (2025) First report of lettuce chlorosis virus infecting Chinese cabbage in China.
Plant Disease
(early view).
ttps://doi.org/10.1094/PDIS-03-25-0643-PDN
Magar P, Huerta AI, Cellier G, Louws F, Adhikari T (2025) First report of
Ralstonia pseudosolanacearum
phylotype I sequevar 14 causing bacterial wilt on tomato (
Solanum lycopersicum
) and eggplant (
Solanum melongena
) in North Carolina, USA.
Plant Disease
109(5),
1167
https://doi.org/10.1094/PDIS-11-24-2377-PDN
Moisseyev R, Kostyukova VS, Pozharskiy AS, Mendybayeva A, Gritsenko D (2025) First report of grapevine yellow speckle viroids and hop stunt viroid in
Vitis vinifera
in Kazakhstan.
Plant Disease
(early view)
https://doi.org/10.1094/PDIS-04-25-0798-PDN
Murcia Bermudez JM, Porchas MA, Gonzalez-Bello DA, Soto-Robles R, Poudel B (2025) First report of watermelon crinkle leaf-associated virus 1 (WCLaV-1) and (WCLaV-2) infecting
Citrullus lanatus
in Arizona, USA.
Plant Disease
(early view)
https://doi.org/10.1094/PDIS-10-24-2187-PDN
Mustafayev E, Mustafayeva H, Fuchs M (2025) First report of apple stem grooving virus in apple and pear trees in Azerbaijan.
Plant Disease
(early view)
https://doi.org/10.1094/PDIS-02-25-0359-PDN
NPPO of Australia (2025-05). Tomato brown rugose fruit virus
https://www.outbreak.gov.au/current-outbreaks/tomato-brown-rugose-fruit-virus#toc_0
NPPO of Germany (2025-06)."
LAPHFR,Spodoptera frugiperda,2025/030,First report of Spodoptera frugiperda in Bulgaria,2025-02,https://gd.eppo.int/reporting/article-8043,"EPPO Reporting Service no. 02 - 2025
Num. article:
2025/030
First report of Spodoptera frugiperda in Bulgaria
Fall armyworm,
Spodoptera frugiperda
(Lepidoptera: Noctuidae – EPPO A2 List), is reported for the first time in Bulgaria. In October 2023, during a study on Noctuidae moth populations across Bulgaria one specimen (1 female) was captured, using food lure, in an ancient oak forest in Chirpan, Stara Zagora Province, then in early November three specimens (2 females, 1 male) were captured in black light traps in a diverse landscape in Parvomay, Plovdiv Province (both provinces in southern Bulgaria) and two specimens (2 males) in pheromone traps in maize fields in Knezha, Pleven province (northern Bulgaria). The identity of the pest was confirmed by morphological and molecular analysis. The authors suggest that the pest may have migrated north through the east Balkans. It is unclear if the species could overwinter and establish in Bulgaria.
In addition, official surveys for
S. frugiperda
have been conducted since 2021 by the NPPO of Bulgaria. Surveys were intensified in 2023 and 2024 following this finding and did not find
S. frugiperda.
The pest status of
Spodoptera frugiperda
in Bulgaria is officially declared as:
Absent, the entire country is pest free.
Sources
NPPO of Bulgaria (2025-02).
Szanyi S, Barta M, Velchev D, Beshkov S, Mumford S, Todorov I, Nagy A, Varga Z, Tóth M, Toshova T (2025) First report of a migratory pest, the fall armyworm, Spodoptera frugiperda (JE Smith, 1797)(Lepidoptera, Noctuidae) from Bulgaria. Insects 16(2), 134.
https://doi.org/10.3390/"
LAPHFR,Spodoptera frugiperda,2024/251,Pre-emptive biological control of Spodoptera frugiperda using Trichogramma species,2024-11,https://gd.eppo.int/reporting/article-8001,"EPPO Reporting Service no. 11 - 2024
Num. article:
2024/251
Pre-emptive biological control of Spodoptera frugiperda using Trichogramma species
The fall armyworm
Spodoptera frugiperda
(Lepidoptera: Noctuidae - EPPO A2 List), is a highly invasive pest of maize and other crops worldwide. It has recently been reported in a few EPPO countries.
Trichogramma
species are egg parasitoids that are commonly used as augmentative biological control agents against a variety of pests worldwide. Some
Trichogramma
species have been used against
S. frugiperda,
for example,
T. pretiosum
in the Americas and
T. chilonis
in China. It is generally considered that full control of
S. frugiperda
using
Trichogramma
species is not easily achieved as the parasitoid cannot reach all eggs as the egg mass is composed of two or three layers and protected. In studies to assess the pre-emptive augmentative biological control of
S. frugiperda
, three European
Trichogramma
species (
Trichogramma brassicae
,
T. dendrolimi
and
T. cacoeciae
) were tested for their ability to parasitize egg masses with one to three layers and with or without protective covering (hair and scale cover). Each
Trichogramma
species was tested on egg masses with: one-layer without hair; one-layer with hair; two-layers without hair; two-layers with hair; three-layers with hair.
T. dendrolimi
was the most efficient species in reaching the eggs at the lowest layers with protective covering.
T. cacoeciae
was the least successful. Depending on the number of egg layers and presence or absence of covering, parasitism rates by
T. brassicae
,
T. dendrolimi
and
T. cacoeciae
varied between 99 and 41 %, 100 and 43 % and 100 and 28 %, respectively. Even though
Trichogramma
species may not be able to parasitise all eggs in the mass, they can be considered as biological control agents in a IPM programme and also used in combination with other natural enemies.
Sources
Kenis M, Zhong Y, Fontes J, Herz A, Babendreier D (2024) Pre‑emptive augmentative biological control of
Spodoptera frugiperda
in Europe using
Trichogramma
spp.
CABI Agriculture and Bioscience
5
, 96.
https://doi.org/10.1186/s43170-024-00296-1"
LAPHFR,Spodoptera frugiperda,2024/150,First report of Spodoptera frugiperda in Iran,2024-07,https://gd.eppo.int/reporting/article-7900,"EPPO Reporting Service no. 07 - 2024
Num. article:
2024/150
First report of Spodoptera frugiperda in Iran
Fall armyworm,
Spodoptera frugiperda
(Lepidoptera: Noctuidae – EPPO A2 List), is reported for the first time from Iran. In October 2023, during monitoring surveys of maize fields in the Orzuiye region (Kerman province), larvae were observed feeding on maize leaves and cobs. Several larvae were collected, reared in the laboratory, and emerging adults were identified as S.
frugiperda
.
The situation of
Spodoptera frugiperda
in Iran can be described as follows:
Present, not widely distributed.
Sources
Naseri M, Bemani M, Alipanah H, Noorbakhsh S, Zohdi H (2024) [First report of the fall armyworm,
Spodoptera frugiperda
(Lepidoptera, Noctuidae: Noctuinae) from Iran].
Journal of the Entomological Society of Iran
44
(1), 111-116 (in Persian).
https://doi.org/10.61186/JESI.44.1.9"
LAPHFR,Spodoptera frugiperda,2024/101,Possible incursion of Spodoptera frugiperda in Malta,2024-05,https://gd.eppo.int/reporting/article-7851,"EPPO Reporting Service no. 05 - 2024
Num. article:
2024/101
Possible incursion of Spodoptera frugiperda in Malta
Spodoptera frugiperda
(Lepidoptera: Noctuidae – EPPO A2 List) is reported for the first time in Malta. During faunistic studies, 3 specimens (2 males and 1 female) were caught in September 2023, in a light trap in Rabat (over a period of 18 nights), as well as 2 specimens (1 male and 1 female) in Naxxar (over a period of 23 nights). The origin of these specimens is not known, nor whether the pest would be able to survive during winter conditions in Malta.
Following this first published record, the EPPO Secretariat contacted the NPPO of Malta which explained that official surveys to detect the presence of
S
.
frugiperda
on its territory have been conducted since 2019 with the use of specific pheromone traps. No specimen has been trapped in this framework. For the moment, the NPPO cannot confirm the presence of
S. frugiperda
on its territory as mentioned by Seguna
et al.
(2024)
because the diagnosis was not performed by an accredited laboratory. An official survey will be conducted again in 2024.
Sources
Seguna A, Catania A, Borg JJ, Sammut P (2024)
Spodoptera frugiperda
(Smith, 1797), an unwelcome visitor reaches the Maltese Islands (Lepidoptera: Noctuidae, Xyleninae).
SHILAP Revista de lepidopterología
52
(205), 29-31.
https://doi.org/10.57065/shilap.844
NPPO of Malta (2024-05)."
LAPHFR,Spodoptera frugiperda,2024/075,New data on quarantine pests and pests of the EPPO Alert List,2024-04,https://gd.eppo.int/reporting/article-7825,"EPPO Reporting Service no. 04 - 2024
Num. article:
2024/075
New data on quarantine pests and pests of the EPPO Alert List
By searching through the literature, the EPPO Secretariat has extracted the following new data concerning quarantine pests and pests included (or formerly included) on the EPPO Alert List, and indicated in bold the situation of the pest concerned using the terms of ISPM 8.
New records
Beet necrotic yellow vein virus (
Benyvirus
, EPPO A2 List – rhizomania) is reported for the first time from Tunisia. The virus was detected in a commercial beet (
Beta vulgaris
) field located in Bousalem, Jendouba Governorate (Nahdi
et al
., 2022).
Present, no details.
Erysiphe corylacearum
is reported for the first time in Israel. In May 2022, powdery mildew symptoms were observed on hazelnut (
Corylus avellana
) plants in several locations in the northern Golan region: a truffle plantation in Ein-Zivan, gardens in Merom-Golan, and a garden adjacent to the ‘Pri-Beresheet’ packing house (Gur, 2024).
Nysius huttoni
(Hemiptera: Lygaeidae – formerly EPPO Alert List) is reported for the first time from Ireland. The first specimens were found in April 2023 in county Carlow (DAFM, 2024).
Phytophthora macrochlamydospora
is reported for the first time in Brazil causing tree decline in
Pinus taeda
. This disease has been observed since 2014 in some plantations in Santa Catarina and Paraná states. Affected
P. taeda
trees showed needle chlorosis and shortening, reduced plant growth, reduced volume of fine roots and absence of ectomycorrhiza. It is noted that in Brazil, the presence of this pathogen had been detected earlier in irrigation water from streams.
P. macrochlamydospora
had initially been reported to cause root and stem rot in soybean (
Glycine max
) in Australia and the USA (Brumat
et al
., 2023).
Spodoptera frugiperda
(Lepidoptera: Noctuidae – EPPO A2 List) occurs in Lebanon. Its presence was recorded (no further details) during studies conducted in 2021 in maize fields on beneficial insects associated with the pest (Moussa, 2022).
Present, no details.
Detailed records
In China,
Heterodera zeae
(formerly EPPO Alert List) was first found in Guanxi province in a maize (
Z
ea mays
) field in 2015 (EPPO
RS 2017/145
). More recently, it was also found in maize fields in the provinces of Henan (Cui et al., 2020) and Sichuan (Xu et al., 2024).
In the USA,
Stenocarpella macrospora
(EPPO A2 List) occurs in Kentucky. During surveys conducted in maize fields in 2019 and 2020, both
S. macrospora
and
S. maydis
were detected
. S. macrospora
was identified in 33.8% of inspected ears in 2019 and 36.9% in 2020
. S. maydis
was confirmed in 66.2% of inspected ears in 2019 and 63.1% in 2020 (Anderson and Wise, 2024).
In Russia,
Stephanitis pyrioides
(Heteroptera: Tingidae – formerly EPPO Alert List) was found in July 2020 on
Rhododendron x hybridum
in a single location in Sochi (Krasnodar). It is suspected that it was introduced with imports of infested plants for planting from Italy. This is the first time that
S. pyrioides
is reported from the European part of Russia, previously it was only recorded in the Far East (Zhuravleva et al., 2023).
Denied record
The presence of
Polygraphus proximus
(Coleoptera: Curculionidae: Scolytinae) in Kazakhstan had been reported during scientific studies (EPPO
RS 2024/006
). However, the NPPO of Kazakhstan recently informed the EPPO Secretariat that annual official surveys are conducted for this quarantine pest and have not detected it. It is planned to inspect forest plantations in the Eastern regions of Kazakhstan in 2024. The NPPO of Kazakhstan considers that
P
. proximus
is absent from its territory (NPPO of Kazakhstan, 2024).
Host plants
During a survey conducted in an outdoor nursery in York (United Kingdom), the nematode
Aphelenchoides fragariae
(EU RNQP) was detected in
Darmera peltata
(Saxifragaceae). Affected plants showed interveinal leaf chlorosis, necrosis and malformation.
D. peltata
is grown for ornamental purposes, often near ponds as it prefers moist soils (Singh
et al
., 2024).
Sources
Anderson NR, Wise KA (2024) Prevalence of
Stenocarpella maydis
and
Stenocarpella macrospora
causing
Diplodia
ear rot in Kentucky.
Plant Health Progress
25
(1), 27-32.
Brumat ACL, Auer CG, Tessmann DJ, Duarte HSS, dos Santos ÁF (2023) First report of
Phytophthora macrochlamydospora
associated with tree decline in
Pinus taeda
in Brazil.
Forest Pathology
53
, e12840.
https://doi.org/10.1111/efp.12840
Cui J, Zhou B, Jiao Y, Lv Y, Lu J, Meng H, Jiang S (2020) First report of
Heterodera
zeae
on maize (
Zea mays
) in Henan province, China.
Plant Disease
107
(7), p 2031.
https://doi.org/10.1094/PDIS-02-20-0227-PDN
DAFM. Department of Agriculture, Food and the Marine of Ireland. Plant Pest Factsheet.
Nysius huttoni
. Wheat bug.
https://assets.gov.ie/278017/7606b731-01d5-4276-9e52-e859c102b54d.pdf
(last accessed in 2024-04).
Gur L (2024) Occurrence of powdery mildew caused by
Erysiphe corylacearum
on hazelnuts in Israel.
Plant Disease
(early view).
https://doi.org/10.1094/PDIS-11-23-2386-PDN
Moussa Z (2022) Beneficial insects associated with fall army worm in Lebanon. Abstract of a paper presented at the 13th Arab Congress of Plant Protection (Hammamet, TN, 2022-10-16/21).
Nahdi S, Khemissi A, Souissi R, Abou Kubaa R, Boukhris-Bouhachem (2022) First survey of beet viruses and their relative vectors on beet (
Beta vulgaris
) species in Tunisia.  Abstract of a paper presented at the 13th Arab Congress of Plant Protection (Hammamet, TN, 2022-10-16/21).
NPPO of Kazakhstan (2024-04).
Rodriguez SD, Allan C, Discua Duarte S, Matzkin LM, Palumbo J, Carrière Y (2024) First report of tomato spotted wilt virus infecting lettuce in Yuma, Arizona.
Plant Disease
108
(3), 823.
https://doi.org/10.1094/PDIS-04-23-0629-PDN
Singh PR, Correia M, Orlando V, Macey C, Rotifa J, Kershaw Z, Dawes J, Lawson R (2024) First report of
Aphelenchoides fragariae
infecting the ornamental plant
Darmera peltata
in the United Kingdom.
New Disease Reports
49
, e12267.
https://doi.org/10.1002/ndr2.12267
Xu X, Li R, Ren H, Zhou Y, Jiang S, Tang J, Cui J (2024) First report of the maize cyst nematode
Heterodera zeae
in Sichuan province of Southwest China.
Plant Disease
108
(3), 820.
https://doi.org/10.1094/PDIS-11-23-2469-PDN
Zhuravleva EN, Golub VB, Kirichenko NI, Shoshina EI, Soboleva VA, Karpun NN, Musolin DL (2023) First record of the azalea lace bug
Stephanitis pyrioides
(Scott, 1874) (Hemiptera: Heteroptera: Tingidae) in the European part of Russia: Molecular genetics and taxonomy of an alien pest.
EPPO Bulletin
53
(3), 643–651."
LAPHFR,Spodoptera frugiperda,2024/066,The potential of Trichogramma foersteri as a biological control agent for Spodoptera species,2024-03,https://gd.eppo.int/reporting/article-7816,"EPPO Reporting Service no. 03 - 2024
Num. article:
2024/066
The potential of Trichogramma foersteri as a biological control agent for Spodoptera species
Egg parasitoids of the genus
Trichogramma
(Hymenoptera: Trichogrammatidae) are extensively used against agricultural pests in both annual and perennial crops.
Spodoptera frugiperda
(Lepidoptera: Noctuidae, EPPO A2 List) and
Spodoptera eridania
(EPPO A1 List) are polyphagous species native to the Americas. The efficacy of the newly discovered species,
Trichogramma foersteri*
was studied for the potential biological control of both
Spodoptera
species. In general, low parasitism rates are reported for
Trichogramma
species against
Spodoptera
species, in part, as female
Spodoptera
lay eggs in multiple layers which are protected by scales. However, screening tests performed in the laboratory have shown that
T. foersteri
can successfully parasitize the eggs of
S. eridania
and
S. frugiperda
.
T. foersteri
can negatively impact hosts without successful offspring development or direct feeding. Parasitism, non-reproductive mortality, and emergence rates of
T. foersteri
for both pest species were studied.
T. foersteri
demonstrated effective parasitism in 144 eggs (one layer) and 55 (two layers) of
S. frugiperda
, as well as 150 eggs of
S. eridania
. Non-reproductive effects also contributed to mortality in both
Spodoptera
species. The emergence of
T. foersteri
showed a high variability; on
S. frugiperda
it was 80 % compared to 23 % on
S. eridania
. The above findings highlight the potential of
T. foersteri
as an effective control agent for both pests.
_____________
*
Trichogramma foersteri
was first described in 2021 from eggs of
Anticarsia gemmatalis
(Lepidoptera: Erebidae), a defoliating pest of soybean, in Paraná State, Brazil.
Sources
Sampaio F, Marchioro CA, Takahashi TA, Foerster LA (2024) A new biocontrol agent against old enemies: The potential of
Trichogramma foersteri
for the control of
Spodoptera frugiperda
and
Spodoptera eridania
.
Biological Control
192
, 105504.
https://doi.org/10.1016/j.biocontrol.2024.105504"
LAPHFR,Spodoptera frugiperda,2024/027,New data on quarantine pests and pests of the EPPO Alert List,2024-02,https://gd.eppo.int/reporting/article-7777,"EPPO Reporting Service no. 02 - 2024
Num. article:
2024/027
New data on quarantine pests and pests of the EPPO Alert List
By searching through the literature, the EPPO Secretariat has extracted the following new data concerning quarantine pests and pests included (or formerly included) on the EPPO Alert List, and indicated in bold the situation of the pest concerned using the terms of ISPM 8.
New records
Erysiphe corylacearum,
a new powdery mildew of hazelnuts, was first found in the Czech Republic (southern Moravia region) in July 2021 on common hazel (
Corylus avellana
) (Šafránková
et al
., 2023).
Erysiphe corylacearum
is first reported from Bulgaria. It was observed in June 2020 on
C
orylus avellana
grown in the region of Kavarna (north-eastern Black Sea coast of Bulgaria). In October 2021, it was also found in a hazelnut orchard in the region of Pazardzhik (central southern part of the country) (Boneva
et al.,
2023).
Ips plastographus
(Coleoptera: Scolytinae, EPPO A1 List) is first reported from Mexico. It was trapped during a survey on bark and ambrosia beetles conducted in 2018-2019 in a pine-oak forest in the State of Puebla (Suárez-Hernández
et al
., 2023).
Spodoptera frugiperda
(Lepidoptera: Noctuidae – EPPO A2 List) is first reported from Vanuatu in June 2023 (IPPC, 2004).
The pest status of
Spodoptera frugiperda
in Vanuatu is officially declared as
:
Present: at low prevalence.
Tephritis luteipes
(Diptera: Tephritidae, EU A1 Quarantine Pest) is a fly species that was previously only recorded on
Artemisia thuscula
in the Canary Islands. El Harym & Korneyev (2023) mention the first record of
T.
luteipes
in Morocco where it was reared from
Artemisia barrelieri
.
Detailed records
In Canada,
Cydalima perspectalis
(Lepidoptera: Crambidae – formerly EPPO Alert List) was first reported in 2018 in Ontario. In August 2023, the Canadian Food Inspection Agency (CFIA) confirmed established populations of
C. perspectalis
in association with
Buxus
spp. (boxwood) in residential areas in Quebec, New Brunswick, and Nova Scotia.
The pest status of
Cydalima perspectalis
in Canada is officially declared as
:
Present, not widely distributed and under official control.
In China, the root-knot nematode
Meloidogyne enterolobii
(EPPO A2 List) is first reported from Shaanxi (Northern China). It was first observed in September 2022 causing damage in coriander (
Coriandrum sativum
) fields (Pan
et al
., 2024).
In the USA,
Phyllachora maydis
(EPPO Alert List) causing tar spot on maize was observed for the first time in Delaware in October 2023. Black, raised stromata were observed on leaves of commercially grown maize hybrids in Kent and Sussex counties. Maize plants had reached maturity and disease severity was low, with symptoms present on 1 to 10% of the plants. The identity of the fungus was confirmed by molecular tests (PCR, sequencing) (Henrickson
et al
., 2024).
Host plants
Euplatypus parallelus
(Coleoptera: Curculionidae: Platypodinae, EPPO Alert list) is first reported causing mortality of Indian rosewood (
Dalbergia latifolia
), a major timber species in India (Manohara
et al
., 2023).
In South Africa,
Neocosmospora
(
Fusarium) euwallaceae
and its vector
Euwallacea fornicatus
(Coleoptera: Curculionidae: Scolytinae - both EPPO A2 List) have been found in four pear (
Pyrus communis
) orchards. Inoculation tests confirmed that
N. euwallaceae
is pathogenic to pear trees. It was observed that
E. fornicatus
is able to establish breeding colonies on pear trees, but apparently at a low frequency and without causing symptoms of dieback (Engelbrecht
et al
., 2024).
Xiphinema americanum
(EPPO A1 List) is first reported causing damage in potato (
Solanum tuberosum
) fields. Trials confirmed the ability of the nematode to reproduce in a number of potato varieties (Goraya
et al
., 2023).
In Yunnan province (China), watermelon silver mottle virus (WSMoV,
Orthotospovirus citrullomaculosi
-EPPO A1 List) was observed the first time on peanut (
Arachis hypogaea
) in July 2022. Affected plants were severely stunted. Further studies are needed to better understand the distribution of WSMoV and its impact on peanut crops (Hu
et al.,
2024).
Epidemiology
Phyllocoptes arcani
(Acari: Eriophyoidea) is confirmed as a vector of
Emaravirus rosae
(Rose rosette emaravirus, RRV- EPPO A1 List) (Druciarek
et al
., 2023).
New pests and taxonomy
During quarantine inspections carried out at the Ningbo port (China) on plants of
Acer palmatum
imported from Japan, a new nematode species was found. Approximately 100 second-stage juveniles (J2) were extracted from 1
A. palmatum
plant (out of 5 examined) with some soil and growing medium still attached to the roots. When dissecting the roots, males and females could be found. These specimens were similar to
Meloidogyne mali
, but morphological and molecular studies confirmed that they belong to a distinct and new species, called
Meloidogyne paramali
n. sp
.
Due an insufficient number of nematodes, Koch’s postulates could not be completed, but it is supposed that
M. paramali
is a pest of
A. palmatum;
the extent of damage that this species may cause remaining unknown for the moment (Gu
et al
., 2023).
Sources
Boneva DV, Bobev SG, Van Poucke K (2023) First report of powdery mildew caused by
Erysiphe corylacearum
on hazelnut in Bulgaria.
Plant Disease
107
(12), 4023.
https://doi.org/10.1094/PDIS-05-23-0840-PDN
Druciarek T, Lewandowski M, Tzanetakis I (2023) Identification of a second vector for rose rosette virus.
Plant Disease
107
(8), 2313-2315.
El Harym Y, Korneyev V (2023) New additions to the fauna of the superfamily Tephritoidea (Diptera) of Morocco.
Zootaxa
5360
(4), 487-514.
Engelbrecht K, Raubenheimer I, Paap T, Neethling E, Roets F (2024) Detection of
Fusarium euwallaceae
and its vector
Euwallacea fornicatus
on pear (
Pyrus communis
) and in deciduous fruit orchards in South Africa.
Australasian Plant Disease Notes
19
(1), 3 pp.
https://doi.org/10.1007/s13314-023-00524-z
Goraya M, Yan G, Plaisance A, Handoo ZA (2023) Identification and reproduction of dagger nematode,
Xiphinema americanum
, in potato.
Nematology
25
(10), 1127-1139.
Gu J, Fang Y, Ma X, Shao B, Zhuo K (2023)
Meloidogyne paramali
n. sp. (Nematoda: Meloidogyninae) and first report of
M. marylandi
in maple and yacca tree from Japan.
Journal of Nematology
55
, e2023-1.
https://doi.org/10.2478/jofnem-2022-0036
Henrickson M, Pollok J, Koehler A (2024) First report of
Phyllachora maydis
causing tar spot on corn in Delaware.
Plant Disease
(early view).
https://doi.org/10.1094/PDIS-11-23-2332-PDN
Hu B, Xu Z, Wei Z, Huang Y, Guo C, Chen J, Sun Z (2024) Occurrence of Watermelon silver mottle virus in peanut in China.
Plant Disease
(early view).
https://doi.org/10.1094/PDIS-06-23-1238-PDN
IPPC website. Official Pest Reports- Vanuatu (2024-01-17): Fall Army Worm (
Spodoptera frugiperda
).
https://www.ippc.int/fr/countries/vanuatu/pestreports/2024/01/fall-army-worm-spodoptera-frugiperda/
Manohara TN, Balakrishna SM, Shetteppenavar VS (2023) Infestation of pinhole borer [
Euplatypus parallelus
(F.)] on
Dalbergia latifolia
Roxb.
Plant Science Today
10
(3), 75-78.
NAPPO Phytosanitary Alert System. Official Pest Reports. Canada (2024-01-05) Report of box tree moth (
Cydalima perspectalis
) in Quebec, New Brunswick, and Nova Scotia, Canada (2023).
https://www.pestalerts.org/nappo/official-pest-reports/1083/
Pan S, Wang Q, Wei P, Song Q, Liu C, Chen Z, Li Y (2024) First report of root-knot nematode
Meloidogyne enterolobii
infecting coriander in Shaanxi, Northern China.
Plant Disease
(early view)
https://doi.org/10.1094/PDIS-11-23-2385-PDN
Šafránková I, Holkova L, Michutová M (2023)
Erysiphe corylacearum
as a new pathogen of hazelnut in the Czech Republic.
Plant Disease
(early view)
https://doi.org/10.1094/PDIS-08-23-1654-PDN
.
Suárez-Hernández HD, Infante F, Ortiz-Ceballos ÁI, Díaz-Fleischer F, López-Ortega M (2023) Effect of climatic factors on the diversity and abundance of Scolytinae and Platypodinae (Coleoptera: Curculionidae) in a pine-oak forest.
Agro Productividad
16
(3).
https://doi.org/10.32854/agrop.v16i3.2466"
LAPHFR,Spodoptera frugiperda,2024/003,First report of Spodoptera frugiperda in Romania,2024-01,https://gd.eppo.int/reporting/article-7753,"EPPO Reporting Service no. 01 - 2024
Num. article:
2024/003
First report of Spodoptera frugiperda in Romania
The NPPO of Romania recently informed the EPPO Secretariat of the first report of
Spodoptera frugiperda
(Lepidoptera: Noctuidae – EPPO A2 List) on
its territory. The pest was found in the south of the country, in Calarasi county (region of Sud-Muntenia). Several specimens were caught in pheromone traps at the National Institute of Agricultural Research and Development – Fundulea. The identity of the pest was confirmed in November 2023 by the National Phytosanitary laboratory and the EU Reference Laboratory for Insects and Mites. Official phytosanitary measures are being applied according to Commission Implementing Regulation (EU) 2023/1134.
The pest status of
Spodoptera frugiperda
in Romania is officially declared as:
Transient, actionable, under surveillance.
Sources
NPPO of Romania (2023-11).
Commission Implementing Regulation (EU) 2023/1134 of 8 June 2023 as regards measures to prevent the introduction into, establishment and spread within the Union territory of
Spodoptera frugiperda
(Smith) and repealing Commission Implementing Decision (EU) 2018/638. OJ L 149.
http://data.europa.eu/eli/reg_impl/2023/1134/oj"
LAPHFR,Spodoptera frugiperda,2023/226,First report of Spodoptera frugiperda in Portugal (Madeira),2023-10,https://gd.eppo.int/reporting/article-7708,"EPPO Reporting Service no. 10 - 2023
Num. article:
2023/226
First report of Spodoptera frugiperda in Portugal (Madeira)
The NPPO of Portugal recently informed the EPPO Secretariat of the first record of
Spodoptera frugiperda
(Lepidoptera: Noctuidae – EPPO A2 List) on its territory. As part of the official survey programme, one specimen (male adult) was caught in a pheromone trap located in a sugarcane (
Saccharum officinarum
) field, in the municipality of Câmara de Lobos on Madeira Island.
The specimen was identified as
S.
frugiperda
by the Madeira Regional Laboratory (Laboratório de Qualidade Agrícola - LQA) and confirmed by the EU Reference Laboratory for Insects and Mites. Measures are being taken according to Commission Implementing Regulation (EU) 2023/1134, including the immediate intensification of the official survey programme across the whole island. Several host plants could be found in the vicinity of the trapping site, but no other specimens nor symptoms of the pest were found. There are no producers of host propagating material in the vicinity of this detection site.
The pest status of
Spodoptera frugiperda
in Portugal is officially declared as:
Present, only in some parts of the Member State concerned.
Sources
NPPO of Portugal (2023-09).
Commission Implementing Regulation (EU) 2023/1134 of 8 June 2023 as regards measures to prevent the introduction into, establishment and spread within the Union territory of
Spodoptera frugiperda
(Smith) and repealing Commission Implementing Decision (EU) 2018/638. OJ L 149
http://data.europa.eu/eli/reg_impl/2023/1134/oj"
LAPHFR,Spodoptera frugiperda,2023/225,First report of Spodoptera frugiperda in Greece,2023-10,https://gd.eppo.int/reporting/article-7707,"EPPO Reporting Service no. 10 - 2023
Num. article:
2023/225
First report of Spodoptera frugiperda in Greece
The NPPO of Greece recently informed the EPPO Secretariat of the first record of
Spodoptera frugiperda
(Lepidoptera: Noctuidae – EPPO A2 List) on its territory. As part of the official survey programme conducted since 2019, pheromone funnel traps were placed in fields of maize (
Zea mays
), rice (
Oryza sativa
) and solanaceous plants in 40 regional units of Greece. Adults were caught at the end of September and in October 2023, first in the mainland in the regions of Laconia and Eastern Attica, and then in the region of Evvoia and the island of Kriti (in the region of Heraklion and Lassithi).
The pest was identified as
S. frugiperda
by the Benaki Phytopathological Institute following EPPO Standard PM 7/124(1) and confirmed by the relevant EU Reference Laboratory for Insects and Mites. Eradication measures are being taken according to Commission Implementing Regulation (EU) 2023/1134. Surveys will be intensified, and actions to inform stakeholders and the general public have been taken.
The pest status of
Spodoptera frugiperda
in Greece is officially declared as:
Present, under eradication.
Sources
NPPO of Greece (2023-10).
Commission Implementing Regulation (EU) 2023/1134 of 8 June 2023 as regards measures to prevent the introduction into, establishment and spread within the Union territory of
Spodoptera frugiperda
(Smith) and repealing Commission Implementing Decision (EU) 2018/638. OJ L 149.
http://data.europa.eu/eli/reg_impl/2023/1134/oj"
LAPHFR,Spodoptera frugiperda,2023/185,Update of the situation of Spodoptera frugiperda in Cyprus,2023-08,https://gd.eppo.int/reporting/article-7667,"EPPO Reporting Service no. 08 - 2023
Num. article:
2023/185
Update of the situation of Spodoptera frugiperda in Cyprus
In Cyprus the fall armyworm,
Spodoptera frugiperda
(Lepidoptera: Noctuidae – EPPO A2 List) was first caught in a light trap in January 2023 in Pissouri Village (Limassol district) (EPPO
RS 2023/034
). Official surveys were conducted and the NPPO of Cyprus reported that a larva has been found in a maize (
Zea mays
) crop in Larnaca district in June 2023, and multiple larvae in maize crops for animal feed in Nicosia district in July 2023. An infested area has been demarcated, as well as a buffer zone. Official measures are taken to eradicate the outbreaks.
The pest status of
Spodoptera frugiperda
in Cyprus is officially declared as:
Present, at low prevalence, only in some parts of the Member State concerned, under eradication.
Sources
NPPO of Cyprus (2023-08)."
LAPHFR,Spodoptera frugiperda,2023/175,New data on quarantine pests and pests of the EPPO Alert List,2023-08,https://gd.eppo.int/reporting/article-7657,"EPPO Reporting Service no. 08 - 2023
Num. article:
2023/175
New data on quarantine pests and pests of the EPPO Alert List
By searching through the literature, the EPPO Secretariat has extracted the following new data concerning quarantine pests and pests included (or formerly included) on the EPPO Alert List, and indicated in bold the situation of the pest concerned using the terms of ISPM 8.
New records
Cucumber vein yellowing virus (
Ipomovirus
, CVYV – EPPO A2 List) is reported for the first time from Iraq. During the 2022 growing season, courgette (
Cucurbita pepo
var
giromontiina
) plants with extensive leaf vein yellowing symptoms, associated with whitefly infestation, were observed near-Yusufiyah, Baghdad Province. In affected fields, disease incidence reached 40-50%. Laboratory analysis confirmed the presence of CVYV in symptomatic leaf samples. Other viruses were also detected, including Squash leaf curl virus (
Begomovirus
– EPPO A2 List) and Tomato leaf curl Palampur virus (
Begomovirus
) (Mohammed & Lahuf, 2023).
Present, not widely distributed
.
Spodoptera frugiperda
(Lepidoptera: Noctuidae – EPPO A2 List) occurs in Equatorial Guinea. Its presence was officially confirmed in May 2021. Larvae and damage were observed in several localities in the provinces of Bioko Sur (Moka) and Bioko Norte (El Gorriaga, Malabo), mainly on maize (
Zea mays
), and to a lesser extent on sugarcane (
Saccharum
spp.) and leek (
Allium porrum
). The identity of the pest was confirmed by morphological characteristics of adult specimens (Rovesti & Mane, 2021).
Present, not widely distributed
.
Thaumastocoris peregrinus
(Hemiptera: Thaumastocoridae – formerly EPPO Alert List) is reported for the first time from Syria. In October 2022, several specimens were collected from
Eucalyptus camaldulensis
trees near Latakia (Zeity
et al
., 2023).
Xyleborus bispinatus
(Coleoptera: Curculionidae, Scolytinae) is reported for the first time from Spain. It was trapped in the provinces of Alicante, Murcia, and Valencia during studies conducted from 2009 to 2018. No infestations in woody plants were detected near the trapping sites. Stable populations have been detected in a wide area of the central Valencian province, strongly suggesting that
X. bispinatus
is established there. However, as no recent captures were made in Alicante and Murcia provinces, the insect is probably not established in these areas. It is noted that further studies are needed to identify the host plants of
X. bispinatus
in Spain, and to better understand its distribution and potential impacts (Gallego
et al
., 2022).
Detailed records
In Russia,
Agrilus planipennis
(Coleoptera: Buprestidae -EPPO A2 list) has been recorded in Krasnodar krai (Southern European Russia). In 2022, the insect was found in 65 localities from 7 municipalities mainly on
Fraxinus pennsylvanica
(Shchurov & Zamotajlov, 2022).
In Russia,
Gremmeniella abietina
(EU Annexes) has been recorded on
Picea jezoensis
in Khabarovsk (Far East) and on
Pinus sylvestris
in Krasnoyarsk (Eastern Siberia) (Bogacheva
et al
., 2020; Sheller
et al
., 2020).
In Hainan (China),
Pantoea stewartii
subsp.
stewartii
(EPPO A2 List) is reported for the first time on
Artocarpus heterophyllus
causing jackfruit bronzing disease. On jackfruit, the disease is characterized by yellow-orange to reddish discoloration of the fruit pulp. It is noted that in recent years, the disease has been found in 11 cities and counties of the island. The presence of the bacterium has been confirmed by molecular tests and Koch’s postulates have been completed (Zhao
et al
., 2023).
In Northern Ireland (United Kingdom), wilt symptoms were observed during summer 2022 on lettuce (
Lactuca sativa
cv. Amica) grown under a greenhouse in county Armagh. Affected plants initially showed stunting, followed by wilting and yellowing of lower leaves. Orange-brown discoloration of vascular tissue in the tap root of affected plants was also observed. Molecular (PCR, sequencing) and pathogenicity tests confirmed the presence of
Fusarium oxysporum
f. sp.
lactucae
(formerly EPPO Alert List) Race 1 in symptomatic samples (van Amsterdam
et al
., 2023).
Host plants
During surveys conducted in 2017-2018 in Istanbul (Türkiye), virus symptoms (mosaic, mottling, chlorotic ringspots and deformations) were observed on leaves of
Tilia
spp. Symptomatic and asymptomatic samples were collected and laboratory tests (ELISA, RT-PCR, sequencing) confirmed the presence of plum pox virus (
Potyvirus
– EPPO A2 List) in symptomatic samples. This is the first time that a natural infection of PPV is reported on
Tilia
sp. It is noted that further studies will be conducted to obtain the full genome sequence of the
Tilia
isolate and understand its phylogenetic relationship with other published PPV sequences (Çıtır
et al
., 2021).
Studies conducted in Mexico have confirmed that
Physalis virginiana
(Solanaceae) is a wild host plant of both ‘
Candidatus
Liberibacter solanacearum’ (Solanaceae haplotypes are listed in the EPPO A1 List) and its psyllid vector,
Bactericera cockerelli
(Hemiptera: Triozidae - EPPO A1 List) (Delgado-Luna
et al
., 2023).
New pests and taxonomy
A new fungal species,
Microstrobilinia castrans
sp. nov. (Sclerotiniaceae) has recently been found infecting pollen cones of three spruce species (
Picea abies, P. omorika
and
P. smithiana
) in Germany, Italy, and Switzerland. Based on metabarcode sequences deposited in a database (GlobalFungi),
M. castrans
has also been detected in France. It is still unclear whether this new species originates from Europe or not, however, it would be surprising that this conspicuous fungus could have been overlooked over the last centuries. Affected cones show brown discolorations and deformations, and do not release pollen. Apothecia of the fungus then develop on the cones. For the moment, no serious damage has been reported, as only a few pollen cones per tree are affected (Beenken
et al
., 2023).
Sources
Beenken L, Stroheker S, Dubach V, Schlegel M, Queloz V, Gross A (2023)
Microstrobilinia castrans
, a new genus and species of the Sclerotiniaceae parasitizing pollen cones of
Picea
spp.
Mycological Progress
22
(2), 14.
https://doi.org/10.1007/s11557-023-01865-w
Bogacheva AV, Bukharova NV (2020) [Spring fungi of spruce-fir forests from the Botchinsky Nature Reserve (Khabarovsk Territory)].
Mikologiya i Fitopatologiya
54
(3), 157-161 (in Russian).
Çıtır A, Akbilek Y, Ilbağı H (2021) First report of
Plum pox virus
on
Tilia
spp. in Turkey.
New Disease Report
44
, e12027.
https://doi.org/10.1002/ndr2.12027
Delgado-Luna C, Cooper W, Villarreal-Quintanilla JA, Hernández Juárez A, Sanchez-Peña SR (2023)
Physalis virginiana
as a wild field host of
Bactericera cockerelli
(Hemiptera: Triozidae) and
Liberibacter solanacearum. Plant Disease
(early view).
https://doi.org/10.1094/PDIS-02-23-0350-RE
Gallego D, Di Sora N, Molina N, Gonzalez-Rosa E, Mas H, Knížek MI (2022) First record of
Xyleborus bispinatus
(Coleoptera: Curculionidae, Scolytinae) and evidence of stable populations in the Iberian Peninsula.
Zootaxa
5174
(2), 157-164.
Mohammed MS, Lahuf AA (2023) First report of cucumber vein yellowing virus in Iraq.
New Disease Reports
47
, e12183.
https://doi.org/10.1002/ndr2.12183
Shchurov VI, Zamotajlov AS (2022) [First records of the emerald ash borer
Agrilus planipennis
Fairmaire, 1888 (Coleoptera: Buprestidae) in Krasnodar Territory]. Proceedings of 24th International Scientific Conference devoted to the 30
th
anniversary of the Republic of Ingushetia ‘The Biological Diversity of the Caucasus and South of Russia’ (ed. by Tochiev TY
et al
.) (Magas, RU, 2022-11-17/20), 558–565 (in Russian).
https://www.elibrary.ru/item.asp?id=50269203
Rovesti L, Mane A (2021-05-02) Ficha para la declaración de plaga de la oruga del maíz, 5 pp (via personal communication with L Rovesti, FAO Consultant, 2023-07).
Sheller MA, Shilkina EA, Ibe AA, Razdorozhnaya TY, Sukhikh TV (2020) Phytopathogenic fungi in forest nurseries of Middle Siberia.
iForest
13
, 507-512.
https://doi.org/10.3832/ifor3507-013
van Amsterdam S, Jenkins S, Clarkson J (2023) First report of
Fusarium oxysporum
f. sp.
lactucae
Race 1 causing lettuce wilt in Northern Ireland.
Plant Disease
(early view).
https://doi.org/10.1094/PDIS-01-23-0196-PDN
Zeity M, Arab A, Salman O (2023) First record of the bronze bug,
Thaumastocoris peregrinus
Carpintero & Dellapé, (Hemiptera: Thaumastocoridae) in Syria.
EPPO Bulletin
53
(early view), 1–4.
https://doi.org/10.1111/epp.12925
Zhao Y, Xiao M, Yan, C, Hu FC, Zhang S, Wang X, Fan HY (2023) First report of bronzing disease caused by
Pantoea stewartii
on jackfruit in China.
Plant Disease
(early view).
https://doi.org/10.1094/PDIS-11-22-2740-PDN"
LAPHFR,Spodoptera frugiperda,2023/130,EU emergency measures for Spodoptera frugiperda and tomato brown rugose fruit virus,2023-06,https://gd.eppo.int/reporting/article-7612,"EPPO Reporting Service no. 06 - 2023
Num. article:
2023/130
EU emergency measures for Spodoptera frugiperda and tomato brown rugose fruit virus
In the EU, emergency measures to prevent the introduction, establishment  and spread of
Spodoptera frugiperda
(Lepidoptera: Noctuidae – EPPO A2 List
)
and tomato brown rugose fruit virus (Tobamovirus, ToBRFV – EPPO A2 List)
were first adopted in 2018 and 2019, respectively. These measures have been revised and new Commission Implementing Regulations published recently.
In particular, the emergency measures for
Spodoptera frugiperda
include requirements for fruits of
Capsicum, Momordica, Solanum aethiopicum., Solanum macrocarpon.
and
Solanum melongena
as well as for plants
of A
sparagus officinalis, Chrysanthemum
,
Dianthus
,
Pelargonium
and
Zea mays.
Sources
Commission Implementing Regulation (EU) 2023/1134 of 8 June 2023 as regards measures to prevent the introduction into, establishment and spread within the Union territory of
Spodoptera frugiperda
(Smith) and repealing Commission Implementing Decision (EU) 2018/638. OJ L 149
http://data.europa.eu/eli/reg_impl/2023/1134/oj
Commission Implementing Regulation (EU) 2023/1032 of 25 May 2023 establishing measures to prevent the introduction into and the spread within the Union territory of Tomato brown rugose fruit virus (ToBRFV) and amending Implementing Regulation (EU) 2020/1191, OJ L 139,
http://data.europa.eu/eli/reg_impl/2023/1032/oj"
LAPHFR,Spodoptera frugiperda,2023/035,First report of Spodoptera frugiperda in Türkiye,2023-02,https://gd.eppo.int/reporting/article-7517,"EPPO Reporting Service no. 02 - 2023
Num. article:
2023/035
First report of Spodoptera frugiperda in Türkiye
The fall armyworm,
Spodoptera frugiperda
(Lepidoptera: Noctuidae – EPPO A2 List) is reported for the first time from Türkiye. The pest was found in Adana province during surveys conducted in maize (
Zea mays
) fields during 2022.
S. frugiperda
was identified based on morphological characteristics of collected larvae. In addition, typical damage was observed on young maize plants. In September/October 2022, further surveys were carried out in the province of Adana in 4 maize fields and all of them were found to be infested. It is noted that further work is needed on the distribution, host plants, damage, and potential natural enemies of
S. frugiperda
in Türkiye.
The situation of
Spodoptera frugiperda
in Türkiye can be described as follows:
Present, not widely distributed.
Sources
Pehlivan S, Atakan E (2022) First record of the fall armyworm,
Spodoptera
frugiperda
(J.E. Smith, 1797) (Lepidoptera: Noctuidae) in Türkiye.
Çukurova Journal of Agricultural and Food Sciences
37
(2), 139-145."
LAPHFR,Spodoptera frugiperda,2023/034,First report of Spodoptera frugiperda in Cyprus,2023-02,https://gd.eppo.int/reporting/article-7516,"EPPO Reporting Service no. 02 - 2023
Num. article:
2023/034
First report of Spodoptera frugiperda in Cyprus
The NPPO of Cyprus recently informed the EPPO Secretariat of the first record of the fall armyworm
Spodoptera frugiperda
on its territory. Three moths were trapped by an amateur entomologist with a light trap in January 2023 in a private garden in Pissouri Village (Limassol district). The identity of the pest was confirmed by the National reference laboratory of Cyprus as well as by the EU reference laboratories based on morphology and molecular tests.
Official surveys are planned to delimit the extend of the infestation. It is noted that in the area around the trap, there are no maize (
Zea mays)
crops. The other major host plants, rice (
Oryza sativa)
and sugarcane (
Saccharum officinarum
) are not cultivated in Cyprus whilst
Sorghum bicolor
is cultivated only in a few areas.
The pest status of
Spodoptera frugiperda
in Cyprus is officially declared as:
Present, under eradication
.
Sources
NPPO of Cyprus (2023-02)."
LAPHFR,Spodoptera frugiperda,2022/100,First report of Spodoptera frugiperda in New Zealand,2022-05,https://gd.eppo.int/reporting/article-7331,"EPPO Reporting Service no. 05 - 2022
Num. article:
2022/100
First report of Spodoptera frugiperda in New Zealand
In March and April 2022,
Spodoptera frugiperda
(Lepidoptera: Noctuidae – EPPO A2 List) was detected for the first time in New Zealand. The pest was found in the North Island. Considering climatic conditions prevailing in the areas where
S. frugiperda
has been found, it is not expected that it will survive the winter. However, growers have been invited to report any suspicious findings to the phytosanitary authorities.
Sources
Ministry for Primary Industries. Biosecurity New Zealand (2022-04-14) Fall armyworm found in the North Island.
https://www.mpi.govt.nz/biosecurity/major-pest-and-disease-threats/fall-armyworm/#:~:text=Fall%20armyworm%20is%20the%20name,and%20an%20adult%20moth%20stage"
LAPHFR,Spodoptera frugiperda,2022/033,First report of Spodoptera frugiperda in Saudi Arabia,2022-02,https://gd.eppo.int/reporting/article-7263,"EPPO Reporting Service no. 02 - 2022
Num. article:
2022/033
First report of Spodoptera frugiperda in Saudi Arabia
Spodoptera frugiperda
(Lepidoptera: Noctuidae – EPPO A2 List) was first reported in Saudi Arabia in October 2021. Low level infestations were detected in maize (
Zea mays
) crops in the governorates of Najran and Al-Kora. Phytosanitary measures have been taken including destroying the infested maize crops, installing traps around the two infested sites, and spraying neighboring crops with appropriate pesticides.
The situation of
Spodoptera frugiperda
in Saudi Arabia can be described as follows:
Present, not widely distributed.
Sources
IPPC News (2022-02-04) Fall armyworm detected in the Kingdom of Saudi Arabia.
https://www.ippc.int/en/news/fall-armyworm-detected-in-the-kingdom-of-saudi-arabia/"
LAPHFR,Spodoptera frugiperda,2021/214,First report of Spodoptera frugiperda from Brunei Darussalam,2021-10,https://gd.eppo.int/reporting/article-7153,"EPPO Reporting Service no. 10 - 2021
Num. article:
2021/214
First report of Spodoptera frugiperda from Brunei Darussalam
In Brunei Darussalam,
Spodoptera frugiperda
(Lepidoptera: Noctuidae – EPPO A2 List) was first reported in 2020 in maize (
Zea mays
) crops.
The situation of
Spodoptera frugiperda
in Brunei Darussalam can be described as follows
: Present.
Sources
Ministry of Primary Resources and Tourism of Brunei Darussalam. Agriculture and Agrifood Department. [Outbreak of fall armyworm (FAW) on maize plants in Brunei Darussalam] (in Malay).
http://www.agriculture.gov.bn/Lists/Latest%20News/NewDisplay.aspx?ID=585"
LAPHFR,Spodoptera frugiperda,2021/213,First report of Spodoptera frugiperda from Cambodia,2021-10,https://gd.eppo.int/reporting/article-7152,"EPPO Reporting Service no. 10 - 2021
Num. article:
2021/213
First report of Spodoptera frugiperda from Cambodia
In Cambodia,
Spodoptera frugiperda
(Lepidoptera: Noctuidae – EPPO A2 List) was first found in May 2019 in maize (
Zea mays
) fields in the Malai district (Banteay Meanchey province), Northern Cambodia (Hadi, 2019). Newspapers mentioned that serious damage was observed in maize crops, and that, as of June 2019, more than 11 000 ha of maize were affected by the pest in four provinces.
The situation of
Spodoptera frugiperda
in Cambodia can be described as follows
: Present.
Sources
FAO (online) Global Action for Fall Armyworm Control. FAW map.
https://www.fao.org/fall-armyworm/monitoring-tools/faw-map/en/
(last accessed 2021-10).
Hadi B (2019) Fall armyworm in Cambodia: Surveillance, detection and response. Abstract of a paper presented at the XIX International Plant Protection Congress IPPC 2019 (Hyderabad, IN, 2019-11-10/14). Abstract Book, p 5.
INTERNET
Cambodia News English (2019-06-14) New pest destroys thousands of hectares of crops.
https://cne.wtf/2019/06/14/new-pest-destroys-thousands-of-hectares-of-crops/"
LAPHFR,Spodoptera frugiperda,2021/212,First report of Spodoptera frugiperda in the Solomon Islands,2021-10,https://gd.eppo.int/reporting/article-7151,"EPPO Reporting Service no. 10 - 2021
Num. article:
2021/212
First report of Spodoptera frugiperda in the Solomon Islands
In August 2021,
Spodoptera frugiperda
(Lepidoptera: Noctuidae – EPPO A2 List) was first found near Honiara city (Guadalcanal Island), Solomon Islands. Eradication was not considered technically feasible but phytosanitary measures will be taken to limit the spread and impact of the pest.
The pest status of
Spodoptera frugiperda
in the Solomon Islands is officially declared as
: Present: not widely distributed and under official control.
Sources
IPPC website. Official Pest Reports – Solomon Islands (SLB-01/1 of 2021-10-06)
Spodoptera frugiperda
(fall armyworm) detections Solomon Islands.
https://www.ippc.int/fr/countries/solomon-islands/pestreports/2021/10/spodoptera-frugiperda-fall-armyworm-detections-solomon-islands/"
LAPHFR,Spodoptera frugiperda,2021/211,New additions to the EPPO A1 and A2 Lists,2021-10,https://gd.eppo.int/reporting/article-7150,"EPPO Reporting Service no. 10 - 2021
Num. article:
2021/211
New additions to the EPPO A1 and A2 Lists
In September 2021, the EPPO Council approved the following changes made to the EPPO A1 and A2 Lists of pests recommended for regulation as quarantine pests.
Additions to the A1 List (pests absent from the EPPO region)
- Chrysobothris femorata
(Coleoptera: Buprestidae)
- Chrysobothris mali
(Coleoptera: Buprestidae)
- Orgyia leucostigma
(Lepidoptera: Erebidae)
Additions to the A2 List (pests locally present in the EPPO region)
-
Celastrus orbiculatus
(Celastraceae)
-
Xanthomonas citri
pv
. fuscans
[following changes in taxonomy – it is one of the bacteria associated with common bacterial blight of bean]
Transfers from A1 List to A2 List
- Anoplophora glabripennis
(Coleoptera: Cerambycidae)
- Aromia bungii
(Coleoptera: Cerambycidae)
- Spodoptera frugiperda
(Lepidoptera: Noctuidae)
Transfer from A2 List to A1 List
-
Blueberry leaf mottle virus
(BLMoV) [following changes in taxonomy – BLMoV is distinct from grapevine Bulgarian latent virus and absent from the EPPO region]
Deletion from the A1 List
-
Citrus tatter leaf virus
(CTLV) [following changes in taxonomy – CTLV is considered to be a strain of apple stem grooving virus, which is widely present in the EPPO region – see EPPO
RS 2021/223
]
For each individual pest, PRA documents and datasheets have been prepared (or are under development) and will be available in due course in the EPPO Global Database (
https://gd.eppo.int
).
Sources
EPPO Secretariat (2021-10).
EPPO A1 and A2 lists of pests recommended for regulation as quarantine pests.
https://www.eppo.int/media/uploaded_images/RESOURCES/eppo_standards/pm1/pm1-002-30-en_A1A2_2021.pdf"
LAPHFR,Spodoptera frugiperda,2021/168,"New IPPC Guidelines: Prevention, preparedness and response guidelines for Spodoptera frugiperda",2021-08,https://gd.eppo.int/reporting/article-7107,"EPPO Reporting Service no. 08 - 2021
Num. article:
2021/168
New IPPC Guidelines: Prevention, preparedness and response guidelines for Spodoptera frugiperda
New guidelines have recently been published by the IPPC Secretariat to help NPPOs to prevent or limit the spread of
Spodoptera frugiperda
(Lepidoptera: Noctuidae – EPPO A1 List). These guidelines provide:
General information on the distribution and biology of the pest.
Technical details on what needs to be included in prevention and preparedness plans when the pest is still absent.
Technical details on what needs to be included in a response plan when the pest is officially detected and confirmed.
IPPC Secretariat (2021) Prevention, preparedness and response guidelines for
Spodoptera frugiperda
. Rome. FAO on behalf of the Secretariat of the International Plant Protection Convention.
http://www.fao.org/3/cb5880en/cb5880en.pdf
Sources
EPPO Secretariat (2021-08)."
LAPHFR,Spodoptera frugiperda,2021/096,New data on quarantine pests and pests of the EPPO Alert List,2021-05,https://gd.eppo.int/reporting/article-7035,"EPPO Reporting Service no. 05 - 2021
Num. article:
2021/096
New data on quarantine pests and pests of the EPPO Alert List
By searching through the literature, the EPPO Secretariat has extracted the following new data concerning quarantine pests and pests included (or formerly included) on the EPPO Alert List, and indicated in bold the situation of the pest concerned using the terms of ISPM no. 8.
New records
Dasineura oxycoccana
(Diptera: Cecidomyiidae – formerly EPPO Alert List) is reported for the first time from Morocco on blueberries (
Vaccinium corymbosum
). The pest was first found in March 2018 near Agadir. Surveys conducted in March and April 2019 in the main blueberry-growing regions (Loukkos, Gharb, Souss-Massa) showed that 68% of the surveyed blueberry farms were infested by
D. oxycoccana
, mainly in Souss-Massa and Gharb regions and to a lesser extent in Loukkos. During these studies,
Drosophila suzukii
(EPPO A2 List) and
Halyomorpha halys
(formerly EPPO Alert List) were also found. This is the first time that
H. halys
is reported from Morocco.
H. halys
was observed in Souss-Massa and Loukkos regions (Nouere
et al
., 2019). The situation of both
D. oxycocanna
and
H. halys
in Morocco can be described as follows:
Present, not widely distributed.
Gnomoniopsis smithogilvyi,
the causal agent of chestnut brown rot, is first reported from Portugal. It was detected during surveys in 2018 in
chestnut orchards (
Castanea sativa
) in the Trás‐os‐Montes region of Portugal.
G. smithogilvyi
had been also identified in an industrial processing plant in 2017, 2018 and 2019 and the proportion of infected nuts were 8.0, 5.3 and 5.0% respectively (Coelho & Gouveia, 2021).
Present, not widely distributed.
Detailed records
In Ukraine, the potato cyst nematode
Globodera rostochiensis
(EPPO A2 List) was reported in 18 of the 25 regions during surveys conducted in 2017-2018, on 4474 ha in total. It is not present in Central and Southern Ukraine (Poltava, Kirovohrad, Dnipropetrovsk, Mykolaiv, Zaporizhzhia, Donetsk regions and Autonomous Republic of Crimea) (Borzykh
et al
., 2021).
Present, not widely distributed.
In Portugal,
Oligonychus perseae
(Acari: Tetranychidae – formerly EPPO Alert List) was first reported in Madeira in 2005 and in the mainland in Algarve region in 2006. Naves
et al
. (2021) report that in 2020 it spread further North and caused significant damage on avocado (
Persea americana)
in the region of Óbidos (Centro region).
Present, not widely distributed.
In Australia,
Spodoptera frugiperda
(Lepidoptera: Tortricidae – EPPO A1 List) was first reported in Torres Strait (late January 2020). The pest then spread to other states: Queensland (February 2020), Northern Territory and Western Australia (March 2020), and New South Wales (October 2020). In December 2020,
S. frugiperda
was found in Victoria, and in March 2021 in Norfolk Island and Tasmania. However, as
S. frugiperda
is a tropical/subtropical pest, it is still unknown whether it will be able to survive winter in the southernmost regions of Australia (IPPC, 2021).
Present, in all parts of the area.
In Indonesia,
Spodoptera frugiperda
(Lepidoptera: Tortricidae – EPPO A1 List) was first found in 2019 in Sumatra, and then in Java and Kalimantan (EPPO
RS 2019/139
). In January 2020, the pest was also found in maize (
Zea mays
) crops in several districts in East Nusa Tenggara, including the East Flores district. Studies conducted in this district showed that
S. frugiperda
caused severe damage in the sub-districts of West Solor and Ile Mandiri where 80 to 100% of the maize fields were infested (Mukkun
et al
., 2021).
Present, not widely distributed.
Eradication
In Australia, citrus canker caused by
Xanthomonas citri
subsp
. citri
(EPPO A1 List) was detected in April 2018 in the Northern Territory and Western Australia on potted citrus (
Citrus aurantiifolia
) plants (EPPO
RS 2019/223
). In April 2021, after a successful eradication program, citrus canker has been officially declared to be absent from all Australian states and territories (IPPC, 2021).
Absent: pest eradicated.
Host plants
In Florida (US),
Gymnosporangium clavipes
(EPPO A1 List) was found in March 2020 in a
Crataegus marshallii
(Rosaceae)
tree which displayed stem galls (McVay
et al
., 2020).
Regulation
EU emergency measures against pepino mosaic virus (
Potexvirus
, PepMV – EPPO A2 List) have been repealed. This virus is now regulated as a Regulated Non-Quarantine Pest (RNQP) for tomato plants for planting (
Solanum lycopersicum
) (EU, 2020).
Taxonomy
The brown citrus aphid, previously named
Toxoptera citricidus
(Hemiptera: Aphididae – EPPO A2 list) is now placed again in the genus
Aphis
and thus should be called
Aphis citricidus
. Morphological and molecular studies have concluded that
Toxoptera
should be considered as a subgenus of
Aphis
(Lagos
et al
., 2014).
Sources
Borzykh OI, Sigareva DD, Fedorenko OL, Bondar TI, Kornyushin VV, Sokolova OO, Karpliuk VG (2021) Current distribution of golden potato cyst nematode,
Globodera rostochiensis
(Tylenchida, Heteroderidae), in Ukraine.
Zoodiversity
55
(2), 167–174.
https://doi.org/10.15407/zoo2021.02.167
Coelho V, Gouveia E (2021)
Gnomoniopsis smithogilvyi
, the causal agent of chestnut brown rot reported from Portugal.
New Disease Report
43
, e12007.
https://doi.org/10.1002/ndr2.12007
EU (2020) Commission Implementing Decision (EU) 2020/1549 of 22 October 2020 repealing Decision 2004/200/EC on measures to prevent the introduction into and the spread within the Community of Pepino mosaic virus.
OJL 354, 26.10.2020, 7–8
.
http://data.europa.eu/eli/dec_impl/2020/1549/oj
IPPC website. Official Pest Reports – Australia (AUS-100/1 of 2021-04-30) Eradication of
Xanthomonas citri
subsp
. citri
(citrus canker) from Australia.
https://www.ippc.int/fr/countries/australia/pestreports/2021/04/eradication-of-xanthomonas-citri-subsp-citri-citrus-canker-from-australia/
IPPC website. Official Pest Reports – Australia (AUS-101/1 of 2021-05-05)
Spodoptera
frugiperda
(fall armyworm) detections Australia.
https://www.ippc.int/fr/countries/australia/pestreports/2021/05/spodoptera-frugiperda-fall-armyworm-detections-australia/
Lagos DM, Voegtlin DJ, Coeur d’acier A, Giordano R (2014)
Aphis
(Hemiptera: Aphididae) species groups found in the Midwestern United States and their contribution to the phylogenetic knowledge of the genus.
Insect Science
21
, 374–391.
https://doi.org/10.1111/1744-7917.12089
McVay JD, Jones C, Carroll C, Denfeld N, Urbina H (2021) First report of
Gymnosporangium clavipes
causing stem galls on
Crataegus marshallii
in Florida, U.S.A.
Plant Disease
105
(4), p 1214.
https://doi.org/10.1094/PDIS-11-20-2383-PDN
Mukkun L, Kleden YL, Simamora AV (2021) Detection of
Spodoptera frugiperda
(J.E. Smith) (Lepidoptera: Noctuidae) in maize field in East Flores District, East Nusa Tenggara Province, Indonesia.
International Journal of Tropical Drylands
5
, 20-26.
Naves P, Nóbrega F, Auger P (2021) Updated and annotated review of Tetranychidae occurring in mainland Portugal, the Azores, and Madeira Archipelagos.
Acarologia
61
(2), 380-393.
https://doi.org/10.24349/acarologia/20214437
Nouere S, Amiri S, Lahlali R (2019) Situation des problèmes phytosanitaires du myrtillier (
Vaccinium corymbosum
) au Maroc.
Revue Marocaine des Sciences Agronomiques et Vétérinaires
8
(3), 321-330"
LAPHFR,Spodoptera frugiperda,2021/074,New data on quarantine pests and pests of the EPPO Alert List,2021-04,https://gd.eppo.int/reporting/article-7013,"EPPO Reporting Service no. 04 - 2021
Num. article:
2021/074
New data on quarantine pests and pests of the EPPO Alert List
By searching through the literature, the EPPO Secretariat has extracted the following new data concerning quarantine pests and pests included (or formerly included) on the EPPO Alert List, and indicated in bold the situation of the pest concerned using the terms of ISPM no. 8.
New records
Brevipalpus yothersi
(Acari: Tenuipalpidae - vector of citrus leprosis disease, EPPO A1 List) is reported for the first time from Peru. During a survey conducted from September to December 2020 in small farms producing organic cocoa (
Theobroma cacao
), the pest was found in 8 localities in the department of Piura. Mites were collected on leaves, peduncles, and epicarps of cocoa fruits at different phenological stages. Damage (brown spots) could be observed on some fruits. This is also the first time that B. yothersi is reported on cocoa (Escobar-Garcia et al., 2021).
Present, only in some areas.
Fusarium odoratissimum (Fusarium oxysporum
f. sp.
cubense
tropical race 4) the causal agent of Panama disease of banana was first reported in Peru in April 2021. The pathogen was detected in a plot of 0.5 ha in the Querecotillo district (province of Sullana, department of Piura). All infected plants have been destroyed and official phytosanitary measures have been taken to prevent any further spread (SENASA, 2021).
Present, only in some areas.
Pomacea canaliculata
(Gastropoda: Ampullariidae, EPPO A1 List) is first recorded in Kenya (Buddie
et al
., 2021). It was detected at two locations (Tebere and Ndekia) in the Mwea irrigation scheme. Surveys were conducted in September 2020 and the identification was confirmed by molecular methods. This is the first confirmed report of
P. canaliculata
in continental Africa.
Present, only in some areas
.
Pomacea canaliculata
(Gastropoda: Ampullariidae, EPPO A1 List) occurs in Peru. The apple snail was first recorded in the province of Sullana (department of Piura). Official surveys are conducted to define the infested area and control measures are applied (SENASA, 2021).
Present, only in some areas
.
Spodoptera frugiperda
(Lepidoptera: Noctuidae – EPPO A1 List) was first found in Mauritius in March 2019. The pest also occurs on Rodrigues Islands. Studies are being conducted in Mauritius on potential natural enemies and awareness campaigns are being carried out (Anonymous, 2020).
Present
.
Tuta absoluta
(Lepidoptera: Gelechiidae – EPPO A2 List) was first found in Mauritius in September 2019. The insect was trapped in Bon Air. Surveys carried out on the island detected only one larva in a tomato leaflet in a small field. Awareness campaigns are being carried out (Anonymous, 2020).
Present, only in some areas.
Zaprionus indianus
(Diptera: Drosophilidae – formerly EPPO Alert List) is first reported from Bangladesh. This fruit fly was caught in yeast-banana traps in the Northern part of the country (Rahman
et al
., 2020).
Present
.
Detailed records
Official surveys have confirmed that
Globodera rostochiensis
(EPPO A2 List) is no longer found in the province of Alberta, Canada. In February 2021, the NPPO of Canada removed the regulated area for
G. rostochiensis
and declared that Alberta is now considered to be free of potato cyst nematodes (NAPPO, 2021).
The pest status of
Globodera rostochiensis
in Canada is officially declared as:
Present, not widely distributed and under official control.
Host plants
Hylotelephium spectabile
(=
Sedum spectabile
– Crassulaceae) is reported for the first time as a host plant of
Cacoecimorpha pronubana
(Lepidoptera, Tortricidae – EPPO A2 List). In mid-August 2020, larvae of
C. pronubana
were found feeding on
H. spectabile
plants in private gardens in urban areas of Drama, Greece. Infestations had caused serious damage on foliage as well as on blossoms, reducing the aesthetical value of this ornamental plant (Simoglou
et al
., 2021).
New pests and taxonomy
In Australia, a new phytoplasma species called ‘
Candidatus
Phytoplasma stylosanthis’ has been detected in the following cultivated plants causing various symptoms:
Arachis pintoi
(little leaf)
, Carica papaya
(yellow crinkle)
, Medicago sativa
(yellowing and little leaf)
, Solanum tuberosum
(stunted growth and little leaf),
Saccharum officinarum
(asymptomatic),
and
Stylosanthes scabra
(little leaf). Concerning potato, ‘
Ca
. P. stylosanthis’ was detected in 2019 in Victoria in one plant and it is estimated that the disease incidence was less than 1% of crop. This phytoplasma has also been found in two weed species,
Bonamia pannosa
and
Indigofera linifolia,
which showed proliferation, phyllody and little leaf symptoms (Rodrigues Jardim
et al
., 2021).
Sources
Anonymous (2020) Annual Report – Technical Highlights 2019/2020. Food and Agricultural Research and Extension Institute (FAREI), Mauritius, 89 pp.
http://farei.mu/farei/wp-content/uploads/2021/02/Technical-Highlights-2019-2020.pdf
Buddie AG, Rwomushana I, Offord LC, Kibet S, Makale F, Djeddour D, Cafa G, Vincent KK, Muvea AM, Chacha D, Day RK (2021) First report of the invasive snail
Pomacea canaliculata
in Kenya.
CABI Agriculture and Bioscience
2,
11
https://doi.org/10.1186/s43170-021-00032-z
Escobar ­Garcia HA, de Andrade Jr D, Carrillo D, Ochoa R (2021)
Theobroma cacao
, a new host
for Brevipalpus yothersi
(Acari: Tenuipalpidae) in Peru.
Acarologia
61
(2), 211­216.
https://doi.org/10.24349/acarologia/20214427
NAPPO Phytosanitary Alert System. Official Pest Reports. Canada (2021-04-01)
Globodera rostochiensis
(golden nematode) - Canadian Food Inspection Agency removes regulated area in the Province of Alberta.
https://www.pestalerts.org/official-pest-report/globodera-rostochiensis-golden-nematode-canadian-food-inspection-agency
Rahman S, Roy DK, Alam MS (2020) First record of
Zaprionus indianus
(Gupta, 1970) (Diptera Drosophilidae) from Bangladesh.
Biodiversity Journal
11
(3), 757–760.
https://doi.org/10.31396/Biodiv.Jour.2020.11.3.757.760
Rodrigues Jardim B, Kinoti WM, Tran-Nguyen LTT, Gambley C, Rodoni B, Constable F (2021) ‘
Candidatus
Phytoplasma stylosanthis’, a novel taxon with a diverse host range in Australia, characterised using multilocus sequence analysis of 16S rRNA, secA, tuf, and rp genes.
International Journal of Systematic Microbiology
71
, 004589.
https://doi.org/10.1099/ijsem.0.004589
SENASA (2021-02-25) MIDAGRI despliega acciones de prevención y control de caracol manzana en Piura.
https://www.gob.pe/institucion/senasa/noticias/344331-midagri-despliega-acciones-de-prevencion-y-control-de-caracol-manzana-en-piura
SENASA (2021-04-12) SENASA confirma brote de Fusarium Raza 4 Tropical en Piura.
https://www.gob.pe/institucion/senasa/noticias/429832-senasa-confirma-brote-de-fusarium-raza-4-tropical-en-piura
Simoglou KB, Avtzis DN, Baixeras J, Sarigkoli I, Roditakis E (2021)
Hylotelephium spectabile
, a new host for carnation tortrix moth (
Cacoecimorpha pronubana
) and molecular characterization in Greece.
Insects
12
, 245.
https://doi.org/10.3390/insects12030245"
LAPHFR,Spodoptera frugiperda,2021/054,First report of Spodoptera frugiperda in New Caledonia,2021-03,https://gd.eppo.int/reporting/article-6993,"EPPO Reporting Service no. 03 - 2021
Num. article:
2021/054
First report of Spodoptera frugiperda in New Caledonia
Spodoptera frugiperda
(Lepidoptera: Noctuidae – EPPO A1 List) is reported for the first time from New Caledonia. In December 2020, numerous larvae of the pest were found in a single maize (
Zea mays
) field in Boulouparis. As eradication is not considered feasible, a management programme is under development with all stakeholders.
The pest status of
Spodoptera frugiperda
in New Caledonia is officially declared as:
Present: only in some areas.
Sources
IPPC website. Official Pest Reports – New Caledonia (NCL-04/1 of 2021-01-20) Detection of
Spodoptera frugiperda
(fall armyworm) in New Caledonia.
https://www.ippc.int/fr/countries/new-caledonia/pestreports/2021/01/-0/"
LAPHFR,Spodoptera frugiperda,2021/053,"First report of Spodoptera frugiperda in the Canary Islands, Spain",2021-03,https://gd.eppo.int/reporting/article-6992,"EPPO Reporting Service no. 03 - 2021
Num. article:
2021/053
First report of Spodoptera frugiperda in the Canary Islands, Spain
During faunistic studies,
Spodoptera frugiperda
(Lepidoptera: Noctuidae – EPPO A1 List) was detected for the first time on the island of Tenerife (Canary Islands, Spain) in July 2020. In these studies, 2 male specimens were caught in pheromone traps (Vives Moreno and Gastón, 2020).
Following this initial discovery, the Regional Plant Health Service of Canary Islands carried out surveys on all the islands of the archipelago (Lanzarote, Fuerteventura, Gran Canaria, Tenerife, La Palma, El Hierro and La Gomera). As of February 2021,
S. frugiperda
was detected in all islands, but with a restricted distribution and only in maize (
Zea mays
) fields without causing damage to the plants. It is noted that in the Canary Islands, maize is used for self-consumption, mostly fresh, and is not exported. There have been no detections of the pest in other potential hosts (e.g. capsicum, pelargonium and
Dianthus
) despite intensive surveys with delta traps and two types of pheromones. It is hypothezised that
S. frugiperda
has been introduced into the Canary Islands from the African continent by the strong winds (more than 100 km/h) which occurred at the end of March 2020 and affected all the islands. Since
S. frugiperda
has been detected, emergency measures in accordance with the EU Decision 2018/638 are being applied.
The situation of
Spodoptera frugiperda
in Spain can be described as follows:
Present, only in the Canary Islands, under official control.
Sources
NPPO of Spain (2021-03).
Vives Moreno A, Gastón J (2020) [Five new species for the fauna of Spain and other interesting lepidopterological information for Spain and Sudan (Insecta: Lepidoptera)].
SHILAP Revista de lepidopterología
48
(192), 717-731 (in Spanish)."
LAPHFR,Spodoptera frugiperda,2021/049,New data on quarantine pests and pests of the EPPO Alert List,2021-03,https://gd.eppo.int/reporting/article-6988,"EPPO Reporting Service no. 03 - 2021
Num. article:
2021/049
New data on quarantine pests and pests of the EPPO Alert List
By searching through the literature, the EPPO Secretariat has extracted the following new data concerning quarantine pests and pests included (or formerly included) on the EPPO Alert List, and indicated in bold the situation of the pest concerned using the terms of ISPM no. 8.
New records
Dendroctonus micans
(Coleoptera: Scolytinae, EU Annexes) is recorded for the first time from Spain (NPPO of Spain, 2021). The pest has been detected on ten
Picea abies
trees from a forest located in the municipality of Vielha e Mijaran (Lleida province, Autonomous Region of Cataluña) in summer 2020. The pest status of
Dendroctonus micans
is officially declared as:
Present, only in some parts of the Member State concerned
.
Dothistroma septosporum
(EU RNQP) occurs in Turkey. In 2013, symptoms of the disease were observed on
Pinus brutia
in South-Western Turkey (Isparta province). Further surveys in 2013-2015 confirmed the presence of the pathogen in several young forests in Isparta and Antalya provinces).
Dothistroma pini
(EU RNQP) was not detected (Oskay
et al.,
2020).
Present.
Erysiphe corylacearum
, causing an emerging
powdery mildew of hazelnuts, was first observed in Romania in 2019-2020 on hazelnut trees (
Corylus avellana
) in forests in the Eastern and Southern Carpathian Mountains (Chinan and Mânzu, 2021).
Present.
Phytophthora ramorum
(EPPO A2 List) is first reported from Japan. During surveys in 2017-2018 in forest ecosystems on Shikoku and Kyushu islands, 17 stream and river catchments were sampled.
P ramorum
was isolated from 3 places in Shikoku and 4 in Kyushu (from naturally fallen leaves in forest streams or from leaf baits deployed in the streams). During the same study,
P. ramorum
was also found in Vietnam. The authors conclude that this species probably originates from the laurosilva forests between Indochina and South-West Japan.
Phytophthora lateralis
(EPPO A2 List) was also isolated from Shikoku and Kyushu (Jung
et al.
, 2021).
Present
.
Detailed records
Lopholeucaspis japonica
(Hemiptera: Diaspididae – EPPO A2 List) is present in Texas (US). It was observed on
Lagerstroemia
spp. (Gilder
et al
. 2020).
In July 2020,
Spodoptera frugiperda
(Lepidoptera: Noctuidae – EPPO A1 List) was found feeding on banana plants (
Musa
sp.) in Kerala, India (Gavas Ragesh and Sanju Balan, 2020).
In China, during surveys on tomato (
Solanum lycopersicum
) and pepper (
Capsicum
sp.) in 2013-2017, the following viruses were first detected in the Yunnan province on these crops: tomato chlorosis virus (
Crinivirus
, ToCV – EPPO A2 List), tomato mottle mosaic virus (Tobamovirus, ToMMV – EPPO Alert list) (Li
et al
., 2021).
In Brazil,
Xylosandrus crassiusculus
(Coleoptera: Curculionidae: Scolytinae - EPPO Alert List) is reported to spread rapidly inland. It was recently trapped in the following states: Acre, Espirito Santo, Goias, Para, Rio Grande do Sul (de Souza Covre
et al
., 2021).
Eradication
Lecanosticta acicola
(EPPO A2 List) was first recorded in Sweden in 2018 on one tree in the Alnarp arboretum (EPPO
RS 2019/041
). The infested tree has been removed and destroyed.
L. acicola
is now (since 2019) a Regulated Non-Quarantine Pest (RNQP) for the EU. The pest status of
L. acicola
in Sweden is officially declared as:
Absent, pest eradicated
(NPPO of Sweden, 2021)
Phytophthora fragariae
(EPPO A2 List) was detected in Sweden in one strawberry production site in May 2018 (EPPO
RS 2018/204
). Phytosanitary measures applied included destruction of the infested plants, substrate and cultivation materials. The pest status of
Phytophthora fragariae
in Sweden is officially declared as:
Absent, pest eradicated
(NPPO of Sweden, 2021).
Phytophthora ramorum
(EPPO A2 List) was found in Italy in 2013 in two nurseries located in Toscana (municipalities of Pescia and Pistoia) on
Viburnum
plants (RS 2013/146 and
RS 2013/245
). Eradication measures were carried out in accordance with Decision 2002/757/CE, including the destruction of the infected lots. Subsequent official investigations in the nurseries concerned and in the surrounding area did not detect the pest. The pest status of
Phytophthora ramorum
in Italy is officially declared as:
Absent, pest eradicated
(NPPO of Italy, 2021).
New pests and taxonomy
The use of high throughput sequencing (HTS) methodologies has recently revealed a significant number of new viruses in forest trees and urban parks. In 2014, leaf samples showing symptoms of leaf mottle and deformation were collected from an
Acer pseudoplatanus
tree in the Berlin-Grunewald urban forest, Germany. HTS revealed the presence of a new
Emaravirus
which has tentatively been called maple mottle-associated virus (MaMaV) The authors (Rumbou
et al
., 2021) also recalled that since 2018, the following 4 new emaraviruses have been discovered in forest and urban tree species:
aspen mosaic-associated virus (AsMaV) in
Populus tremula
.
European mountain ash ringspot-associated virus (EMARaV) in
Sorbus aucuparia.
and
Amelanchier
sp.
common oak ringspot-associated virus (CORaV) in
Quercus
robur.
maple mottle-associated virus (MaMaV) in
Acer
pseudoplatanus
.
Sources
Chinan V-C, Mânzu CC (2021) Occurrence of
Erysiphe corylacearum
causing powdery mildew of
Corylus avellana
in Romania.
Forest Pathology
, e12681.
https://doi.org/10.1111/efp.12681
de Souza Covre L, Arrué Melo A, Flechtmann CAH (2021) Flight activity and spread of Xylosandrus crassisuculus (Motschulsky) (Coleoptera: Curculionidae) in Brazil.
Trees, Forests and People
4
, 100076.
https://doi.org/10.1016/j.tfp.2021.100076
.
Gavas Ragesh, Sanju Balan (2020) The first report on fall armyworm,
Spodoptera frugiperda
(J. E. Smith (Lepidoptera: Noctuidae) as an invasive pest in banana from Kerala, South India and notes on its behaviour
. Insect Environment
23
, 19-23.
Gilder K, Masloski KE, Woolley JB, Gu M, M, Merchant ME, Heinz M (2020) Discovery of a non-native parasitoid,
Marlattiella prima
Howard (Hymenoptera, Aphelinidae) and its non-native host,
Lopholeucaspis japonica
Cockerell (Hemiptera, Diaspididae) in Central Texas.
Journal of Hymenoptera Research
77
, 213–217.
https://doi.org/10.3897/jhr.77.53827
Jung T, Horta Jung M, Webber JF, Kageyama K, Hieno A, Masuya H, Uematsu S, Pérez-Sierra A, Harris AR, Forster J, Rees H, Scanu B, Patra S, Kudláček T, Janoušek J, Corcobado T, Milenković I, Nagy Z, Csorba I, Bakonyi J, Brasier CM (2021) The destructive tree pathogen
Phytophthora ramorum
originates from the laurosilva forests of East Asia.
Journal of
Fungi
7
(3),226.
https://doi.org/10.3390/jof7030226
Li Y, Tan G, Xiao L, Zhou W, Lan P, Chen X, Liu Y, Li R, Li F (2021) a multiyear survey and identification of pepper- and tomato-infecting viruses in Yunnan Province, China.
Fronters in Microbiology
12
, 623875.
https://doi.org/10.3389/fmicb.2021.623875
NPPO of Italy (2021-01).
NPPO of Spain (2021-02).
NPPO of Sweden (2021-03).
Oskay F, Tunalı Z, Lehtijärvi AT, Doğmuş-Lehtijärvi HT, Woodward S, Mullett M (2020) Distribution and genetic diversity of
Dothistroma septosporum
in
Pinus brutia
forests of south-western Turkey.
Plant Pathology
69
(8), 1551–1564."
LAPHFR,Spodoptera frugiperda,2021/011,"Spodoptera frugiperda found in New South Wales, Australia",2021-01,https://gd.eppo.int/reporting/article-6950,"EPPO Reporting Service no. 01 - 2021
Num. article:
2021/011
Spodoptera frugiperda found in New South Wales, Australia
In Australia,
Spodoptera
frugiperda
(Lepidoptera: Noctuidae – EPPO A1 List) was first found in January 2020 in Torres Strait islands and soon after in the Northern part of Queensland (EPPO
RS 2020/031
). The pest was then found in other parts of Queensland and in the states of Northern Territory and Western Australia (EPPO
RS 2020/071
, 2020/093). In September 2020,
S. frugiperda
was also detected in New South Wales, at first near Moree and then in other locations (Narrabri, Wee Waa, Dubbo, Breeza and Maitland).
Sources
New South Wales Government. Department of Primary Industries (2020-11-06) Fall armyworm.
https://www.dpi.nsw.gov.au/biosecurity/plant/insect-pests-and-plant-diseases/fall-armyworm"
LAPHFR,Spodoptera frugiperda,2021/010,First report of Spodoptera frugiperda in Syria,2021-01,https://gd.eppo.int/reporting/article-6949,"EPPO Reporting Service no. 01 - 2021
Num. article:
2021/010
First report of Spodoptera frugiperda in Syria
In December 2020, the NPPO of Syria officially reported the presence of
Spodoptera
frugiperda
(Lepidoptera: Noctuidae – EPPO A1 List) on its territory. Larvae were found for the first time in maize (
Zea mays
) plants grown in 4 rural farms in the southwestern governorate of Dara'a. Affected maize plants showed typical symptoms of the pest. It is thought that the pest spread naturally from nearby Jordan, where it has been found recently (EPPO
RS 2020/213
).
The pest status of
Spodoptera
frugiperda
in Syria is officially declared as:
Present: only in some areas.
Sources
IPPC website. Official Pest Reports – Syria (SYR-01/2 of 2020-12-27) First record of Fall Armyworm in Syria.
https://www.ippc.int/fr/countries/syrian-arab-republic/pestreports/2020/12/first-record-of-army-warm-in-syria/"
LAPHFR,Spodoptera frugiperda,2020/213,First report of Spodoptera frugiperda in Jordan,2020-10,https://gd.eppo.int/reporting/article-6891,"EPPO Reporting Service no. 10 - 2020
Num. article:
2020/213
First report of Spodoptera frugiperda in Jordan
The NPPO of Jordan recently informed the EPPO Secretariat of the first record of
Spodoptera frugiperda
(Lepidoptera: Noctuidae – EPPO A1 List) on its territory. Moths collected by sex pheromone traps which were placed near commercial maize fields (
Zea mays
) in the northern Jordan Valley, as well as larvae feeding on maize, were sent to the University of Jordan Insect Museum, School of Agriculture, on the 9
th
of September 2020. Based on morphological characteristics of adult males including genitalia, chaetotaxy of larvae, and external morphology of pupa, the samples were identified as
Spodoptera frugiperda
.
For the moment, no significant damage has been observed on infested plants. Intensive surveys and monitoring using pheromone traps will be continued in the infested area and in other agricultural areas. In addition, public awareness campaigns will be conducted. Control campaigns will be conducted if needed, especially in maize fields.
The pest status of
Spodoptera frugiperda
is officially declared as:
Present in a limited area (North Shunah).
Sources
NPPO of Jordan (2020-09)."
LAPHFR,Spodoptera frugiperda,2020/190,First report of Spodoptera frugiperda in Papua New Guinea,2020-09,https://gd.eppo.int/reporting/article-6868,"EPPO Reporting Service no. 09 - 2020
Num. article:
2020/190
First report of Spodoptera frugiperda in Papua New Guinea
The presence of
Spodoptera frugiperda
(Lepidoptera: Noctuidae – EPPO A1 List) in Papua New Guinea was confirmed in September 2020. The pest was initially found in February 2020 on young maize (
Zea mays
) plants in two localities (Mari village in Morobe province, Daru township in Western province).
S. frugiperda
currently occurs in the following provinces of Papua New Guinea: Jiwaka, Madang, Morobe, Western, and Western highlands. It is noted that the provinces of Morobe and Madang provinces are particularly at risk, as they are commercial maize and sugarcane production areas. The Pacific Community (SPC) is working closely with stakeholders on research, surveillance and monitoring (using pheromone traps), as well as on the development of IPM strategies to control the pest. The recent spread of
S. frugiperda
to Australia and Papua New Guinea raises concern in the Pacific region.
The situation of
Spodoptera frugiperda
in Papua New Guinea can be described as follows:
Present, only in some areas (Jiwaka, Madang, Morobe, Western, Western highlands provinces).
Sources
Pacific Community (SPC). News (2020-09-03) Armyworm infestation breaches the Pacific.
https://www.spc.int/updates/news/media-release/2020/09/armyworm-infestation-breaches-the-pacific"
LAPHFR,Spodoptera frugiperda,2020/161,First report of Spodoptera frugiperda in Israel,2020-08,https://gd.eppo.int/reporting/article-6839,"EPPO Reporting Service no. 08 - 2020
Num. article:
2020/161
First report of Spodoptera frugiperda in Israel
The NPPO of Israel recently informed the EPPO Secretariat of the first record of
Spodoptera frugiperda
(Lepidoptera: Noctuidae – EPPO A1 List) in commercial maize (
Zea mays
) crops on its territory. In late June 2020, fall armyworm was first found in Southern Israel in Western Negev, close to the coast and border with Gaza. In July 2020, it was also found in Northern Israel in the Bet Shaan valley. In Southern Israel, the presence of
S. frugiperda
was initially noticed by growers and extension officers. The insect was also caught in traps placed near maize fields. In Northern Israel, first findings were also made by growers and extension officers. For the moment, only minor damage has been observed. It is thought that the pest entered Israel by natural spread from Egypt. Official control measures are being implemented. Insecticide treatments are being applied in infested fields and surveys have been intensified on maize and other host plants throughout the country.
The pest status of
Spodoptera frugiperda
in Israel is officially declared as:
Present: only in some areas (Western Negev, Bet Shaan valley).
Sources
NPPO of Israel (2020-08)."
LAPHFR,Spodoptera frugiperda,2020/143,First report of Spodoptera frugiperda in Mauritania,2020-07,https://gd.eppo.int/reporting/article-6821,"EPPO Reporting Service no. 07 - 2020
Num. article:
2020/143
First report of Spodoptera frugiperda in Mauritania
According to the FAO website on fall armyworm,
Spodoptera frugiperda
(Lepidoptera: Noctuidae – EPPO A1 List) was officially reported in Mauritania in February 2020. The pest has been observed causing significant damage to maize (
Zea mays
) in the localities of M’Bagne (Brakna region) and Monguel (Gorgol region) in Southern Mauritania.
The situation of
Spodoptera frugiperda
in Mauritania can be described as:
Present, only in some areas.
Sources
INTERNET
FAO. Fall armyworm. Monitoring. FAW map.
http://www.fao.org/fall-armyworm/monitoring-tools/faw-map/en/
Cridem (2020-03-20) Première signalisation de la chenille légionnaire d’automne en Mauritanie.
http://www.cridem.org/C_Info.php?article=733991"
LAPHFR,Spodoptera frugiperda,2020/142,First report of Spodoptera frugiperda in Timor-Leste,2020-07,https://gd.eppo.int/reporting/article-6820,"EPPO Reporting Service no. 07 - 2020
Num. article:
2020/142
First report of Spodoptera frugiperda in Timor-Leste
According to the FAO website on fall armyworm,
Spodoptera frugiperda
(Lepidoptera: Noctuidae – EPPO A1 List) was officially reported in Timor-Leste in March 2020.
The situation of
Spodoptera frugiperda
in Timor-Leste can be described as:
Present.
Sources
INTERNET
FAO. Fall armyworm. Monitoring. FAW map.
http://www.fao.org/fall-armyworm/monitoring-tools/faw-map/en/"
LAPHFR,Spodoptera frugiperda,2020/141,First report of Spodoptera frugiperda in Pakistan,2020-07,https://gd.eppo.int/reporting/article-6819,"EPPO Reporting Service no. 07 - 2020
Num. article:
2020/141
First report of Spodoptera frugiperda in Pakistan
In Pakistan, lepidopteran larvae were caught in March 2019 in maize (
Zea mays
) fields in various localities of Sindh and sent to the University of Agriculture of Multan for identification. Based on morphological characteristics, the pest was identified as fall armyworm,
Spodoptera frugiperda
(Lepidoptera: Noctuidae – EPPO A1 List). This is the first time that
S. frugiperda
is reported from Pakistan.
The situation of
Spodoptera frugiperda
in Pakistan can be described as:
Present, only in some areas (first found in 2019 in Sindh province).
Sources
Naeem Ullah U, Ashraf Ansari M, Iqbal N, Saeed S (2019) First authentic report of
Spodoptera frugiperda
(J.E. Smith) (Noctuidae: Lepidoptera) an alien invasive species from Pakistan.
Applied Sciences and Business Economics
6
(1), 13."
LAPHFR,Spodoptera frugiperda,2020/113,New and revised dynamic EPPO datasheets are available in the EPPO Global Database,2020-06,https://gd.eppo.int/reporting/article-6791,"EPPO Reporting Service no. 06 - 2020
Num. article:
2020/113
New and revised dynamic EPPO datasheets are available in the EPPO Global Database
The EPPO Secretariat is in the process of revising the EPPO datasheets on pests recommended for regulation. This project is also supported by an EU grant agreement. This revision provides the opportunity to create dynamic datasheets in the EPPO Global Database in which the sections on pest identity, host range and geographical distribution are automatically generated by the database. It is planned that these dynamic datasheets will progressively replace the PDF documents that are currently stored in the database. Since the previous report (EPPO
RS 2020/090
), The following revised EPPO datasheets have been published in the EPPO Global Database:
‘
Candidatus
Liberibacter africanus’:
https://gd.eppo.int/taxon/LIBEAF/datasheet
‘
Candidatus
Liberibacter americanus’:
https://gd.eppo.int/taxon/LIBEAM/datasheet
‘
Candidatus
Liberibacter asiaticus’:
https://gd.eppo.int/taxon/LIBEAS/datasheet
Citrus tristeza virus:
https://gd.eppo.int/taxon/CTV000/datasheet
Ips
amitinus
:
https://gd.eppo.int/taxon/IPSXAM/datasheet
Neoleucinodes
elegantalis
:
https://gd.eppo.int/taxon/NEOLEL/datasheet
Paysandisia
archon
:
https://gd.eppo.int/taxon/PAYSAR/datasheet
Phyllosticta
citricarpa
:
https://gd.eppo.int/taxon/GUIGCI/datasheet
Spodoptera
frugiperda
:
https://gd.eppo.int/taxon/LAPHFR/datasheet
Trirachys sartus
:
https://gd.eppo.int/taxon/AELSSA/datasheet
Sources
EPPO Secretariat (2020-06)."
LAPHFR,Spodoptera frugiperda,2020/093,Spodoptera frugiperda continues to spread in Australia,2020-05,https://gd.eppo.int/reporting/article-6771,"EPPO Reporting Service no. 05 - 2020
Num. article:
2020/093
Spodoptera frugiperda continues to spread in Australia
In Australia,
Spodoptera frugiperda
(Lepidoptera: Noctuidae - EPPO A1 List) was first found in January 2020 in the islands of the Torres Strait and then detected on the mainland in the Northern part of Queensland (EPPO
RS 2020/031
). During the following months, the pest continued to spread in mainland Australia (EPPO
RS 2020/071
). As of May 2020, it was detected in Torres Strait, Queensland (Bamaga, Gulf of Carpentaria, Johnstone, Tolga, Lakeland, Bowen, Burdekin, Emerald, Richmond and Clermont regions), Northern Territory (Katherine, Darwin and Douglas Daly regions), and Western Australia (Kununurra, Broome and Carnarvon region). The eradication of
S. frugiperda
is no longer considered to be feasible and efforts will be directed at limiting its impact.
The pest status of
Spodoptera frugiperda
in Australia is officially declared as:
Present: only in some areas.
Sources
IPPC website. Official Pest Reports – Australia (AUS-98/1 of 2020-05-07) Further detections of
Spodoptera frugiperda
(fall armyworm) on mainland Australia.
https://www.ippc.int/en/countries/australia/pestreports/2020/05/further-detections-of-spodoptera-frugiperda-fall-armyworm-on-mainland-australia/"
LAPHFR,Spodoptera frugiperda,2020/092,First report of Spodoptera frugiperda in the United Arab Emirates,2020-05,https://gd.eppo.int/reporting/article-6770,"EPPO Reporting Service no. 05 - 2020
Num. article:
2020/092
First report of Spodoptera frugiperda in the United Arab Emirates
During a specific survey conducted in the United Arab Emirates,
Spodoptera frugiperda
(Lepidoptera: Noctuidae - EPPO A1 List) was detected for the first time in several maize (
Zea mays
) fields. The pest was found in several areas (Al Ain, Al Dafrah, Abu Dhabi) in the Emirate of Abu Dhabi. Phytosanitary measures are being implemented to eradicate the pest. Infested maize plants and weeds will be destroyed and intensive specific surveys (field inspections and use of pheromone traps) will be carried out in all agricultural regions. Public awareness campaigns will also be launched.
The pest status of
Spodoptera frugiperda
in the United Arab Emirates is officially declared as:
Present, under eradication.
Sources
IPPC website. Official Pest Reports – United Arab Emirates (ARE-01/1 of 2020-05-10) The first detection of fall armyworm (FAM),
Spodoptera frugiperda
, in United Arab Emirates.
https://www.ippc.int/en/countries/united-arab-emirates/pestreports/2020/05/the-first-detection-of-fall-armywormfam-spodoptera-frugiperda-in-united-arab-emirates/"
LAPHFR,Spodoptera frugiperda,2020/071,"Spodoptera frugiperda detected in Northern Territory, Australia",2020-04,https://gd.eppo.int/reporting/article-6749,"EPPO Reporting Service no. 04 - 2020
Num. article:
2020/071
Spodoptera frugiperda detected in Northern Territory, Australia
In Australia,
Spodoptera frugiperda
(Lepidoptera: Noctuidae – EPPO A1 List) was first found in January 2020 in the Torres Strait (Saibai and Erub islands), and then detected on the mainland at Bamaga, in the Northern part of Queensland (EPPO
RS 2020/031
). In February and March 2020, further detections were made at several locations in Queensland (Gulf of Carpentaria, South Johnstone, Tolga, Lakeland, Bowen and Burdekin). In March 2020,
S. frugiperda
was also caught in traps in Katherine, in Northern Territory. Considering that eradication is probably no longer feasible, the NPPO of Australia will collaborate with the agricultural industry to develop appropriate management methods for the growers and will identify research priorities.
The pest status of
Spodoptera frugiperda
in Australia is officially declared as:
Present: only in some areas, but managed.
Sources
IPPC website. Official Pest Reports – Australia (AUS-97/2 of 2020-03-20) Detections of Spodoptera frugiperda (fall armyworm) on mainland Australia
https://www.ippc.int/en/countries/australia/pestreports/2020/03/detections-of-spodoptera-frugiperda-fall-armyworm-on-mainland-australia/"
LAPHFR,Spodoptera frugiperda,2020/048,New data on quarantine pests and pests of the EPPO Alert List,2020-03,https://gd.eppo.int/reporting/article-6726,"EPPO Reporting Service no. 03 - 2020
Num. article:
2020/048
New data on quarantine pests and pests of the EPPO Alert List
By searching through the literature, the EPPO Secretariat has extracted the following new data concerning quarantine pests and pests included (or formerly included) on the EPPO Alert List, and indicated in bold the situation of the pest concerned using the terms of ISPM no. 8.
New records
Aleurocanthus spiniferus
(Hemiptera: Aleyrodidae – EPPO A2 List) was recently recorded in Albania (Nugnes
et al.,
2020).
Present.
In Algeria,
Cucurbit chlorotic yellows virus
(CCYV) was detected for the first time in symptomatic samples of cucumber (
Cucumis sativus
) and courgette (
Cucurbita pepo
) collected from field crops in Northern Algeria. CCYV was detected only in mixed infections with
Tomato leaf curl New Delhi virus
(ToLCNDV) (Kheireddine
et al
., 2020).
Present, no details.
In Israel,
Cucurbit chlorotic yellows virus
(CCYV) was detected for the first time in watermelon (
Citrullus lanatus)
in 2016 (Luria
et al
., 2019).
Present, no details.
In Iraq,
citrus canker (
Xanthomonas citri
pv
. citri
– EPPO A1 List) was detected on tangerine (
Citrus reticulata
), lemon (
Citrus limon
), and sweet orange (
Citrus sinensis
) from different orchards in Diyala, Baghdad and Babylon Governorates (Al-Dulaimi
et al
. 2018).
Present, only in some areas
.
Detailed records
In China, a survey was conducted between 2010 and 2018 to assess the presence of
Acidovorax citrulli
(EPPO A1 List), the causal agent of bacterial fruit blotch of cucurbits, in commercial seed lots. The prevalence of
A. citrulli
-infested seed lots was highest in lots produced in Gansu province (26%), followed by Ningxia (21%), Xinjiang (19%), and Inner Mongolia (11%). The bacterium is also reported at lower prevalence in seed lots produced in Anhui, Fujian, Hebei, Heilongjiang, Jilin, Liaoning, Shandong, Shanghai, Shānxi (Tian
et al
., 2020).
In the USA,
Meloidogyne enterolobii
(EPPO A2 List) was found in 2018 in one sweet potato (
Ipomoea batatas
) field in Louisiana. Eradication measures have been taken. It is suspected that the source of this outbreak is the introduction of infested sweet potato planting material from North Carolina (Internet, 2020).
In India,
Spodoptera frugiperda
(Lepidoptera: Noctuidae – EPPO A1 List) has recently been reported in the Northern part of Goa. The pest was found on fodder maize (
Zea mays
), grasses (
Brachiaria
mutica
,
Megathyrsus
maximus
), and
Amaranthus
viridis
(Maruthadurai and Ramesh, 2020).
New host plants
During surveys in Italy,
Aleurocanthus spiniferus
(Hemiptera: Aleyrodidae – EPPO A2 List) was recorded from 11 new host plants:
Ailanthus altissima, Arbutus unedo, Citrus medica, C. reticulata, Clematis vitalba, Pistacia vera, Prunus avium, P. cerasus, P. domestica, Rosa banksiae
and
R. x damascena
. It can be noted that these new host species include important crops for the Mediterranean Basin, as well as the invasive plant
Ailanthus altissima
(Nugnes
et al
., 2020).
Fusarium circinatum
(EPPO A2 List), the causal agent of pitch canker of pine, was recovered from the symptomless Californian native grass,
Bromus carinatus
(Poaceae). These isolates were then shown to be pathogenic to
Pinus radiata
in artificial inoculation tests (Carter & Gordon, 2020).
Sources
Al-Dulaimi FTR, Al-Kaisse AA, Al-Rubaye LA, Abdulwadood MA (2018) First report of citrus bacterial canker caused by
Xanthomonas axonopodis
pv
. citri
in Iraq.
Journal of Biotechnology Research Center
12
(2), 24-31.
https://www.iasj.net/iasj?func=fulltext&aId=160915
Carter JW, Gordon TR (2020) Infection of the native California grass,
Bromus carinatus
, by
Fusarium circinatum
, the cause of pitch canker in pines.
Plant Disease
104
(1), 194-197.
INTERNET
- Department of Agriculture and Forestry. News (2018-07-13) New crop pest identified in Louisiana.
http://www.ldaf.state.la.us/news/new-crop-pest-identified-in-louisiana/
- LSU. Guava root-knot nematode: a potentially serious new pest in Louisiana by Overstreet
et al.
(undated)
https://www.lsuagcenter.com/articles/page1548428489554
Kheireddine A, Sáez C, Sifres A, Picó B, López C (2020) First report of Cucurbit chlorotic yellows virus infecting cucumber and zucchini in Algeria.
Plant Disease
.
https://doi.org/10.1094/PDIS-10-19-2091-PDN
Luria N, Smith E, Sela N, Koren A, Lachman O, Dombrovsky A (2019) Insights into a watermelon virome contribute to monitoring distribution of whitefly-borne viruses.
Phytobiomes Journal
3
(1), 61-70.
https://doi.org/10.1094/PBIOMES-07-18-0034-R
Maruthadurai R, Ramesh R (2020) Occurrence, damage pattern and biology of fall armyworm,
Spodoptera frugiperda
(J.E. Smith) (Lepidoptera: Noctuidae) on fodder crops and green amaranth in Goa, India.
Phytoparasitica
18
(1), 15-23.
Nugnes
F, Laudonia S, Jesu G, Jansen MGM, Bernardo U, Porcelli F (2020)
Aleurocanthus spiniferus
(Hemiptera: Aleyrodidae) in some European countries: diffusion, hosts, molecular characterization, and natural enemies.
Insects
11
(1), 42.
https://doi.org/10.3390/insects11010042
Tian Y, Zhao Y, Zhou J, Sun T, Luo X, Kurowski C, Gong W, Hu B, Walcott RR (2020). Prevalence of
Acidovorax citrulli
in commercial cucurbit seedlots during 2010-2018 in China.
Plant Disease
104
(1), 255-259.
https://doi.org/10.1094/PDIS-03-19-0666-RE"
LAPHFR,Spodoptera frugiperda,2020/031,First report of Spodoptera frugiperda in Australia,2020-02,https://gd.eppo.int/reporting/article-6709,"EPPO Reporting Service no. 02 - 2020
Num. article:
2020/031
First report of Spodoptera frugiperda in Australia
In February 2020,
Spodoptera frugiperda
(Lepidoptera: Noctuidae – EPPO A1 List) was reported for the first time in the Australian islands of Saibai and Erub, Torres Strait. In late January 2020, suspect lepidopteran specimens had been caught in pest-specific traps and their identity was confirmed by morphological and molecular methods. Surveys using traps are being carried out to delimit the extent of the infestation. The NPPO of Australia noted that there is no evidence of an established population of
S. frugiperda
on both islands. Eradication measures are being implemented in both islands.
The pest status of
Spodoptera frugiperda
in Australia is officially declared as:
Transient: actionable, under eradication.
Additional note
: Soon after this initial report in Torres Strait islands,
S. frugiperda
was also detected on the mainland. The first specimen was detected at Bamaga, in the Northern part of Queensland (Queensland Government, 2020-02).
Sources
IPPC website. Official Pest Reports – Australia (AUS-96/1 of 2020-02-07) First detection of
Spodoptera frugip
erda (fall armyworm) in Torres Strait.
https://www.ippc.int/en/countries/australia/pestreports/2020/02/first-detection-of-spodoptera-frugiperda-fall-armyworm-in-torres-strait/
Queensland Government. First mainland detection of fall armyworm. News release of 2020-02-19.
https://www.daf.qld.gov.au/news-media/media-centre/biosecurity/news/first-mainland-detection-of-fall-armyworm"
LAPHFR,Spodoptera frugiperda,2019/236,First report of Spodoptera frugiperda in the Philippines,2019-11,https://gd.eppo.int/reporting/article-6666,"EPPO Reporting Service no. 11 - 2019
Num. article:
2019/236
First report of Spodoptera frugiperda in the Philippines
In the Philippines,
Spodoptera frugiperda
(Lepidoptera: Noctuidae – EPPO A1 List) was first observed at the end of June 2019 at Piat, Cagayan province (Luzon). More specimens were then collected from other maize-growing areas in Cagayan and Ilocos Norte provinces (Luzon). The identity of the pest was confirmed by using morphological and molecular methods. As of October 2019, the pest has been found on maize in 66 municipalities and 17 cities in different regions of the country (in Luzon, Visayas, Mindanao island groups). The infested area is estimated to cover 224 ha. Official control measures are being implemented to limit the spread of the pest.
The pest status of
Spodoptera frugiperda
in the Philippines is officially declared a:
Present: at low prevalence
.
Sources
IPPC website. Official Pest Reports – Philippines (PHL-02/1 of 2019-10-28) Report of first detection of fall army worm (FAW) in the Republic of the Philippines.
https://www.ippc.int/en/countries/philippines/pestreports/2019/10/report-of-first-detection-of-fall-army-worm-faw-in-the-republic-of-the-philippines/"
LAPHFR,Spodoptera frugiperda,2019/200,New EU Regulations,2019-10,https://gd.eppo.int/reporting/article-6630,"EPPO Reporting Service no. 10 - 2019
Num. article:
2019/200
New EU Regulations
Emergency measures against
Tomato brown rugose fruit virus
The EU Commission has established emergency measures to prevent the introduction into, and the spread within the EU of
Tomato brown rugose fruit virus
(
Tobamovirus,
ToBRFV- EPPO Alert List). This Decision will apply from 1 November 2019 until 31 March 2022 (EU, 2019a).
List of priority pests
The EU recently published a list of 20 priority pests (as defined in Article 6(2) of Regulation (EU) 2016/2031). For these specific pests, EU Member States will have to adopt enhanced provisions: information campaigns to the public if the pests are present in their territory, implement annual surveys, prepare contingency plans, simulation exercises and action plans for eradication. The priority pests are as follows:
Agrilus anxius, Agrilus planipennis, Anastrepha ludens, Anoplophora chinensis, Anoplophora glabripennis, Anthonomus eugenii, Aromia bungii, Bactericera cockerelli, Bactrocera dorsalis, Bactrocera zonata, Bursaphelenchus xylophilus, Candidatus
Liberibacter spp. causal agents of Huanglongbing disease of citrus/citrus greening
, Conotrachelus nenuphar, Dendrolimus sibiricus, Phyllosticta citricarpa, Popillia japonica, Rhagoletis pomonella, Spodoptera frugiperda, Thaumatotibia leucotreta, Xylella fastidiosa
(EU, 2019b).
Other Implementing Regulations
Other Implementing Regulations were published earlier in 2019 and will apply from 14 December 2019:
All plants (including living parts of plants) will need to be accompanied by a phytosanitary certificate to enter into the EU, unless they are listed in Commission Implementing Regulation (EU) 2018/2019.
Commission Implementing Regulation (EU) 2018/2019 establishes the list of high risk plants, the introduction of these plants into the EU territory will be provisionally prohibited from 14 December 2019 until a full risk assessment has been carried out.
Sources
EU (2016) Regulation (EU) 2016/2031 of the European Parliament of the Council of 26 October 2016 on protective measures against pests of plants, amending Regulations (EU) No 228/2013, (EU) No 652/2014 and (EU) No 1143/2014 of the European Parliament and of the Council and repealing Council Directives 69/464/EEC, 74/647/EEC, 93/85/EEC, 98/57/EC, 2000/29/EC, 2006/91/EC and 2007/33/EC.
http://data.europa.eu/eli/reg/2016/2031/oj
EU (2018) Commission Implementing Regulation (EU) 2018/2019 of 18 December 2018 establishing a provisional list of high risk plants, plant products or other objects, within the meaning of Article 42 of Regulation (EU) 2016/2031 and a list of plants for which phytosanitary certificates are not required for introduction into the Union, within the meaning of Article 73 of that Regulation. OJ L 323, 10–15,
http://data.europa.eu/eli/reg_impl/2018/2019/oj
EU (2019a) Commission Implementing Decision (EU) 2019/1615 of 26 September 2019 establishing emergency measures to prevent the introduction into and the spread within the Union of Tomato brown rugose fruit virus (ToBRFV). OJ L 250, 91-94,
http://data.europa.eu/eli/dec_impl/2019/1615/oj
EU (2019b) Commission Delegated Regulation (EU) 2019/1702 of 1 August 2019 supplementing Regulation (EU) 2016/2031 of the European Parliament and of the Council by establishing the list of priority pests. OJ L 260, 8–10,
http://data.europa.eu/eli/reg_del/2019/1702/oj
New EU plant health rules:
https://ec.europa.eu/food/plant/plant_health_biosecurity/legislation/new_eu_rules_en"
LAPHFR,Spodoptera frugiperda,2019/180,First report of Spodoptera frugiperda in Nepal,2019-09,https://gd.eppo.int/reporting/article-6610,"EPPO Reporting Service no. 09 - 2019
Num. article:
2019/180
First report of Spodoptera frugiperda in Nepal
Following the detection of
Spodoptera frugiperda
(Lepidoptera: Noctuidae – EPPO A1 List) in India, the NPPO of Nepal initiated specific surveys on its territory. In January 2019, the first suspicious insect specimens were collected but at that time, they were identified as
Spodoptera litura
. More samples were collected in maize (
Zea mays
) fields in the districts of
Chitwan, Kavrepalanchowk, Nawalpur and Sindhupalchowk,
and in August 2019, the identity of
S. frugiperda
was confirmed by morphological and molecular methods.
The pest status of
Spodoptera frugiperda
in Nepal is officially declared as:
Present: only in some areas.
Sources
IPPC website. Official Pest Reports – Nepal (NPL-04/3 of 2019-08-13)
Spodoptera frugiperda
(Fall Armyworm).
https://www.ippc.int/en/countries/nepal/pestreports/2019/08/spodoptera-frugiperda-fall-armyworm/"
LAPHFR,Spodoptera frugiperda,2019/179,First report of Spodoptera frugiperda in Gabon,2019-09,https://gd.eppo.int/reporting/article-6609,"EPPO Reporting Service no. 09 - 2019
Num. article:
2019/179
First report of Spodoptera frugiperda in Gabon
In Gabon,
Spodoptera frugiperda
(Lepidoptera: Noctuidae – EPPO A1 List) was first observed in 2017 in the provinces of Estuaire and Haut-Ogooué. Following these first observations, official surveys were carried out in the 9 provinces of Gabon mainly in maize (
Zea mays
) crops, but also in rice (
Oryza sativa
), sugarcane (
Saccharum officinale
) and vegetable crops, to determine the extent of the outbreak. Survey results confirmed the presence of
S. frugiperda
in the 9 provinces of Gabon (in order of decreasing incidence: Woleu-Ntem,Ogooué Ivindo, Estuaire, Moyen Ogooué, Ngounié, Haut Ogooué, Nyanga, Ogooué Maritime, Ogooué Lolo). The pest was mainly found in maize crops, but it was also observed in sugarcane in the province of Nyanga. A national action plan has been elaborated to manage
S. frugiperda
in Gabon.
The pest status of
Spodoptera frugiperda
in Gabon is officially declared as:
Present: in all parts of the area.
Sources
IPPC website. Official Pest Reports – Gabon (GAB-03/2 of 2019-08-28) Signalement de la chenille légionnaire d'automne (CLA) au Gabon.
http
IPPC website. Official Pest Reports – Gabon (GAB-03/2 of 2019-08-28) Signalement de la chenille légionnaire d'automne (CLA) au Gabon.
https://www.ippc.int/en/countries/gabon/pestreports/2019/08/signalement-de-la-chenille-legionnaire-dautomne-cla-au-gabon/
s://www.ippc.int/en/countries/gabon/pestreports/2019/08/signalement-de-la-chenille-legionnaire-dautomne-cla-au-gabon/"
LAPHFR,Spodoptera frugiperda,2019/139,First report of Spodoptera frugiperda in Indonesia,2019-07,https://gd.eppo.int/reporting/article-6569,"EPPO Reporting Service no. 07 - 2019
Num. article:
2019/139
First report of Spodoptera frugiperda in Indonesia
During official surveys,
Spodoptera frugiperda
(Lepidoptera: Noctuidae – EPPO A1 List) was first found in April 2019 in a maize (
Zea mays
) field in Sumatra (West Sumatra province), Indonesia. The pest was then found in several localities of West Sumatra and other provinces of the island, as well as in Java (Banten, Central Java, West Java provinces) and Kalimantan (East Kalimantan, North Kalimantan provinces). Official control measures are being applied to limit the spread of
S. frugiperda
and include surveillance activities and public awareness raising campaigns. Research studies are being carried out to better understand the biology and ecology of the pest and to develop Integrated Pest Management strategies.
The pest status of
Spodoptera frugiperda
in Indonesia is officially declared as:
Present: only in some areas.
Sources
IPPC website. Official Pest Reports – Indonesia (IDN-04/1 of 2019-07-11) The occurrence of fall armyworm (
Spodoptera frugiperda
) in Indonesia.
https://www.ippc.int/en/countries/indonesia/pestreports/2019/07/the-occurence-of-fall-armyworm-spodoptera-frugiperda-in-indonesia/"
LAPHFR,Spodoptera frugiperda,2019/138,First report of Spodoptera frugiperda in Japan,2019-07,https://gd.eppo.int/reporting/article-6568,"EPPO Reporting Service no. 07 - 2019
Num. article:
2019/138
First report of Spodoptera frugiperda in Japan
In Japan, larvae of
Spodoptera frugiperda
(Lepidoptera: Noctuidae – EPPO A1 List) were identified in July 2019 by the NPPO in a maize (
Zea mays
) field in Minamikyushu city, Kagoshima Prefecture. This is the first time that this pest is reported from Japan. Official surveys are being conducted to delimit the infested area and control measures have already been taken in the maize field concerned.
The pest status of
Spodoptera frugiperda
in Japan is officially declared as:
Transient: actionable, under eradication.
Sources
IPPC website. Official Pest Reports – Japan (JPN-08/6 of 2019-07-03) Report of first detection of
Spodoptera frugiperda
– Fall armyworm (FAW) in Japan.
https://www.ippc.int/en/countries/japan/pestreports/2019/07/report-of-first-detection-of-spodoptera-frugipedera-fall-armyworm-faw-in-japan/"
LAPHFR,Spodoptera frugiperda,2019/137,First report of Spodoptera frugiperda in the Republic of Korea,2019-07,https://gd.eppo.int/reporting/article-6567,"EPPO Reporting Service no. 07 - 2019
Num. article:
2019/137
First report of Spodoptera frugiperda in the Republic of Korea
In June 2019, the NPPO of the Republic of Korea declared the first detection of
Spodoptera frugiperda
(Lepidoptera: Noctuidae – EPPO A1 List) on its territory. Larvae of
S. frugiperda
were identified in 4 maize (
Zea mays
) fields on the island of Jeju (3 in Chujwa-eup and 1 in Jocheon-eup). The damage rate was low (1-5%). The identity of the pest was confirmed by molecular techniques (DNA barcoding). Phytosanitary measures were applied to eradicate the pest.
The pest status of
Spodoptera frugiperda
in the Republic of Korea is officially declared as:
Transient: actionable, under eradication.
Sources
IPPC website. Official Pest Reports – Republic of Korea (KOR-08/2 of 2019-06-21) Report of first detection of fall armyworm (FAW) in Republic of Korea.
https://www.ippc.int/en/countries/republic-of-korea/pestreports/2019/06/report-of-first-detection-of-fall-armywormfaw-in-republic-of-korea/"
LAPHFR,Spodoptera frugiperda,2019/136,First report of Spodoptera frugiperda in Egypt,2019-07,https://gd.eppo.int/reporting/article-6566,"EPPO Reporting Service no. 07 - 2019
Num. article:
2019/136
First report of Spodoptera frugiperda in Egypt
In June 2019, the NPPO of Egypt declared the first detection of
Spodoptera frugiperda
(Lepidoptera: Noctuidae – EPPO A1 List) on its territory. During a specific survey which had been carried out in all governorates of Upper Egypt since January 2019, 119 adult specimens of
S. frugiperda
were caught in pheromone traps in two locations (Kom Ombo, Edfo) in the governorate of Aswan. These traps had been placed in maize (
Zea mays
) fields.
The pest status of
Spodoptera frugiperda
in Egypt is officially declared as:
Present: only in some areas.
Sources
IPPC website. Official Pest Reports – Egypt (EGY-01/1 of 2019-06-23) Report of first detection of
Spodoptera frugiperda
– Fall armyworm (FAW) in Egypt.
https://www.ippc.int/en/countries/egypt/pestreports/2019/06/report-of-first-detection-of-spodoptera-frugiperda-fall-armyworm-faw-in-egypt/"
LAPHFR,Spodoptera frugiperda,2019/133,New data on quarantine pests and pests of the EPPO Alert List,2019-07,https://gd.eppo.int/reporting/article-6563,"EPPO Reporting Service no. 07 - 2019
Num. article:
2019/133
New data on quarantine pests and pests of the EPPO Alert List
By searching through the literature, the EPPO Secretariat has extracted the following new data concerning quarantine pests and pests included (or formerly included) on the EPPO Alert List, and indicated in bold the situation of the pest concerned using the terms of ISPM no. 8.
New records
Drosophila suzukii
(Diptera: Drosophilidae - EPPO A2 List) is first reported from Georgia. Two specimens were trapped in autumn 2017 in the Ajara region (Japoshvili
et al
., 2018).
Present, only in some areas.
Prodiplosis longifila
(Diptera: Cecidomyiidae - EPPO A1 List) was first reported from Bolivia in 2016 on the native plant
Jatropha clavuligera
(Euphorbiaceae) during surveys carried out to identify potential biocontrol agents against
J. gossypifolia
, an invasive plant in Australia.
P. longifila
induced rosette galls on shoots, which is different from symptoms observed on other host plants in countries where
P. longifila
occurs.
P. longifila
also induced rosette galls on
J. gossypifolia
during experiments. Surveys were done in fields of tomato, potato, orange, bell pepper and cotton in the vicinity of infested
J. clavuligera
, but no damage was observed. Terminal shoots of tomato, orange and cotton were examined under a stereomicroscope but no larvae of
P. longifila
could be found. It is noted that there is no record of
P. longifila
as a pest on any crops in Bolivia (Dhileepan
et al
., 2017)
According to the ‘FAO map of areas affected by fall armyworm in Africa and Asia’,
Spodoptera frugiperda
(Lepidoptera: Noctuidae – EPPO A1 List) was first found in 2019 in Indonesia (see
RS 2019/139
for more details), Laos, Malaysia and Vietnam (FAO, 2019).
Present, no details.
Trilocha varians
(Lepidoptera: Bombycidae) is first reported from Cyprus. This insect was found in 14
Ficus
trees in a public site (NPPO of Cyprus, 2019-02). This pest of
Ficus
trees originates in Asia and is known to occur in Southern China, India, Indonesia (Java, Sumatra), Myanmar, Nepal, Taiwan, Thailand and Vietnam (
Kedar
et al
., 2014).
The pest status of
Trilocha varians
in
Cyprus
is officially declared as:
Transient, actionable, under surveillance.
Tuta absoluta
(Lepidoptera: Gelechiidae – EPPO A2 List) was first found in Burundi in 2018. The pest was trapped during a survey conducted from March to July 2018 in 3 tomato (
Solanum lycopersicum
) farms and 1 garden in Western Burundi. Damage on tomato leaves and fruit was observed in all studied sites (Ndayizeye
et al
., 2019).
Present, only in some areas.
Detailed records
In Italy,
Aleurocanthus spiniferus
(Hemiptera: Aleyrodidae – EPPO A2 List) was first found in 2008 in Puglia region (EPPO
RS 2008/092
, 2010/147). In 2017,
A. spiniferus
was found in Campania and Lazio regions (EPPO
RS 2017/157
).
In 2018, it was found in Basilicata region on 7 citrus trees in an urban garden in Montalbano Jonico. Phytosanitary treatments were applied
(NPPO of Italy, 2019). EFSA (2018) also states that it was found in 2018 in Emilia-Romagna (Bologna).
The pest status of
Aleurocanthus spiniferus
in Italy is officially declared as:
Present, only in some parts of the Member State concerned.
Crisicoccus pini
(Hemiptera: Pseudococcidae – EPPO Alert List) occurs in Hong Kong, China
.
A single specimen was collected from
Pinus massoniana
in the Tai Lung Experimental Station (Martin and Lau, 2011).
In Portugal
Meloidogyne luci
(EPPO Alert list)
was first detected in 2013 in a potato field
near Coimbra
(RS 2017-217). In December 2017, it was found in 2 new locations (Figueira da Foz and Montemor-o-Velho) also in the region of Coimbra, infecting tomato (
Solanum lycopersicum
) as well as two new host plants: the ornamental plant
Cordyline australis
, and the weed
Oxalis corniculata
(Santos
et al
., 2019).
Spodoptera frugiperda
(Lepidoptera: Noctuidae – EPPO A1 List) occurs in Madhya Pradesh, India, where it attacks maize (
Zea mays
) crops (Mahadeva Swamy
et al
., 2018).
In Poland, an outbreak of
Tomato spotted wilt virus
(
Tospovirus
, TSWV – EPPO A2 List) was found in a nursery producing plants for planting of chrysanthemum in Rzgów. All plants from contaminated lots were destroyed (burned) (NPPO of Poland, 2018-04).
The pest status of
Tomato spotted wilt virus
in Poland is officially declared as:
Present, only in some parts of the Member State concerned.
Eradication
An incursion of
Thaumatotibia leucotreta
(Lepidoptera: Tortricidae – EPPO A2 List) was reported in Germany in June 2018, in a glasshouse producing
Capsicum annuum
fruit (EPPO
RS 2018/160
). Surveys were conducted with traps and/or visual inspections of plants and fruit from September 2018 to May 2019 and the pest was no longer detected (NPPO of Germany, 2019).
The pest status of
Thaumatotibia leucotreta
in Germany is officially declared as:
Absent, pest eradicated.
Host plants
In China,
Ralstonia pseudosolanacearum
(EPPO A2 List) has been causing severe damage in fields of
sacha inchi (
Plukenetia volubilis,
Euphorbiaceae) in Hainan Province since 2016. The cultivation of this perennial plant native to Peru is increasing worldwide because its edible seeds are rich in omega-3 (Wang
et al
., 2018).
In Brazil,
Tomato chlorosis virus
(
Crinivirus
, ToCV – EPPO A2 List) was detected for the first time naturally infecting
Nicandra physaloides
plants in Goiás State and Federal District. This weed is often found in tomato fields in Brazil (Souza
et al
., 2019). It is considered to be an invasive alien plant in some EPPO countries.
Sources
Dhileepan K, Neser S, Rumiz D, Raman A, Sharma A (2017) Host associations of gall-inducing
Prodiplosis
longifila
(Diptera: Cecidomyiidae) from Bolivia: Implications for its use as a biological control agent for
Jatropha gossypiifolia
(Euphorbiaceae).
Florida Entomologist
100
(4), 777-786.
https://doi.org/10.1653/024.100.0402
EFSA Plant Health Panel, Bragard C, Dehnen-Schmutz K, Di Serio F, Gonthier P, Jacques M-A, Jaques Miret JA, Justesen AF, Magnusson CS, Milonas P,Navas-Cortes JA, Parnell S, Potting R, Reignault PL, Thulke H-H, Van der Werf W, Vicent Civera A,Yuen J, Zappalà L, Navarro MN, Kertesz V, Czwienczek E and MacLeod A (2018) Scientific Opinion on the pest categorisation of
Aleurocanthus
spp.
EFSA Journal 2018
16
(10):5436, 31 pp.
https://doi.org/10.2903/j.efsa.2018.5436
FAO (2019) FAO in emergencies. Map of areas affected by fall armyworm in Africa and Asia.
http://www.fao.org/emergencies/resources/maps/detail/en/c/902959/
Japoshvili G, Dzneladze N, Kirkitadze G Kiss B Kaydan MB (2018) A new and dangerous pest for the Caucasus –
Drosophila suzukii
(Matsumura, 1931) (Diptera: Drosophilidae).
Annals of Agrarian Science
16
(4), 464-465.
Kedar SC, Kumaranag KM and Saini RK (2014) First report of
Trilocha
(=
Ocinara
)
varians
and its natural enemies on
Ficus
spp. from Haryana, India.
Journal of Entomology and Zoology Studies
2
(4), 268-270.
Mahadeva Swamy HM, Asokan R, Kalleshwaraswamy CM, Sharanabasappa, Prasad YG, Maruthi Ms, Shashank PR, Devi NI, Surakasula A, Adarsha S, Srinivas A, Rao S, Vidyasekhar, Shali Raju M, Shyam Sunder Reddy G, Nagesh SN (2018) Prevalence of ‘R’ strain and molecular diversity of fall army worm
Spodoptera frugiperda
(J.E. Smith) (Lepidoptera: Noctuidae) in India. Indian
Journal of Entomology
80
(3), 544-553. DOI: 10.5958/0974-8172.2018.00239.0
Martin JH, Lau CSK (2011) The Hemiptera-Sternorrhyncha (Insecta) of Hong Kong, China - An annotated inventory citing voucher specimens and published records.
Zootaxa
2847
, 1–122.
Ndayizeye L, Manirakiza O, Ntashavu D, Ddayikeza L, Mbarushimana D (2019) First record of
Tuta absoluta
(Meyrick) (Lepidoptera: Gelechiidae) in Burundi.
EPPO Bulletin
49
(early view) DOI: 10.1111/epp.12567
NPPO of Cyprus (2019-02)
NPPO of Germany (2019-06)
NPPO of Italy (2019-06).
Santos D, Correia A, Abrantes I, Maleita C (2019) New hosts and records in Portugal for the root-knot nematode
Meloidogyne luci
.
Journal of Nematology
51
, e2019-03. DOI: 10.21307/jofnem-2019-003
Souza TA, Macedo MA, Inoue-Nagata AK (2019) Natural infection of apple-of-Peru (
Nicandra physaloides
) with
Tomato chlorosis virus
in Brazil.
Plant Disease
103
(3), p 593.
https://doi.org/10.1094/PDIS-03-18-0399-PDN
Wang GF, LI H, Zhou Y, Yang LY, Ding ZJ, Huang JS, Pan BZ (2018) Bacterial wilt of sacha inchi (
Plukenetia volubilis
) caused by
Ralstonia pseudosolanacearum
Phylotype I in Southern China.
Plant Disease
103
(2), p 364.
https://doi.org/10.1094/PDIS-04-18-0615-PDN"
LAPHFR,Spodoptera frugiperda,2019/053,Spodoptera frugiperda continues to spread in Asia,2019-03,https://gd.eppo.int/reporting/article-6483,"EPPO Reporting Service no. 03 - 2019
Num. article:
2019/053
Spodoptera frugiperda continues to spread in Asia
Soon after invading the African continent,
Spodoptera frugiperda
(Lepidoptera: Noctuidae – EPPO A1 List) was found in Asia, first in India (EPPO
RS 2018/154
) and then in China (Yunnan – EPPO
RS 2019/029
), Myanmar (EPPO
RS 2019/005
) and Thailand (EPPO
RS 2019/006
). More recently, records of the pest in new areas have been made on the Asian continent.
In India,
S. frugiperda
was first found in May 2018 in Karnataka. The pest then rapidly spread to other Indian states on crops of maize (
Zea mays
), sorghum (
Sorghum
spp.) and millet (
Eleusine coracana -
finger millet,
Panicum sumatrense
- little millet,
Pennisetum glaucum
- pearl millet,
Setaria italica
- foxtail millet)
. As of March 2019, the presence of
S. frugiperda
was confirmed in the following Indian states: Andhra Pradesh, Bihar*, Chhattisgarh*, Gujarat*, Karnataka, Maharashtra, Orissa*, Tamil Nadu, Telangana*, and West Bengal*.
Finally, outbreaks of
S. frugiperda
have recently been confirmed in Bangladesh and Sri Lanka.
_________
* new detailed records.
Sources
INTERNET
FAO. Briefing note on FAO actions on fall armyworm of 2019-03-05.
http://www.fao.org/3/BS183E/bs183e.pdf
ICRISAT Happenings Newsletter. Global scientists join forces to battle fall armyworm in India.
https://www.icrisat.org/global-scientists-join-forces-to-battle-fall-armyworm-in-india/
Padhee AK, Prasanna BM (2019) The emerging threat of fall armyworm in India.
Indian Farming
69
(1), 51-54.
Sarfaraz A, Masoor Z, Masroor MD (2018) First record of the fall armyworm, Spodoptera frugiperda (J. E. Smith, 1797) (Lepidoptera: Noctuidae), an evil attack on paddy in Magadh, Bihar (India).
Journal of Emerging Technologies and Innovative Research (JETIR)
5
(12), 546-549.
Sisodiya DB, Raghunandan BL, Bhatt NA, Verma HS, Shewale CP, Timbadiya BG, Borad PK (2018) The fall armyworm,
Spodoptera frugiperda
(J.E. Smith) (Lepidoptera: Noctuidae); first report of new invasive pest in maize fields of Gujarat, India.
Journal of Entomology and Zoology Studies
6
(5), 2089-2091.
Sonali D, Nandita P (2018) First report of fall armyworm,
Spodoptera frugiperda
(J.E. Smith), their nature of damage and biology on maize crop at Raipur, Chhattisgarh.
Journal of Entomology and Zoology Studies
6
(6), 219-221."
LAPHFR,Spodoptera frugiperda,2019/029,First report of Spodoptera frugiperda in China,2019-02,https://gd.eppo.int/reporting/article-6459,"EPPO Reporting Service no. 02 - 2019
Num. article:
2019/029
First report of Spodoptera frugiperda in China
On the 2019-01-29, the first detection of
Spodoptera frugiperda
(Lepidoptera: Noctuidae – EPPO A1 List) in China was officially announced on the IPPC website. The pest was found in Puer city and Dehong, Yunnan province. Emergency measures were taken by the NPPO of China to monitor and control the spread of
S. frugiperda
, as well as to increase cooperation with other fall armyworm-infested countries.
The situation of
Spodoptera frugiperda
in China can be described as follows:
Present: only in some areas (Yunnan province), under official control.
Sources
IPPC (2019) First detection of fall armyworm in China.
https://www.ippc.int/fr/news/first-detection-of-fall-armyworm-in-china/"
LAPHFR,Spodoptera frugiperda,2019/007,First report of Spodoptera frugiperda in Yemen,2019-01,https://gd.eppo.int/reporting/article-6437,"EPPO Reporting Service no. 01 - 2019
Num. article:
2019/007
First report of Spodoptera frugiperda in Yemen
Acccording to recent information collected by FAO,
Spodoptera frugiperda
(Lepidoptera: Noctuidae – EPPO A1 List) was found for the first time in Yemen at the end of July 2018. In order to follow the spread of
S. frugiperda
in Africa and the Arabian Peninsula, FAO has set up a monitoring and early warning system which can be consulted on the Internet. This website shows compiled results of surveys checking hundreds of thousands of plants and using numerous traps.
The situation of
Spodoptera frugiperda
in Yemen can be described as follows:
Present: only in some areas (first found in July 2018).
Sources
FAO (2018-12-13) Briefing note on FAO actions on fall armyworm.
http://www.fao.org/3/BS183E/bs183e.pdf
FAO (2019-01-14) FAW monitoring & early warning system (FAMEWS)
https://app.powerbi.com/view?r=eyJrIjoiMmFlOWQxMjctZjIwYy00MTdlLWJmMDgtMGM1ZWQ5YmZmNDQwIiwidCI6IjJmMDYwNjMyLTg4MDgtNGM5ZS05M2NmLTNmY2JkMWM1YTUxYiIsImMiOjh9&refresh=1&pageName=ReportSection0901c9217ada50684ad0"
LAPHFR,Spodoptera frugiperda,2019/006,First report of Spodoptera frugiperda in Thailand,2019-01,https://gd.eppo.int/reporting/article-6436,"EPPO Reporting Service no. 01 - 2019
Num. article:
2019/006
First report of Spodoptera frugiperda in Thailand
In December 2018, the NPPO of Thailand confirmed the first detection of
Spodoptera frugiperda
(Lepidoptera: Noctuidae – EPPO A1 List) on its territory. The insect was identified in samples which had been collected from maize (
Zea mays
) fields in the provinces of Kanchanaburi and Tak, close to the border with Myanmar. Official measures are being taken to limit the spread of the pest to other areas.
The pest status of
Spodoptera frugiperda
in Thailand is officially declared as:
Present: subject to official control.
Sources
IPPC website. Official Pest Reports – Thailand (THA-03/1 of 2018-12-19) First detection of fall armyworm on the border of Thailand.
https://www.ippc.int/en/countries/thailand/pestreports/2018/12/first-detection-of-fall-army-worm-on-the-border-of-thailand/"
LAPHFR,Spodoptera frugiperda,2019/005,First report of Spodoptera frugiperda in Myanmar,2019-01,https://gd.eppo.int/reporting/article-6435,"EPPO Reporting Service no. 01 - 2019
Num. article:
2019/005
First report of Spodoptera frugiperda in Myanmar
During official surveys conducted in maize (
Zea mays
) fields from August 2018 to January 2019 in different regions of Myanmar,
Spodoptera frugiperda
(Lepidoptera: Noctuidae – EPPO A1 List) was found in Mandalay and Ayeyawaddy regions. Within infested maize fields, egg masses attached to the maize whorls could be observed, as well as larvae and feeding damage on maize leaves (windowing and shot holes). The identity of the pest was confirmed by different laboratories in Myanmar and the USA. Surveys are continuing across Myanmar to evaluate the extent of the infestation.
The pest status of
Spodoptera frugiperda
in Myanmar is officially declared as:
Present: subject to official control.
Sources
IPPC website. Official Pest Reports – Myanmar (MMR-19/6 of 2019-01-14) First detection report of the fall armyworm
Spodoptera frugiperda
(Lepidoptera: Noctuidae) on maize in Myanmar.
https://www.ippc.int/en/countries/myanmar/pestreports/2019/01/first-detection-report-of-the-fall-armyworm-spodoptera-frugiperda-lepidoptra-noctuidae-on-maize-in-myanma/"
LAPHFR,Spodoptera frugiperda,2019/004,New data on quarantine pests and pests of the EPPO Alert List,2019-01,https://gd.eppo.int/reporting/article-6434,"EPPO Reporting Service no. 01 - 2019
Num. article:
2019/004
New data on quarantine pests and pests of the EPPO Alert List
By searching through the literature, the EPPO Secretariat has extracted the following new data concerning quarantine pests and pests included (or formerly included) on the EPPO Alert List, and indicated in bold the situation of the pest concerned using the terms of ISPM no. 8.
New records
Haplaxius crudus
(Auchenorrhyncha: Cixiidae – EU Annexes) is a vector of Coconut lethal yellowing (EPPO A1 List). During studies conducted in Brazil, the insect was caught in the state of Para in May 2016. Yellow sticky traps had been placed in coconut plantations (
Cocos nucifera
Dwarf hybrids, Dwarf, and Brazilian Green Dwarf Jiqui), among Auchenorrhyncha specimens caught, 87% were identified as
H. crudus
(Silva
et al
., 2019).
Present, only in some areas.
In the United Kingdom,
Plantago asiatica mosaic virus
(
Potexvirus
, PlAMV) was found for the first time in April 2018 in a symptomatic sample of Oriental hybrid lily (
Lilium
sp.). This sample had been collected from a glasshouse nursery in Southern England where a few plants were showing symptoms of rust-coloured, necrotic streaking on the leaves. These plants had been grown from bulbs originating from the Netherlands. Measures were recommended to the grower to avoid any further spread (Harju
et al
., 2018).
Strawberry mild yellow edge virus
(
Potexvirus,
SMYEV - EU Annexes) was first reported in India, in Himachal Pradesh (Solan district). Strawberry (
Fragaria ananassa
) plants presented symptoms typical of viral infection in the form of mild mottling, cupping of leaflets and leaf deformation. The identity of the virus was confirmed by DAS-ELISA (Sharma
et al.
, 2018).
Present, only in some areas.
During surveys conducted in September 2014 in Azerbaijan, tomato samples were collected from different regions. Symptomatic samples collected in Absheron peninsula (near Baku) tested positive for
Tomato yellow leaf curl virus
(
Begomovirus
, TYLCV - EPPO A2 List). High populations of
Bemisia tabaci
(EPPO A2 List) were also observed. The virus was not detected in other regions although
B. tabaci
is present in the whole country (Verdin
et al.
, 2018).
Detailed records
In India,
Apriona germari
(Coleoptera: Cerambycidae - EPPO A1 List) occurs in
Arunachal Pradesh (Kumawat
et al
., 2015) and Meghalaya (Mitra
et al
., 2016).
During a study conducted in Indiana (US) over 2 years on 50 strains associated with bacterial spot of tomato (EPPO A2 List), 78% were identified as
Xanthomonas perforans
and 12% as
X. gardneri. X. euvesicatoria
was detected in 1 sample and
X. vesicatoria
was not detected in any sample (Egel
et al
., 2018).
Haplaxius crudus
(Auchenorrhyncha: Cixiidae – EU Annexes) is a vector of Coconut lethal yellowing (EPPO A1 List). Its presence in Mississippi (US) was first reported in 2018. In North America, it was previously known to occur only in Florida and Texas (Hill
et al
., 2018).
The presence of
Spodoptera frugiperda
(Lepidoptera: Noctuidae – EPPO A1 List) has been confirmed in Maharashtra, India (see EPPO
RS 2018/154
). The pest was found in September 2018 in several districts (Kolhapur, Pune, Sangli, Satara, and Solapur) feeding on sugarcane (
Saccharum officinarum
), and other crops such as maize, sorghum and sweet maize (respectively
Zea mays, Sorghum bicolor, Z. mays
subsp
. saccharata
). In the field, infestation levels ranged from 2% to 35%. The presence of natural enemies (
Campoletis chlorideae
(Hymenoptera: Ichneumonidae) and the entomopathogenic fungus
Nomuraea rileyi
) was observed but with a low incidence (Ankush
et al
., 2019).
Epidemiology
Bactericera maculipennis
(Hemiptera: Triozidae) can harbour ‘
Candidatus
Liberibacter solanacearum’ (EPPO A1 List, Solanaceae haplotypes).
B. maculipennis
often cohabits on weeds such as
Convolvulus arvensis
or
Lycium
sp. with the congeneric psyllid,
Bactericera cockerelli
(EPPO A1 List), the known vector of ‘
Ca
. L. solanacearum’ haplotypes A and B in the Pacific Northwestern United States. Results of laboratory tests demonstrated that ‘
Ca
. L. solanacearum’ can be transmitted between
B. cockerelli
and
B. maculipennis
on plants within the Convolvulaceae. However,
B. maculipennis
is not considered as a direct threat for potato (
Solanum tuberosum
) production as Liberibacter-infected
B. maculipennis
did not transmit the pathogen to potato plants (Borges
et al.
, 2017).
New pests and taxonomy
The fungus causing oak wilt previously called
Ceratocystis fagacearum
(EPPO A1 List -) has been reclassified into a new genus and should now be called
Bretziella
fagacearum
(de Beer
et al.,
2017).
Using next-generation sequencing, a new
Citrivirus
, tentatively called Citrus leaf blotch virus 2 (CLBV-2) has been detected in China. This virus was found on cultivated
Citrus tamurana
and
C. junos x C. grandis
trees showing chlorotic leaf blotches (Cao
et al.,
2018).
A mechanically transmissible virus tentatively called Melon chlorotic spot virus (MeCSV – most closely related to tenuiviruses) was isolated in Southeastern France from a melon (
Cucumis melo
) plant showing chlorotic spots and yellowing of the older leaves (Lecoq
et al
., 2018).
Sources
Ankush C, Naresh S, Sharanabasappa, Kalleshwaraswamy CM, Asokan R, Mahadeva Swamy HM (2019) First report of the fall armyworm,
Spodoptera frugiperda
(JE Smith) (Lepidoptera, Noctuidae) on sugarcane and other crops from Maharashtra, India.
Journal of Entomology and Zoology Studies
7
(1), 114-117.
Borges KM, Cooper WR, Garczynski SF, Thinakaran J, Jensen AS, Horton DR, Barcenas NM (2017) ‘
Candidatus
Liberibacter solanacearum’ associated with the psyllid,
Bactericera maculipennis
(Hemiptera: Triozidae).
Environmental Entomology
46
(2), 210–216.
https://doi.org/10.1093/ee/nvw174
Cao M, Li P, Zhang S, Yang F, Zhou Y, Wang X, Li R, Li Z (2018) Molecular characterization of a novel citrivirus from citrus using next-generation sequencing.
Archives of Virology
163
(12), 3479-348. DOI: 10.1007/s00705-018-4039-8 (via PestLens).
De Beer ZW, Marincowitz S, Duong TA, Wingfield MJ (2017)
Bretziella
, a new genus to accommodate the oak wilt fungus,
Ceratocystis fagacearum
(Microascales, Ascomycota).
MycoKeys
27
, 1-19.
https://doi.org/10.3897/mycokeys.27.20657
Egel DS, Jones JB, Minsavage GV, Creswell T, Ruhl G, Maynard E, Marchino C (2018) Distribution and characterization of Xanthomonas strains causing bacterial spot of tomato in Indiana.
Plant Health Progress
. DOI:10.1094/PHP-07-18-0041-BR
Harju V, Forde S, Tozer H, Dible A, Buxton Kirk A, Fowkes A, Skelton A, Fox A (2018)
Plantago asiatica mosaic virus
detected in
Lilium
in the UK.
New Disease Reports
38
, 25.
http://dx.doi.org/10.5197/j.2044-0588.2018.038.025
Hill JG, Seltzer JI, Hendon A, Bartlett CR (2018) First report of the American palm cixiid (Hemiptera: Cixiidae) from Mississippi, USA.
Transactions of the American Entomological Society
144
(3), 593-598 (abst.).
https://doi.org/10.3157/061.144.0310
Kumawat MM, Mamocha Singh K, Ramamurthy VV (2015) A checklist of the long-horned beetles (Coleoptera: Cerambycidae) of Arunachal Pradesh, northeastern India with several new reports.
Journal of Threatened Taxa
7
(12), 7879–7901.
http://dx.doi.org/10.11609/JoTT.o4007.7879-901
Lecoq H, Wipf-Scheibel C, Verdin C, Desbiez C (2018) Characterization of the first tenuivirus naturally infecting dicotyledonous plants.
Archives of Virology
DOI: 10.1007/s00705-018-4057-6 (via PestLens).
Mitra B, Das P, Chakraborti U, Mallick K & Majumder A (2016) Longhorn beetles (Cerambycidae: Coleoptera) of Meghalaya with eight new records.
Journal of Zoology Studies
3
(4), 39–47.
Sharma A, Handa A, Kappoor S, Shylla B (2018) First report of strawberry mild yellow edge virus in India.
International
Journal of Chemical Studies
6
(3), 662-664.
http://www.chemijournal.com/archives/2018/vol6issue3/PartJ/6-3-79-989.pdf
Silva FG, Passos EM, Diniz LEC, Teodora AV, Talamini V, Fernandes MF, Dollet M (2019) Occurrence in Brazil of
Haplaxius crudus
(Hemiptera: Cixiidae), vector of Coconut lethal yellowing.
Neotropical Entomology
(abst.).
https://doi.org/10.1007/s13744-018-0663-y
Verdin E, Desbiez C, Wipf-Scheibel C, Gognalons P, Kheyr-Pour A, Gronenborn B, Mirzayeva S, Sultanova N, Mammadov A, Huseynova I (2018) First report of tomato yellow leaf curl virus infecting tomato in Azerbaijan.
Journal of Plant Pathology
100
, p 335.
https://doi.org/10.1007/s42161-018-0050-x"
LAPHFR,Spodoptera frugiperda,2018/190,First report of Spodoptera frugiperda in Réunion,2018-10,https://gd.eppo.int/reporting/article-6384,"EPPO Reporting Service no. 10 - 2018
Num. article:
2018/190
First report of Spodoptera frugiperda in Réunion
The NPPO of France recently informed the EPPO Secretariat of the first record
of Spodoptera frugiperda
(Lepidoptera: Noctuidae – EPPO A1 List) in Réunion. The pest was discovered in September 2018 during specific surveys. The pest was found in 2 maize (
Zea mays
) production sites where only 1 to 2% of the plants were attacked. The identity of the pest was confirmed on the basis of its morphological characteristics by the French national reference laboratory (ANSES). Additional surveys will be carried out on the island of Réunion to better determine the extent of the infestation and official control measures are being elaborated.
The pest status of
Spodoptera frugiperda
in Réunion is officially declared as:
Present, only in some areas.
Sources
NPPO of France (2018-10)."
LAPHFR,Spodoptera frugiperda,2018/189,First report of Spodoptera frugiperda in Mayotte,2018-10,https://gd.eppo.int/reporting/article-6383,"EPPO Reporting Service no. 10 - 2018
Num. article:
2018/189
First report of Spodoptera frugiperda in Mayotte
The NPPO of France recently informed the EPPO Secretariat of the first record
of Spodoptera frugiperda
(Lepidoptera: Noctuidae – EPPO A1 List) in Mayotte. The pest was discovered in August 2018 during specific surveys. Larvae were found in 3 maize fields (
Zea mays
) in 2 different sites. It is noted that in one field, 90% of the area was infested by
S. frugiperda
and on some maize plants up to 7 larvae per plant were observed. The identity of the pest was confirmed on the basis of its morphological characteristics by the French national reference laboratory (ANSES). Additional surveys will be carried out in Mayotte to better determine the extent of the infestation and official control measures are being elaborated.
The pest status of
Spodoptera frugiperda
in Mayotte is officially declared as:
Present, only in some areas.
Sources
NPPO of France (2018-10)."
LAPHFR,Spodoptera frugiperda,2018/154,First report of Spodoptera frugiperda in India,2018-08,https://gd.eppo.int/reporting/article-6348,"EPPO Reporting Service no. 08 - 2018
Num. article:
2018/154
First report of Spodoptera frugiperda in India
The fall armyworm,
Spodoptera frugiperda
(Lepidoptera: Noctuidae – EPPO A1 List) has been identified for the first time in India. This is also a first record for Asia. In May 2018, the presence of the pest was noted in maize (
Zea mays
) fields within the campus of the University of Agricultural and Horticultural Sciences in Shivamogga, Karnataka.
S. frugiperda
was then observed in different districts of Karnataka. In August 2018,
S. frugiperda
was also reported in Andhra Pradesh. Damage and insect larvae were found in sweet maize grown at the farm of the Agricultural College of Tirupati, as well as in maize fields in the Pathasanambatla village (Chandragiri mandal, Chittoor district). On the Internet, records of
S. frugiperda
in other Indian states (Maharashtra, Tamil Nadu, and Telangana) were also published in August 2018 but need to be confirmed.
Considering the phytosanitary crisis caused by the introduction
S. frugiperda
in Africa, its discovery in India, in a rapidly growing number of States, is raising serious concerns.
Sources
INTERNET
Acharya N.G. Ranga Agricultural University (ANGRAU) Pest Alert (2018-08-09) Fall armyworm,
Spodoptera frugiperda
(J.E. Smith) (Lepidoptera: Noctuidae), an invasive pest on maize.
https://www.angrau.ac.in/pdf/Pest%20Alert-%20FAW-1.pdf
CABI. The invasive blog (2018-08-02) CABI warns of rapid spread of crop-devastating fall armyworm across Asia.
https://blog.invasive-species.org/2018/08/02/cabi-warns-of-rapid-spread-of-crop-devastating-fall-armyworm-across-asia/
CIMMYT (2018-08-13) ‘Fall armyworm reported in India: battle against the pest extends now to Asia’ by Cowan C and Johnson J.
https://www.cimmyt.org/fall-armyworm-reported-in-india-battle-against-the-pest-extends-now-to-asia/
ICAR-NBAIR. Pest Alert (2018-07-03)
Spodoptera frugiperda
(J. E. Smith) (Insecta: Lepidoptera).
http://www.nbair.res.in/recent_events/Pest%20Alert%2030th%20July%202018-new1.pdf
IITA (2018-08-04) Fall armyworm has reached the Indian subcontinent!
http://www.iita.org/news-item/fall-armyworm-has-reached-the-indian-subcontinent/
University of Agricultural and Horticultural Sciences in Shivamogga (2018-07-20) ‘Presence of fall armyworm,
Spodoptera frugiperda
(JE Smith) (Lepidoptera: Noctuidae), an invasive pest on maize in University jurisdiction’ by Sharanabasappa and Kalleshwara Swamy CM.
https://drive.google.com/file/d/1hEW58nhZViHPnRduCjRHVIfWhGASHLSH/view
Internet News (Maharashtra, Tamil Nadu and Telengana)
The Hindu (2018-08-20) Fall armyworm spreads to maize fields in Tiruchi.
https://www.thehindu.com/todays-paper/tp-national/tp-tamilnadu/fall-armyworm-spreads-to-maize-fields-in-tiruchi/article24733851.ece
The New Indian Express (2018-08-22) North American pest makes a debut in Telangana, officials worried.
http://www.newindianexpress.com/states/telangana/2018/aug/22/north-american-pest-makes-a-debut-in-telangana-officials-worried-1861078.html"
LAPHFR,Spodoptera frugiperda,2018/072,Useful publications on Spodoptera frugiperda,2018-04,https://gd.eppo.int/reporting/article-6266,"EPPO Reporting Service no. 04 - 2018
Num. article:
2018/072
Useful publications on Spodoptera frugiperda
Triggered by the invasion of Africa by
Spodoptera frugiperda
(Lepidoptera: Noctuidae – EPPO A1 List) and the phytosanitary crisis it created, the following useful documents have recently been published:
FAO (2017) Fall armyworm (FAW). Questions and Answers (Q&A). FAO, Rome, 4 pp.
http://www.fao.org/3/a-i7471e.pdf
FAO (2018) Integrated management of the fall armyworm on maize:  A guide for Farmer Field Schools in Africa, FAO, Rome, 119 pp.
http://www.fao.org/3/I8665EN/i8665en.pdf
Prasanna BM, Huesing JE, Eddy R, Peschke VM (eds) (2018) Fall armyworm in Africa: a guide for Integrated Pest Management. 1
st
edition. Mexico, CDMX: CIMMYT, 109 pp.
https://repository.cimmyt.org/xmlui/handle/10883/19204
Sources
EPPO Secretariat (2018-03)."
LAPHFR,Spodoptera frugiperda,2018/007,Spodoptera frugiperda continues to spread in Africa,2018-01,https://gd.eppo.int/reporting/article-6201,"EPPO Reporting Service no. 01 - 2018
Num. article:
2018/007
Spodoptera frugiperda continues to spread in Africa
In early 2016, outbreaks of
Spodoptera frugiperda
(Lepidoptera: Noctuidae – EPPO A1 List) were reported for the first time in Africa where high armyworm populations damaging maize (
Zea mays
) crops have been noticed (EPPO
RS 2016/188
, 2017/035, 2017/116, 2017/191, 2017/213). This phytosanitary crisis has prompted coordinated actions by FAO aiming to contain the pest. As of 2017-11-24,
S. frugiperda
has been officially confirmed in the following African countries (recent records are marked in bold and with an asterisk): Angola, Benin, Botswana, Burkina Faso, Burundi, Cameroon,
Cape Verde*,
Central African Republic, Congo (Democratic Republic of), Congo,
Côte d’Ivoire*,
Ethiopia, Gambia, Ghana,
Guinea Bissau*,
Guinea, Kenya,
Madagascar*,
Malawi, Mozambique, Namibia, Niger, Nigeria, Rwanda, Sao Tomé e Principe,
Senegal*, Seychelles*, Sierra Leone*, Somalia*,
South Africa, South Sudan, Swaziland, Tanzania, Togo, Uganda, Zambia, Zimbabwe.
In addition,
S. frugiperda
has been detected in Gabon, Mali, Sudan but its presence remains to be officially confirmed in these countries.
Sources
FAO (2017-11-24) Briefing note on fall armyworm (FAW) in Africa.
http://www.fao.org/3/a-bt415e.pdf"
LAPHFR,Spodoptera frugiperda,2017/213,Spodoptera frugiperda continues to spread in Africa,2017-11,https://gd.eppo.int/reporting/article-6181,"EPPO Reporting Service no. 11 - 2017
Num. article:
2017/213
Spodoptera frugiperda continues to spread in Africa
In early 2016, outbreaks of
Spodoptera frugiperda
(Lepidoptera: Noctuidae – EPPO A1 List) were reported for the first time in Africa where high armyworm populations damaging maize (
Zea mays
) crops have been noticed (EPPO
RS 2016/188
, 2017/035, 2017/116). According to a recent study published by CABI and UK Aid, the presence of the pest has now been confirmed from
Angola, Cameroon, Chad, Guinea, Republic of Congo, South Sudan.
The presence of the pest is also suspected in other African countries (Central African Republic, Côte d’Ivoire, Gabon, Liberia, Mali, Senegal, Sierra Leone) but this remains to be confirmed. In this study, impacts of the introduction of this major pest in Africa on maize crops have been estimated. In July 2017, a socio-economic survey has been conducted in Ghana and Zambia. The estimated national mean loss of maize in Ghana was 45% (ranging from 22 to 67%) and in Zambia 40% (ranging from 25 to 50%). Based on data collected from Ghana and Zambia, the potential impacts on maize yield and revenue in 10 other major maize-producing countries of Africa have been estimated. As a result, the estimated mean yield loss was 16 105 000 tonnes and the estimated economic loss ranged from 2 482 to 6 187 million USD. In addition to this analysis of economic impacts, recommendations are provided to NPPOs and farmers on the management of
S. frugiperda
.
Sources
Abrahams P, Bateman M, Beale T, Clottey V, Cock M, Colmenarez Y, Corniani N, Day R, Early R, Godwin Julien, Gomez J, Gonzalez Moreno P, Murphy ST, Oppong-Mensah B, Phiri N, Pratt C, Richards G, Silvestri S, Witt A (2017) Fall Armyworm: impacts and implications for Africa. Evidence Note (2), September 2017. CABI – UK Aid, 144 pp.
Summary version: [
Link
] - Full document: [
Link
]"
LAPHFR,Spodoptera frugiperda,2017/191,Spodoptera frugiperda continues to spread in Africa,2017-10,https://gd.eppo.int/reporting/article-6159,"EPPO Reporting Service no. 10 - 2017
Num. article:
2017/191
Spodoptera frugiperda continues to spread in Africa
In early 2016, outbreaks of
Spodoptera frugiperda
(Lepidoptera: Noctuidae – EPPO A1 List) were reported for the first time in Africa where high armyworm populations damaging maize (
Zea mays
) crops have been noticed (EPPO
RS 2016/188
, 2017/035, 2017/116). Since then, the following African countries have also reported the presence of the pest on their territory:
Angola, Central African Republic, Chad, and Congo.
Sources
INTERNET
FAO (2017-09-01) Briefing note on FAO actions on fall armyworm in Africa.
http://www.fao.org/3/a-bs183e.pdf"
LAPHFR,Spodoptera frugiperda,2017/116,Spodoptera frugiperda continues to spread in Africa,2017-06,https://gd.eppo.int/reporting/article-6084,"EPPO Reporting Service no. 06 - 2017
Num. article:
2017/116
Spodoptera frugiperda continues to spread in Africa
In early 2016, outbreaks of
Spodoptera frugiperda
(Lepidoptera: Noctuidae – EPPO A1 List) were reported for the first time in Africa where high armyworm populations damaging maize (
Zea mays
) crops have been noticed (EPPO
RS 2016/188
, 2017/035). Since these initial reports, other African countries have reported confirmed or suspected outbreaks of
S. frugiperda
, thus showing that the pest is rapidly spreading. This phytosanitary crisis has prompted coordinated actions by FAO aiming to contain the pest.
As of May 2017, the presence of
S. frugiperda
has been officially confirmed in the following African countries (recent records are indicated in bold): Benin,
Botswana
,
Burundi
,
Cameroon,
Congo (Democratic Republic of),
Ethiopia,
Ghana,
Kenya
, Malawi, Mozambique, Namibia, Nigeria,
Rwanda
, Sao Tomé e Principe, South Africa, Swaziland,
Tanzania
, Togo,
Uganda
, Zambia, Zimbabwe.
In addition,
S. frugiperda
has been detected in
Burkina Faso, Equatorial Guinea, Niger,
and
Sierra Leone
, but its presence remains to be officially confirmed in these countries.
Sources
FAO (2017-05-15) Briefing note on fall armyworm (FAW) in Africa.
http://www.fao.org/3/a-bs183e.pdf
IPPC website. Official Pest Reports – Cameroon (CMR-04/6 of 2017-06-02) First report of the fall army worm
Spodoptera frugiperda
in Cameroon.
https://www.ippc.int/en/countries/cameroon/pestreports/2017/06/first-report-of-the-fall-army-worm-spodoptera-frugiperda-in-cameroon/"
LAPHFR,Spodoptera frugiperda,2017/035,Spodoptera frugiperda continues to spread in Africa,2017-02,https://gd.eppo.int/reporting/article-6003,"EPPO Reporting Service no. 02 - 2017
Num. article:
2017/035
Spodoptera frugiperda continues to spread in Africa
In early 2016, outbreaks of
Spodoptera frugiperda
(Lepidoptera: Noctuidae – EPPO A1 List) were reported for the first time from Africa in Benin, Nigeria, São Tomé et Príncipe, and Togo (EPPO
RS 2016/188
). High armyworm populations damaging maize (Zea mays) crops have been noticed. Since these initial reports, other African countries have reported confirmed or suspected outbreaks of
S. frugiperda
, thus showing that the pest is rapidly spreading.
Ghana
: the presence of the pest has recently been confirmed by molecular methods (CABI, 2017).
Congo (Democratic Republic of Congo), Malawi, Mozambique, Namibia
: preliminary reports have indicated the possible presence of the pest.
South Africa:
the first verified specimens of
S. frugiperda
were detected in various locations in the Limpopo, Gauteng, North West and Mpumalanga provinces.
Swaziland:
the pest was first detected in Big Bend and Siphofaneni in the Eastern part of the country, and then in Lomahasha, Nkambeni and Mkhuzweni in the Northeastern part. Isolated cases have also been recorded in central and Western Swaziland in young maize fields. Delimiting surveys are being carried out and control strategies are being developed.
Present: only in some areas
(IPPC, 2017).
Zambia
: in a preliminary pest report, the NPPO of Zambia has announced that the presence of
S. frugiperda
on its territory was suspected (IPPC, 2017).
Zimbabwe:
the presence of the pest has been confirmed.
Sources
INTERNET
- CABI (2017-02-06). Scientists discover new crop-destroying armyworm is now ‘spreading rapidly’ in Africa.
http://www.cabi.org/news-and-media/2017/scientists-discover-new-crop-destroying-armyworm-is-now-spreading-rapidly-in-africa/
- FAO Regional Office for Africa (2017-02-03) Fall army worm outbreak, a blow to prospects of recovery for southern Africa.
http://www.fao.org/africa/news/detail-news/en/c/469532/
- Reuters (2017-02-22) Armyworm caterpillars ravage maize crop in southeast Congo.
http://www.reuters.com/article/us-congo-maize-armyworm-idUSKBN1611FJ
IPPC website. Official Pest Reports
- South Africa (ZAF-33/1 of 2017-02-10) First detection of fall army worm (
Spodoptera frugiperda
).
https://www.ippc.int/en/countries/south-africa/pestreports/2017/02/first-detection-of-fall-army-worm-spodoptera-frugiperda/
- Swaziland (SWZ-02/1) Detection of Fall Army Worm Spodoptera frugiperda in Swaziland.
https://www.ippc.int/en/countries/swaziland/pestreports/2017/02/detection-of-fall-army-worm-spodoptera-frugiperda-in-swaziland/
– Zambia (ZMB-02/2 of 2017-02-16) Preliminary report on fall Armyworm in Zambia.
https://www.ippc.int/en/countries/zambia/pestreports/2017/02/preliminary-report-on-fall-armyworm-in-zambia/"
LAPHFR,Spodoptera frugiperda,2016/188,"First reports of Spodoptera frugiperda in Benin, Nigeria, São Tomé et Príncipe, and Togo",2016-10,https://gd.eppo.int/reporting/article-5933,"EPPO Reporting Service no. 10 - 2016
Num. article:
2016/188
First reports of Spodoptera frugiperda in Benin, Nigeria, São Tomé et Príncipe, and Togo
Outbreaks of
Spodoptera frugiperda
(Lepidoptera: Noctuidae – EPPO A1 List) were reported for the first time from Africa in early 2016. When the first observations of armyworms were made in late January 2016 on maize plants in Southwestern Nigeria and in IITA (International Institute of Tropical Agriculture) maize fields at Ibadan and Ikenne, attacks were initially attributed to indigenous species of
Spodoptera
. However, later in the season, high armyworm populations were also reported from Northern Nigeria, Benin and Togo. In April 2016, the government of São Tomé et Príncipe called upon FAO to organize a mission and provide assistance to maize growers because of the presence of armyworms. Samples (larvae and adults) were collected from maize plants from several locations in West and Central Africa and sent to the IITA research station in Cotonou (Benin) for identification. These studies confirmed the presence of
S. frugiperda
in Benin, Nigeria, São Tomé et Príncipe, and Togo. Most samples were identified using the morphological characteristics of the pest. In addition to morphological identification methods, molecular tools were used to confirm the species identity on larval and adult specimens from Nigeria and São Tomé et Príncipe. These studies revealed the occurrence of at least two distinct haplotypes, thus suggesting that multiple introductions took place. It is considered that the introduction of
S. frugiperda
into the African continent is a serious threat to many important crops such as maize, millet, sorghum, rice, wheat and sugarcane, and may have adverse effects on export markets. It is concluded that the development of Integrated Pest Management programs are urgently needed to control
S. frugiperda
in Africa.
Sources
Goergen G, Kumar PL, Sankung SB, Togola A, Tamò M (2016) First report of outbreaks of the fall armyworm
Spodoptera frugiperda
(J E Smith) (Lepidoptera, Noctuidae), a new alien invasive pest in West and Central Africa. PLoS ONE 11(10): e0165632. doi:10.1371/journal.pone.0165632"
LAPHFR,Spodoptera frugiperda,2014/216,New data on quarantine pests and pests of the EPPO Alert List,2014-11,https://gd.eppo.int/reporting/article-3309,"EPPO Reporting Service no. 11 - 2014
Num. article:
2014/216
New data on quarantine pests and pests of the EPPO Alert List
By searching through the literature, the EPPO Secretariat has extracted the following new data concerning quarantine pests and pests included on the EPPO Alert List, and indicated in bold the situation of the pest concerned using the terms of ISPM no. 8.
New records
Glycaspis brimblecombei
(Hemiptera: Psyllidae – formerly EPPO Alert List) is recorded for the first time from Tunisia. During a survey carried out in August 2013, the pest was found along all coastal areas of Northeastern Tunisia (Ariana, Bizerte, Ben Arous, Nabeul, Sousse and Tunis governorates). Eucalyptus trees, in particular
Eucalyptus camaldulensis
, were found to be highly infested (Ben Attia and Rapisarda, 2014).
Present, first found in August 2013 along all coastal areas of Northeastern Tunisia.
Glycaspis brimblecombei
(Hemiptera: Psyllidae – formerly EPPO Alert List) occurs in South Africa. It was first found in 2012 on street and ornamental eucalyptus trees near Pretoria and in Gauteng province. It was then found in eucalyptus plantations (Mpumalanga, Limpopo and KwaZulu-Natal provinces) (Forestry and Agricultural Biotechnology Institute, 2013).
Present, first found in 2012 near Pretoria and then in several provinces (Gauteng, Limpopo, KwaZulu-Natal, Mpumalanga).
Glycaspis brimblecombei
(Hemiptera: Psyllidae – formerly EPPO Alert List) occurs in Colombia. It was first found in March 2012 in the municipality of Jerico (Antioquia department) (Instituto Colombiano Agropecuario, 2013).
Present locally, under official control.
During a study carried out in several Mediterranean countries, the presence of
Glycaspis brimblecombei
(Hemiptera: Psyllidae – formerly EPPO Alert List) has been detected in Algeria (near Algiers) and in Greece (Peloponnese). No damage was reported (Reguia and Peris-Felipo, 2013).
Present, no details.
In Spain, unusual symptoms (interveinal leaf mottling and yellowing, brittleness) were observed in September 2011 in commercial greenhouses of beans (
Phaseolus vulgaris
) in Granada and Almeria provinces (Andalucía). Diseased plants were all observed in glasshouses which were infested by
Bemisia tabaci
. The presence of
Lettuce chlorosis virus
(
Crinivirus
, LCV – formerly EPPO Alert List) was detected in diseased bean plants. Previously, this virus had only been recorded in California (US) infecting lettuce but not beans. Interestingly, the Spanish strain isolated from beans was not able to infect lettuce (Ruiz
et al
., 2014).
Potato spindle tuber viroid
(
Pospiviroid
, PSTVd – EPPO A2 List) is reported for the first time from the Dominican Republic. In spring 2013, PSTVd caused a severe disease outbreak in one tomato field. The origin of this infection is unknown (Ling
et al
., 2014).
Present, first found in 2013 in 1 tomato field.
The occurrence of maize redness (EPPO Alert List), associated with ‘
Candidatus
Phytoplasma solani’, has been confirmed in Bosnia and Herzegovina. From 2010 to 2012, symptoms of reddening followed by desiccation of the whole plant were frequently observed in maize fields in the Semberija region (Northeastern part of the country), causing significant economic losses. Recent studies confirmed the presence of ‘
Ca
. P. solani’ in diseased maize plants as well as in asymptomatic plants of Johnson grass (
Sorghum halepense
) and the insect vector,
Reptalus panzeri
(
Kovačević
et al
., 2014).
Present, frequently observed in maize fields since 2010 in the Semberija region.
Meloidogyne enterolobii
(EPPO A2 List) was detected for the first time in Mexico in 2012. It was identified in root samples collected at Riachuelos (Veracruz state) from watermelon plants (
Citrullus lanatus
cv. ‘Sunsugar’) showing yellowing, stunting and root galls (Ramírez-Suárez
et al
., 2014).
Present, first found in 2012 in Veracruz state infecting
Citrullus lanatus
.
Detailed records
Downy mildew of impatiens (
Plasmopara obducens
– formerly EPPO Alert List) was first found in continental USA in 2004. In 2011 and 2012, it caused severe and widespread outbreaks across continental USA, resulting in considerable economic losses. In 2013, the disease was also found throughout the Hawai’ian Islands (Oahu, Kauai, Maui, Hawai’i) (Crouch
et al.
, 2014).
In July 2013,
Ditylenchus dipsaci
(EPPO A2 List) was detected in garlic (
Allium sativum
) bulbs sent by a grower in Lorain county in Ohio (US) for analysis. This is the first time that
D. dipsaci
is reported from Ohio (Testen
et al
., 2014).
In Canada,
Heterodera glycines
(EPPO A2 List) was reported for the first time from Québec in 2014. It was previously only known to occur in Ontario. Second stage juveniles (J2) and cysts were found in St. Anicet in a 10 ha soybean field, close to the border with Ontario (Mimee
et al.
, 2014).
Scaphoideus titanus
(Hemiptera: Cidadellidae, vector of flavescence dorée), was caught for the first time in 2013 in Puglia (Italy). In this region, surveys have showed that at present only ‘
Candidatus
Phytoplasma solani’ is associated with grapevine yellows, but the presence of
S. titanus
is a threat to grapevine production in Southern Italy (Digiaro
et al
., 2014).
New host plants
During intensive surveys carried out in France on
Dothistroma
needle blight (associated with
Dothistoma septosporum
and
D. pini
), the presence of
D. pini
was detected on
Pinus radiata
in the Pyrénées-Atlantiques departement (Piou
et al
., 2014).
In Tunisia,
Tomato yellow leaf curl virus
and
Tomato yellow leaf curl Sardinia virus
(
Begomovirus
, both EPPO A2 List) have been detected in
Solanum elaeagnifolium
(EPPO A2 List). This may suggest that, in addition to being an invasive weed,
S. elaegnifolium
could act as a reservoir for tomato yellow leaf curl diseases (Zammouri ; Mnari-Hattab, 2014).
Diagnostics
A padlock-probe-based assay has been developed to simultaneously detect
Xanthomonas oryzae
pv
. oryzae
and
Xanthomonas oryzae
pv
. oryzicola
(both EPPO A1 List) in rice seeds (Tian
et al
., 2014).
Real-time PCR tests have been developed in the Netherlands for the identification of four
Spodoptera
species:
Spodoptera eridania, S. frugiperda, S. littoralis
and
S. litura
(Lepidoptera: Noctuidae – A1/A2 Lists). The new tests were found to be suitable for routine identification of all life stages of these four
Spodoptera
species (van de Vossenberg ; van der Straten, 2014).
Epidemiology
Pepino mosaic virus
(
Potexvirus
, PepMV – EPPO A2 List) had already been shown to be transmitted by unconventional modes through interactions with insects (
Macrolophus
caliginosus
and bumble bees), fungus (
Olpidium virulentus
) and hydroponic systems in glasshouses. Recent studies have shown that the whitefly,
Trialeurodes vaporariorum,
could also transmit the virus from tomato to tomato, although with a low efficiency (Noël
et al
., 2014).
Studies conducted in Serbia have confirmed that
Reptalus panzeri
(Hemiptera: Cixiidae) is a vector of bois noir (grapevine yellows associated with ‘
Candidatus
Phytoplasma solani’ – EPPO A2 List) (Cvrković
et al
., 2014).
Sources
Ben Attia S, Rapisarda C (2014) First record of the red gum lerp psyllid,
Glycaspis
brimblecombei
Moore (Hemiptera Psyllidae), in Tunisia.
Phytoparasitica
42
(4), 535-539.
Crouch JA, Ko MP, McKemy JM (2014) F
irst report of Impatiens downy mildew outbreaks caused by
Plasmopara obducens
throughout the Hawai’ian Islands.
Plant Disease
98
(5), p 696.
Cvrković
T, Jovi
ć
J, Mitrovi
ć
M, Krsti
ć
O, Toševski I (2014) Experimental and molecular evidence of
Reptalus panzeri
as a natural vector of bois noir.
Plant Pathology
63
(1), 42-53.
Digiaro M, Elbeaino T, Valentini F, Cornara D, Percoco A, Guario A, Porcelli F (2014) First record in Apulia of
Scaphoideus titanus
, the vector of flavescence dorée.
Journal of Plant Pathology
96
(2), p 439.
INTERNET
-Instituto Colombiano Agropecuario. Sistema de Alerta Fitosanitaria (2013-05-14) Reporte de
Glycaspis brimblecombei
Moore en el Departamento de Antioquia.
http://www.ica.gov.co/Alertas-Fitosanitarias/Notificacion-Oficial/Detalle-Notificacion-Oficial/Deteccion-de-Glycaspis-brimblecombei-Moore-en-el-D.aspx
-Foresty and Agricultural Biotechnology Institute. Pest Alert:
Glycaspis
brimblecombei
- red gum lerp psyllid.
http://src.fabinet.up.ac.za/tpcp/pdf/Glycaspis_Pest_Alert_update.pdf
Kovačević M,
Ðuri
ć Z, Jović J, Perković G, Lolić B, Hrnčić S, Toševski I, Delić D (2014) First report of stolbur phytoplasma associated with maize redness disease of maize in Bosnia and Herzegovina.
Plant Disease
98
(3), p 418.
Ling KS, Li R, Groth-Helms D, Assis-Filho FM (2014) First report of
Potato spindle tuber viroid
naturally infecting field tomatoes in the Dominican Republic.
Plant Disease
98
(5), p 701.
Mimee B, Peng H, Popovic V, Yu Q, Duceppe MO, Tétreault MP, Belair G (2014) First report of soybean cyst nematode (
Heterodera glycines
Ichinohe) on soybean in the province of Quebec, Canada.
Plant Disease
98
(3), p 429.
Nöel P, Hance T, Bragard C (2014) Transmission of the
Pepino mosaic virus
by whitefly.
European Journal of Plant Pathology
138
(1), 23-27.
Piou D, Ioos R (2014) First report of
Dothistroma pini
, a recent agent of the Dothistroma needle blight, on
Pinus radiata
in France.
Plant Disease
98
(6), 841-842.
Ramírez-Suárez A, Rosas-Hernández L, Alcasio-Rangel S, Powers TO (2014) First report of the root-knot nematode
Meloidogyne enterolobii
parasitizing watermelon from Veracruz, Mexico.
Plant Disease
98
(3), 428-429.
Reguia K, Peris-Felipo FJ (2013)
Glycaspis brimblecombei
Moore, 1964 (Hemiptera Psyllidae) invasion and new records in the Mediterranean area.
Biodiversity Journal
4
(4), 501-506.
Ruiz ML, Simón A, García MC, Janssen D (2014) First report of
Lettuce chlorosis virus
infecting bean in Spain.
Plant Disease
98
(6), p 857.
Testen AL, Walsh EK, Taylor CG, Miller SA, Lopez-Nicora HD (2014) First report of bloat nematode (
Ditylenchus dipsaci
) infecting garlic in Ohio.
Plant Disease
98
(6), 859-860.
Tian Y, Zhao Y, Xu R, Liu F, Hu B, Walcott RR (2014) Simultaneous detection of
Xanthomonas oryzae
pv
. oryzae
and
X. oryzae
pv
. oryzicola
in rice seed using a padlock-probe-based assay.
Phytopathology
104
(10), 1130-1137.
Van de Vossenberg BTLH, van der Straten MJ (2014) Development and validation of real-time PCR tests for the identification of four species:
Spodoptera eridania, Spodoptera frugiperda, Spodoptera littoralis
and
Spodoptera litura
(Lepidoptera: Noctuidea).
Journal of Economic Entomology
107
(4), 1643-1654.
Zammouri S, Mnari-Hattab M (2014) First report of
Solanum elaeagnifolium
as natural host of Tomato yellow leaf curl virus species (TYLCV and TYLCSV) in Tunisia. J
ournal of Plant Pathology
96
(2), 431-439."
LAPHFR,Spodoptera frugiperda,2010/041,New data on quarantine pests and pests of the EPPO Alert List,2010-02,https://gd.eppo.int/reporting/article-396,"EPPO Reporting Service no. 02 - 2010
Num. article:
2010/041
New data on quarantine pests and pests of the EPPO Alert List
By searching through the literature, the EPPO Secretariat has extracted the following new data concerning quarantine pests and pests included on the EPPO Alert List. The situation of the pest concerned is indicated in bold, using the terms of ISPM no. 8.
New records
Studies on
Bactrocera cucurbitae
(Diptera: Tephritidae – EPPO A1 List) were carried out in West and Central Africa and showed that this fruit fly occurs in Benin, Burkina Faso, Cameroon, Côte d’Ivoire, Guinea, Mali, Niger, and Senegal (Vayssières
et al
., 2007). The EPPO Secretariat had no previous data on the occurrence of this pest in Burkina Faso and Niger.
Present, no details.
Cacyreus marshalli
(Lepidoptera: Lycaenidae – EPPO A2 List) occurs in Malta (Sammut, 2007).
Present, no details.
In Pakistan, surveys carried out in potato fields in the Northern Areas detected the presence of
Clavibacter michiganensis
subsp
. sepedonicus
(EPPO A2 List). The EPPO Secretariat had previously no data on the occurrence of potato ring rot in Pakistan (Bhutta, 2008).
Present, found in the Northern Areas.
Iris yellow spot virus
(
Tospovirus
, IYSV – EPPO Alert List) occurs in Egypt. Symptoms of IYSV have been observed since the 2000s on onions (
Allium cepa
), garlic (
A. sativum
), leek (
A. porrum
) and Egyptian leek (
A. kurrat
). The presence of the virus was confirmed in 2005 and observations made at that time concluded that despite high densities of the vector,
Thrips tabaci
, the disease incidence was low in Egypt (Elnagar
et al
., 2005).
Present, first reported in 2005 with a low incidence.
During surveys, the presence of
Rhagoletis cingulata
(Diptera: Tephritidae – EPPO A2 List) was confirmed in Croatia (Bjeliš, 2007).
Present, no details.
In the Republic of Korea, the presence of
Tomato spotted wilt virus
(
Tospovirus
– EPPO A2 List) on capsicum has been reported recently. It was noted that this virus is spreading (Kim
et al
., 2008).
Present, no details
.
In Iran,
Potato spindle tuber viroid
(
Pospiviroid
, PSTVd – EPPO A2 List) has been detected on potato tubers collected from Razavi Khorasan
and Northern Khorasan provinces (Arezou
et al
., 2008).
Present, detected on potatoes in Razavi Khorasan and Northern Khorasan provinces.
Puccinia hemerocallidis
(EPPO A1 List) is reported for the first time from Venezuela. The daylily rust was found in Colonia Tovar, in the state of Aragua (Pardo-Cardona
et al
., 2008).
Present, first reported in 2008 in Colonia Tovar, state of Aragua.
Detailed records
Anastrepha fraterculus
and
A. striata
(Diptera: Tephritidae – EPPO A1 List) occur in Tocantins, Brazil (Bomfim
et al
., 2007).
Aleurocanthus spiniferus
(Hemiptera: Aleyrodidae - EPPO A1 List) occurs in Shandong (China) where it is considered as one of the major pests of tea bushes (Jin
et al
., 2007).
Clavibacter michiganensis
subsp
. michiganensis
(EPPO A2 List) was detected in spring 2005 in tomato crops in Cyprus, in the districts of Nicosia (Pyrgos), Larnaca (Odou, Melini, Vavatsinia) and Limassol (Parekklisia) (Papayiannis, 2008).
Cryphonectria parasitica
(EPPO A2 List) occurs in Castilla y León, Spain. In this region, it was first detected in 1978 in Bembibre. At present it can be found in many chestnut stands in the areas of Leon and Zamora, and in some stands in the areas of Salamanca and Avila (Zamora
et al
., 2008).
Cryphonectria parasitica
(EPPO A2 List) is reported for the first time from the islands of Crete and Lesbos. In 2006, symptoms were observed in an orchard in Chania (Crete) and in Agiasso (Lesbos) and laboratory tests confirmed the identity of the fungus (Perlerou and Diamandis, 2009).
Dryocosmus kuriphilus
(Hymenoptera: Cynipidae – EPPO A2 List) occurs in Gansu, China (He
et al.,
2007).
Frankliniella occidentalis
(Thysanoptera: Thripidae – EPPO A2 List) occurs on glasshouse ornamental crops in Yunnan, China (Liang
et al
., 2007).
Helicoverpa armigera
(Lepidoptera: Noctuidae – EPPO A2 List) occurs in Uttaranchal, India (Mohapatra
et al
., 2007).
Leucinodes orbonalis
(Lepidoptera: Pyralidae – EPPO Alert List) occurs in Maharashtra, India (Mahesh and Men, 2007).
Liriomyza trifolii
(Diptera: Agromyzidae – EPPO A2 List) occurs in Guangdong, China (Liu
et al
., 2007).
Scirtothrips dorsalis
(Thysanoptera: Thiripidae – EPPO A2 List) occurs on mango plants (
Mangifera indica
) cultivated in greenhouses on the Island of Amami-Oshima, Ryukyu Archipelago, Japan (Yamaguchi, 2007).
Spodoptera frugiperda
(Lepidoptera: Noctuidae – EPPO A1 List) occurs in Espírito Santo, Brazil (Pratissoli
et al
., 2007).
In Australia, sugarcane smut caused by
Sporisorium scitamineum
has been found for the first time in New South Wales (Promed, 2009).
Host plants
In China, ‘
Candidatus
Liberibacter asiaticus’ (EPPO A1 List) was detected on
Citrus medica
var.
sarcodactylus
(syn=
Citrus limonimedica,
Rutaceae – foshou or Buddha’s hand), a plant cultivated for its fragrance and for traditional medicine. The pathogen was detected in January 2006 on trees showing typical symptoms of huanglongbing in the City of Guangning, province of Guangdong (Deng
et al
., 2008).
In Poland, ‘
Candidatus
Phytoplasma mali’ (EPPO A2 List) was detected on
Dahlia
plants in summer 2004, and in
Lilium
plants (oriental hybrids cv.
Siberia) showing symptoms of leaf scorch (Kamińska and Śliwa, 2008).
During surveys carried out in Colombia from June to December 2005, natural infections by
Citrus leprosis virus
(EPPO A1 List) were detected in some plants of
Swinglea glutinosa
(Rutaceae) grown in hedges around citrus orchards. Affected plants showed chlorotic spots and ringspots of variable size on the leaves (León
et al
., 2008).
Potato spindle tuber viroid
(
Pospiviroid
, PSTVd – EPPO A2 List) has been detected in cuttings and young seedlings of
Physalis peruviana
(Solanaceae - Cape gooseberry) submitted for testing by two growers from Turkey and Germany, respectively. Infected plants of
P. peruviana
did not show any symptoms (Verhoeven
et al
., 2009).
Sources
Arezou Y, Jafarpour B, Rastegar MF, Javad-Manesh A (2008) Molecular detection of
Potato spindle tuber viroid
in Razavi and Northern Khorasan provinces.
Pakistan Journal of Biological Sciences
11
(12) 1642-1645 (abst.).
Bjeliš M (2007) [North American cherry fruit fly –
Rhagoletis cingulata
Loew. (Diptera: Tephritidae), a new quarantine pest in Croatia].
Pomologia Croatica
13
(1), 49-55 (abst.).
Bomfim DA, Uchôa-Fernandes MA, Bragança MAL (2007) Host and parasitoids of fruit flies (Diptera: Tephritoidea) in the state of Tocantins, Brazil.
Neotropical
Entomology
36
(6), 987-986 (abst.).
Bhutta AR (2008) Survey of tuber borne diseases of potato in Northern Areas, Pakistan.
Pakistan Journal of Phytopathology
20
(1), 20-33 (abst.).
Deng X, Chen J, Shan Z, Zhou G, Li H, Civerolo EL (2008) Identification of ‘
Candidatus
Liberibacter asiaticus’ from Foshou (
Citrus medica
) in China.
Plant Pathology
57
(2) p 365.
Elnagar S, El-Sheikh MAK, Abdel Wahab AS (2005) Iris yellow spot virus (IYSV): a newly isolated thrips-borne tospovirus in Egypt.
Proceedings of the 7
th
International Conference on Pests in Agriculture
, Montpellier, FR, 2005-10-26/27, 8 pp.
He YY, Zhu DH, Zhao LQ (2007) [Testing
Wolbachia
infection of
Dryocosmus
kuriphilus
with
fts
Z gene and 16Sr DNA special primer].
Journal of Natural Science of Hunan Normal University
30
(2), 113-115 (abst.).
Jin Y, Xie Y, Yin XL, Yang LF, Zhao Y (2007) [Bionomics of
Aleurocanthus spiniferus
and its control].
Chinese Bulletin of Entomology
44
(5), 734-736 (abst.).
Kamińska M, Śliwa H (2008) Mixed infection of dahlia plants in Poland with apple proliferation and aster yellows phytoplasmas.
Plant Pathology
57
(2) p 363.
Kamińska M, Śliwa H (2008) First report of ‘
Candidatus
Phytoplasma mali in oriental lilies and its association with leaf scorch in Poland.
Plant Pathology
57
(2) p 363.
Kim HJ, Yang HB, Chung BN, Kang BC (2008) [Survey and application of DNA markers linked to TSWV resistance].
Korean Journal of Horticultural Science & Technology
26
(4), 464-470 (abst.).
León MG, Becerra CH, Freitas-Astúa J, Salaroli RB, Kitajima EW (2008) Natural infection of
Swinglea glutinosa
by the
Citrus leprosis virus
cytoplasmic type (CiLV-C) in Colombia
. Plant disease
92
(9), p 1364.
Liang GH, Zhang HR, Li ZM, Liu T (2007) [Studies on the species of flower thrips and its occurrence in Dounan Chenggong county of Yunnan].
Southwest China Journal of Agricultural Sciences
20
(6), 1291-1295 (abst.).
Liu CY, Lu YY, Zeng L, Liu H, Zhang WQ (2007) [Host plants of American serpentine leaf miner,
Liriomyza trifolii
, in Guangdong in spring].
Chinese Bulletin of Entomology
44
(4), 574-576 (abst.).
Mahesh P, Men UB (2007) Seasonal incidence of
Leucinodes orbonalis
in brinjal.
Annals of Plant Protection Sciences
15
(2), 498-499 (abst.).
Mohapatra SD, Aswal JS, Mishra PN (2007) Monitoring population dynamics of tomato fruit borer,
Helicoverpa armigera
Hubner moths through pheromone traps in Uttaranchal Hills.
Indian Journal of Entomology
69
(2), 172-173 (abst.).
Papayannis LC (2008) Detection and identification of bacterial disease infecting tomato crops in Cyprus.
Phytopathologia Mediterranea
47
(2), p 147.
Pardo-Cardona VM, Caruso D, Rojas T (2008) [First report of daylily rust
Puccinia
hemerocallidis
Thüm., for Venezuela].
Agronomía Tropical (Maracay)
58
(2), 193-196 (abst.).
Perlerou C, Diamandis S (2009) First report of chestnut blight in the islands of Lesbos and Crete.
Phytopathologia Mediterranea
48
(2), p 316.
Pratissoli D, Polanczyk RA, Grecco ED, Ferreira RA, Holtz AM (2007) [Microbial toxicity of new
Bacillus thuringiensis
isolates in two populations of
Spodoptera frugiperda
originating from Minas Gerais and Espírito Santo].
Revista Brasileira de Milho e Sorgo
6
(2), 140-148 (abst.).
ProMed posting (20091130.4095) of 2009-311-30. Smut sugarcane – Australia (New South Wales).
http://www.promedmail.org
Sammut P (2007)
Cacyreus marshalli
Butler, [1898] reaches the Maltese Islands (Lepidoptera: Lycaenidae).
SHILAP Revista de Lepidopterología
35
(139), 317-319 (abst.).
Vayssières JF, Rey JY, Traoré L (2007) Distribution and host plants of
Bactrocera cucurbitae
in West and Central Africa.
Fruits (Paris)
62
(6), 391-396 (abst.).
Verhoeven JTJ, Botermans M, Roenhorst JW, Westerhof J, Meekes ETM (2009) First report of
Potato spindle tuber viroid
in Cape gooseberry (
Physalis peruviana
) from Turkey and Germany
. Plant Disease
93
(3), p 316.
Yamaguchi T (2007) [Seasonal prevalence of
Scirtothrips dorsalis
Hood and
Selenothrips rubrocinctus
(Giard) on the flower buds, inflorescences, and fruits of mango (
Mangifera indica
) plants cultivated in greenhouses on Amami-Oshima Island, Japan].
Kyushu Plant Protection Research
53
, 103-106 (abst.).
Zamora P, Martín AB, Arrate J, Rigling D, Diez JJ (2008) Detection of the vegetative compatibility groups of
Cryphonectria parasitica
in Castilla y León region.
Acta Horticulturae
no. 784, 159-162."
LAPHFR,Spodoptera frugiperda,2000/171,Situation of several quarantine pests in Germany in 1999 and 2000,2000-11,https://gd.eppo.int/reporting/article-3202,"EPPO Reporting Service no. 11 - 2000
Num. article:
2000/171
Situation of several quarantine pests in Germany in 1999 and 2000
The NPPO of Germany has recently informed the EPPO Secretariat of the following:
In December 1999,
Gynaikothrips uzeli
was found in Baden-Württemberg in a glasshouse of a Botanical Garden. This unusual pest was found on
Ficus benjamina
. Plants showed strong leaf galling. Abamectin treatments were applied and the thrips were no longer found. It is stressed that it was difficult to carry out a pest risk analysis on
G. uzeli
, as very little information was available from the literature.
Mycosphaerella dearnessii
(EPPO A2 quarantine pest) was observed in Bayern on one
Pinus
mugo
tree naturally growing in an upland moor area. In Germany,
M. dearnessii
had first been reported from Bayern in 1995 (see EPPO RS 95/239). The presence of the fungus was determined on samples of needles and young shoots in the laboratory. Due to difficult soil conditions, it was not possible to examine other trees in this moor area but further work will continue.
Present: only in Bayern.
Pepino mosaic potexvirus (EPPO Alert List) was found in Thüringen on tomatoes grown under glass for fruit production in one place of production. Fruit symptoms occurred on
Lycopersicon esculentum
cv. Clarence. Leaf symptoms were observed on cvs Starfighter and Tradiro, without any impact on yield. The presence of the virus was detected serologically, and even symptomless samples had high virus concentrations. Measures were taken on the whole place of production (10 ha): disinfection and burning of tomato plants. Tomato plants had originally been imported from the Netherlands.
Present: only in some areas of one state (Thüringen) in protected cultivation.
Plum pox potyvirus (EPPO A2 quarantine pest) was found in June 2000 in Thüringen, a state which was previously free from the disease. It was found in a nursery, during a routine inspection for the issuance of plant passport, on 2000 plants (
Prunus domestica
) in containers which had previously been imported from Hungary. Plum pox potyvirus was detected on the basis of symptoms and its presence was confirmed by ELISA tests. No other symptoms were observed in the nursery and its surroundings. All infected plants were destroyed. It is assumed that this finding is connected to the import of already infected plants.
In Germany, plum pox potyvirus is present in many areas where host crops are grown.
In August 1999,
Spodoptera frugiperda
(EPPO A1 quarantine pest) was found in Baden-Württemberg on sweet maize plants grown in a nursery (3 ha). There were clear evidence of larval feeding. In September 1999, 40 infected plants were found. Larvae were collected and destroyed. Because of the climatic conditions, it appears unlikely that any further spread occurred. Maize cobs had been imported from USA and were originally intended for fresh consumption. The production site is under quarantine and further observations will be made to verify the absence of the pest.
Present: only in one place of production in Baden-Württemberg, under eradication.
Sources
NPPO of Germany, 2000-10."
