eppocode,name,title,number,date,type_of_record,year,country,continent,URL,Content
LAPHFR,Spodoptera frugiperda,First report of Spodoptera frugiperda in Bulgaria,2025/030,2025-02,First record,2023,Bulgaria,Europe,https://gd.eppo.int/reporting/article-8043,"EPPO Reporting Service no. 02 - 2025
Num. article:
2025/030
First report of Spodoptera frugiperda in Bulgaria
Fall armyworm,
Spodoptera frugiperda
(Lepidoptera: Noctuidae – EPPO A2 List), is reported for the first time in Bulgaria. In October 2023, during a study on Noctuidae moth populations across Bulgaria one specimen (1 female) was captured, using food lure, in an ancient oak forest in Chirpan, Stara Zagora Province, then in early November three specimens (2 females, 1 male) were captured in black light traps in a diverse landscape in Parvomay, Plovdiv Province (both provinces in southern Bulgaria) and two specimens (2 males) in pheromone traps in maize fields in Knezha, Pleven province (northern Bulgaria). The identity of the pest was confirmed by morphological and molecular analysis. The authors suggest that the pest may have migrated north through the east Balkans. It is unclear if the species could overwinter and establish in Bulgaria.
In addition, official surveys for
S. frugiperda
have been conducted since 2021 by the NPPO of Bulgaria. Surveys were intensified in 2023 and 2024 following this finding and did not find
S. frugiperda.
The pest status of
Spodoptera frugiperda
in Bulgaria is officially declared as:
Absent, the entire country is pest free.
Sources
NPPO of Bulgaria (2025-02).
Szanyi S, Barta M, Velchev D, Beshkov S, Mumford S, Todorov I, Nagy A, Varga Z, Tóth M, Toshova T (2025) First report of a migratory pest, the fall armyworm, Spodoptera frugiperda (JE Smith, 1797)(Lepidoptera, Noctuidae) from Bulgaria. Insects 16(2), 134.
https://doi.org/10.3390/"
LAPHFR,Spodoptera frugiperda,Pre-emptive biological control of Spodoptera frugiperda using Trichogramma species,2024/251,2024-11,Others,,,,https://gd.eppo.int/reporting/article-8001,"EPPO Reporting Service no. 11 - 2024
Num. article:
2024/251
Pre-emptive biological control of Spodoptera frugiperda using Trichogramma species
The fall armyworm
Spodoptera frugiperda
(Lepidoptera: Noctuidae - EPPO A2 List), is a highly invasive pest of maize and other crops worldwide. It has recently been reported in a few EPPO countries.
Trichogramma
species are egg parasitoids that are commonly used as augmentative biological control agents against a variety of pests worldwide. Some
Trichogramma
species have been used against
S. frugiperda,
for example,
T. pretiosum
in the Americas and
T. chilonis
in China. It is generally considered that full control of
S. frugiperda
using
Trichogramma
species is not easily achieved as the parasitoid cannot reach all eggs as the egg mass is composed of two or three layers and protected. In studies to assess the pre-emptive augmentative biological control of
S. frugiperda
, three European
Trichogramma
species (
Trichogramma brassicae
,
T. dendrolimi
and
T. cacoeciae
) were tested for their ability to parasitize egg masses with one to three layers and with or without protective covering (hair and scale cover). Each
Trichogramma
species was tested on egg masses with: one-layer without hair; one-layer with hair; two-layers without hair; two-layers with hair; three-layers with hair.
T. dendrolimi
was the most efficient species in reaching the eggs at the lowest layers with protective covering.
T. cacoeciae
was the least successful. Depending on the number of egg layers and presence or absence of covering, parasitism rates by
T. brassicae
,
T. dendrolimi
and
T. cacoeciae
varied between 99 and 41 %, 100 and 43 % and 100 and 28 %, respectively. Even though
Trichogramma
species may not be able to parasitise all eggs in the mass, they can be considered as biological control agents in a IPM programme and also used in combination with other natural enemies.
Sources
Kenis M, Zhong Y, Fontes J, Herz A, Babendreier D (2024) Pre‑emptive augmentative biological control of
Spodoptera frugiperda
in Europe using
Trichogramma
spp.
CABI Agriculture and Bioscience
5
, 96.
https://doi.org/10.1186/s43170-024-00296-1"
LAPHFR,Spodoptera frugiperda,First report of Spodoptera frugiperda in Iran,2024/150,2024-07,First record,2023,Iran,Asia,https://gd.eppo.int/reporting/article-7900,"EPPO Reporting Service no. 07 - 2024
Num. article:
2024/150
First report of Spodoptera frugiperda in Iran
Fall armyworm,
Spodoptera frugiperda
(Lepidoptera: Noctuidae – EPPO A2 List), is reported for the first time from Iran. In October 2023, during monitoring surveys of maize fields in the Orzuiye region (Kerman province), larvae were observed feeding on maize leaves and cobs. Several larvae were collected, reared in the laboratory, and emerging adults were identified as S.
frugiperda
.
The situation of
Spodoptera frugiperda
in Iran can be described as follows:
Present, not widely distributed.
Sources
Naseri M, Bemani M, Alipanah H, Noorbakhsh S, Zohdi H (2024) [First report of the fall armyworm,
Spodoptera frugiperda
(Lepidoptera, Noctuidae: Noctuinae) from Iran].
Journal of the Entomological Society of Iran
44
(1), 111-116 (in Persian).
https://doi.org/10.61186/JESI.44.1.9"
LAPHFR,Spodoptera frugiperda,First report of Spodoptera frugiperda in China,2019/029,2019-02,First record,2019,China,Asia,https://gd.eppo.int/reporting/article-6459,"EPPO Reporting Service no. 02 - 2019
Num. article:
2019/029
First report of Spodoptera frugiperda in China
On the 2019-01-29, the first detection of
Spodoptera frugiperda
(Lepidoptera: Noctuidae – EPPO A1 List) in China was officially announced on the IPPC website. The pest was found in Puer city and Dehong, Yunnan province. Emergency measures were taken by the NPPO of China to monitor and control the spread of
S. frugiperda
, as well as to increase cooperation with other fall armyworm-infested countries.
The situation of
Spodoptera frugiperda
in China can be described as follows:
Present: only in some areas (Yunnan province), under official control.
Sources
IPPC (2019) First detection of fall armyworm in China.
https://www.ippc.int/fr/news/first-detection-of-fall-armyworm-in-china/"
LAPHFR,Spodoptera frugiperda,First report of Spodoptera frugiperda in Yemen,2019/007,2019-01,First record,2018,Yemen,Asia,https://gd.eppo.int/reporting/article-6437,"EPPO Reporting Service no. 01 - 2019
Num. article:
2019/007
First report of Spodoptera frugiperda in Yemen
Acccording to recent information collected by FAO,
Spodoptera frugiperda
(Lepidoptera: Noctuidae – EPPO A1 List) was found for the first time in Yemen at the end of July 2018. In order to follow the spread of
S. frugiperda
in Africa and the Arabian Peninsula, FAO has set up a monitoring and early warning system which can be consulted on the Internet. This website shows compiled results of surveys checking hundreds of thousands of plants and using numerous traps.
The situation of
Spodoptera frugiperda
in Yemen can be described as follows:
Present: only in some areas (first found in July 2018).
Sources
FAO (2018-12-13) Briefing note on FAO actions on fall armyworm.
http://www.fao.org/3/BS183E/bs183e.pdf
FAO (2019-01-14) FAW monitoring & early warning system (FAMEWS)
https://app.powerbi.com/view?r=eyJrIjoiMmFlOWQxMjctZjIwYy00MTdlLWJmMDgtMGM1ZWQ5YmZmNDQwIiwidCI6IjJmMDYwNjMyLTg4MDgtNGM5ZS05M2NmLTNmY2JkMWM1YTUxYiIsImMiOjh9&refresh=1&pageName=ReportSection0901c9217ada50684ad0"
LAPHFR,Spodoptera frugiperda,First report of Spodoptera frugiperda in Thailand,2019/006,2019-01,First record,2018,Thailand,Asia,https://gd.eppo.int/reporting/article-6436,"EPPO Reporting Service no. 01 - 2019
Num. article:
2019/006
First report of Spodoptera frugiperda in Thailand
In December 2018, the NPPO of Thailand confirmed the first detection of
Spodoptera frugiperda
(Lepidoptera: Noctuidae – EPPO A1 List) on its territory. The insect was identified in samples which had been collected from maize (
Zea mays
) fields in the provinces of Kanchanaburi and Tak, close to the border with Myanmar. Official measures are being taken to limit the spread of the pest to other areas.
The pest status of
Spodoptera frugiperda
in Thailand is officially declared as:
Present: subject to official control.
Sources
IPPC website. Official Pest Reports – Thailand (THA-03/1 of 2018-12-19) First detection of fall armyworm on the border of Thailand.
https://www.ippc.int/en/countries/thailand/pestreports/2018/12/first-detection-of-fall-army-worm-on-the-border-of-thailand/"
LAPHFR,Spodoptera frugiperda,First report of Spodoptera frugiperda in Myanmar,2019/005,2019-01,First record,2018-2019,Myanmar,Asia,https://gd.eppo.int/reporting/article-6435,"EPPO Reporting Service no. 01 - 2019
Num. article:
2019/005
First report of Spodoptera frugiperda in Myanmar
During official surveys conducted in maize (
Zea mays
) fields from August 2018 to January 2019 in different regions of Myanmar,
Spodoptera frugiperda
(Lepidoptera: Noctuidae – EPPO A1 List) was found in Mandalay and Ayeyawaddy regions. Within infested maize fields, egg masses attached to the maize whorls could be observed, as well as larvae and feeding damage on maize leaves (windowing and shot holes). The identity of the pest was confirmed by different laboratories in Myanmar and the USA. Surveys are continuing across Myanmar to evaluate the extent of the infestation.
The pest status of
Spodoptera frugiperda
in Myanmar is officially declared as:
Present: subject to official control.
Sources
IPPC website. Official Pest Reports – Myanmar (MMR-19/6 of 2019-01-14) First detection report of the fall armyworm
Spodoptera frugiperda
(Lepidoptera: Noctuidae) on maize in Myanmar.
https://www.ippc.int/en/countries/myanmar/pestreports/2019/01/first-detection-report-of-the-fall-armyworm-spodoptera-frugiperda-lepidoptra-noctuidae-on-maize-in-myanma/"
LAPHFR,Spodoptera frugiperda,New data on quarantine pests and pests of the EPPO Alert List,2019/004,2019-01,First record,2016,Brazil,South America,https://gd.eppo.int/reporting/article-6434,"EPPO Reporting Service no. 01 - 2019
Num. article:
2019/004
New data on quarantine pests and pests of the EPPO Alert List
By searching through the literature, the EPPO Secretariat has extracted the following new data concerning quarantine pests and pests included (or formerly included) on the EPPO Alert List, and indicated in bold the situation of the pest concerned using the terms of ISPM no. 8.
New records
Haplaxius crudus
(Auchenorrhyncha: Cixiidae – EU Annexes) is a vector of Coconut lethal yellowing (EPPO A1 List). During studies conducted in Brazil, the insect was caught in the state of Para in May 2016. Yellow sticky traps had been placed in coconut plantations (
Cocos nucifera
Dwarf hybrids, Dwarf, and Brazilian Green Dwarf Jiqui), among Auchenorrhyncha specimens caught, 87% were identified as
H. crudus
(Silva
et al
., 2019).
Present, only in some areas.
In the United Kingdom,
Plantago asiatica mosaic virus
(
Potexvirus
, PlAMV) was found for the first time in April 2018 in a symptomatic sample of Oriental hybrid lily (
Lilium
sp.). This sample had been collected from a glasshouse nursery in Southern England where a few plants were showing symptoms of rust-coloured, necrotic streaking on the leaves. These plants had been grown from bulbs originating from the Netherlands. Measures were recommended to the grower to avoid any further spread (Harju
et al
., 2018).
Strawberry mild yellow edge virus
(
Potexvirus,
SMYEV - EU Annexes) was first reported in India, in Himachal Pradesh (Solan district). Strawberry (
Fragaria ananassa
) plants presented symptoms typical of viral infection in the form of mild mottling, cupping of leaflets and leaf deformation. The identity of the virus was confirmed by DAS-ELISA (Sharma
et al.
, 2018).
Present, only in some areas.
During surveys conducted in September 2014 in Azerbaijan, tomato samples were collected from different regions. Symptomatic samples collected in Absheron peninsula (near Baku) tested positive for
Tomato yellow leaf curl virus
(
Begomovirus
, TYLCV - EPPO A2 List). High populations of
Bemisia tabaci
(EPPO A2 List) were also observed. The virus was not detected in other regions although
B. tabaci
is present in the whole country (Verdin
et al.
, 2018).
Detailed records
In India,
Apriona germari
(Coleoptera: Cerambycidae - EPPO A1 List) occurs in
Arunachal Pradesh (Kumawat
et al
., 2015) and Meghalaya (Mitra
et al
., 2016).
During a study conducted in Indiana (US) over 2 years on 50 strains associated with bacterial spot of tomato (EPPO A2 List), 78% were identified as
Xanthomonas perforans
and 12% as
X. gardneri. X. euvesicatoria
was detected in 1 sample and
X. vesicatoria
was not detected in any sample (Egel
et al
., 2018).
Haplaxius crudus
(Auchenorrhyncha: Cixiidae – EU Annexes) is a vector of Coconut lethal yellowing (EPPO A1 List). Its presence in Mississippi (US) was first reported in 2018. In North America, it was previously known to occur only in Florida and Texas (Hill
et al
., 2018).
The presence of
Spodoptera frugiperda
(Lepidoptera: Noctuidae – EPPO A1 List) has been confirmed in Maharashtra, India (see EPPO
RS 2018/154
). The pest was found in September 2018 in several districts (Kolhapur, Pune, Sangli, Satara, and Solapur) feeding on sugarcane (
Saccharum officinarum
), and other crops such as maize, sorghum and sweet maize (respectively
Zea mays, Sorghum bicolor, Z. mays
subsp
. saccharata
). In the field, infestation levels ranged from 2% to 35%. The presence of natural enemies (
Campoletis chlorideae
(Hymenoptera: Ichneumonidae) and the entomopathogenic fungus
Nomuraea rileyi
) was observed but with a low incidence (Ankush
et al
., 2019).
Epidemiology
Bactericera maculipennis
(Hemiptera: Triozidae) can harbour ‘
Candidatus
Liberibacter solanacearum’ (EPPO A1 List, Solanaceae haplotypes).
B. maculipennis
often cohabits on weeds such as
Convolvulus arvensis
or
Lycium
sp. with the congeneric psyllid,
Bactericera cockerelli
(EPPO A1 List), the known vector of ‘
Ca
. L. solanacearum’ haplotypes A and B in the Pacific Northwestern United States. Results of laboratory tests demonstrated that ‘
Ca
. L. solanacearum’ can be transmitted between
B. cockerelli
and
B. maculipennis
on plants within the Convolvulaceae. However,
B. maculipennis
is not considered as a direct threat for potato (
Solanum tuberosum
) production as Liberibacter-infected
B. maculipennis
did not transmit the pathogen to potato plants (Borges
et al.
, 2017).
New pests and taxonomy
The fungus causing oak wilt previously called
Ceratocystis fagacearum
(EPPO A1 List -) has been reclassified into a new genus and should now be called
Bretziella
fagacearum
(de Beer
et al.,
2017).
Using next-generation sequencing, a new
Citrivirus
, tentatively called Citrus leaf blotch virus 2 (CLBV-2) has been detected in China. This virus was found on cultivated
Citrus tamurana
and
C. junos x C. grandis
trees showing chlorotic leaf blotches (Cao
et al.,
2018).
A mechanically transmissible virus tentatively called Melon chlorotic spot virus (MeCSV – most closely related to tenuiviruses) was isolated in Southeastern France from a melon (
Cucumis melo
) plant showing chlorotic spots and yellowing of the older leaves (Lecoq
et al
., 2018).
Sources
Ankush C, Naresh S, Sharanabasappa, Kalleshwaraswamy CM, Asokan R, Mahadeva Swamy HM (2019) First report of the fall armyworm,
Spodoptera frugiperda
(JE Smith) (Lepidoptera, Noctuidae) on sugarcane and other crops from Maharashtra, India.
Journal of Entomology and Zoology Studies
7
(1), 114-117.
Borges KM, Cooper WR, Garczynski SF, Thinakaran J, Jensen AS, Horton DR, Barcenas NM (2017) ‘
Candidatus
Liberibacter solanacearum’ associated with the psyllid,
Bactericera maculipennis
(Hemiptera: Triozidae).
Environmental Entomology
46
(2), 210–216.
https://doi.org/10.1093/ee/nvw174
Cao M, Li P, Zhang S, Yang F, Zhou Y, Wang X, Li R, Li Z (2018) Molecular characterization of a novel citrivirus from citrus using next-generation sequencing.
Archives of Virology
163
(12), 3479-348. DOI: 10.1007/s00705-018-4039-8 (via PestLens).
De Beer ZW, Marincowitz S, Duong TA, Wingfield MJ (2017)
Bretziella
, a new genus to accommodate the oak wilt fungus,
Ceratocystis fagacearum
(Microascales, Ascomycota).
MycoKeys
27
, 1-19.
https://doi.org/10.3897/mycokeys.27.20657
Egel DS, Jones JB, Minsavage GV, Creswell T, Ruhl G, Maynard E, Marchino C (2018) Distribution and characterization of Xanthomonas strains causing bacterial spot of tomato in Indiana.
Plant Health Progress
. DOI:10.1094/PHP-07-18-0041-BR
Harju V, Forde S, Tozer H, Dible A, Buxton Kirk A, Fowkes A, Skelton A, Fox A (2018)
Plantago asiatica mosaic virus
detected in
Lilium
in the UK.
New Disease Reports
38
, 25.
http://dx.doi.org/10.5197/j.2044-0588.2018.038.025
Hill JG, Seltzer JI, Hendon A, Bartlett CR (2018) First report of the American palm cixiid (Hemiptera: Cixiidae) from Mississippi, USA.
Transactions of the American Entomological Society
144
(3), 593-598 (abst.).
https://doi.org/10.3157/061.144.0310
Kumawat MM, Mamocha Singh K, Ramamurthy VV (2015) A checklist of the long-horned beetles (Coleoptera: Cerambycidae) of Arunachal Pradesh, northeastern India with several new reports.
Journal of Threatened Taxa
7
(12), 7879–7901.
http://dx.doi.org/10.11609/JoTT.o4007.7879-901
Lecoq H, Wipf-Scheibel C, Verdin C, Desbiez C (2018) Characterization of the first tenuivirus naturally infecting dicotyledonous plants.
Archives of Virology
DOI: 10.1007/s00705-018-4057-6 (via PestLens).
Mitra B, Das P, Chakraborti U, Mallick K & Majumder A (2016) Longhorn beetles (Cerambycidae: Coleoptera) of Meghalaya with eight new records.
Journal of Zoology Studies
3
(4), 39–47.
Sharma A, Handa A, Kappoor S, Shylla B (2018) First report of strawberry mild yellow edge virus in India.
International
Journal of Chemical Studies
6
(3), 662-664.
http://www.chemijournal.com/archives/2018/vol6issue3/PartJ/6-3-79-989.pdf
Silva FG, Passos EM, Diniz LEC, Teodora AV, Talamini V, Fernandes MF, Dollet M (2019) Occurrence in Brazil of
Haplaxius crudus
(Hemiptera: Cixiidae), vector of Coconut lethal yellowing.
Neotropical Entomology
(abst.).
https://doi.org/10.1007/s13744-018-0663-y
Verdin E, Desbiez C, Wipf-Scheibel C, Gognalons P, Kheyr-Pour A, Gronenborn B, Mirzayeva S, Sultanova N, Mammadov A, Huseynova I (2018) First report of tomato yellow leaf curl virus infecting tomato in Azerbaijan.
Journal of Plant Pathology
100
, p 335.
https://doi.org/10.1007/s42161-018-0050-x"
LAPHFR,Spodoptera frugiperda,New data on quarantine pests and pests of the EPPO Alert List,2019/004,2019-01,First record,2018,United Kingdom,Europe,https://gd.eppo.int/reporting/article-6434,"EPPO Reporting Service no. 01 - 2019
Num. article:
2019/004
New data on quarantine pests and pests of the EPPO Alert List
By searching through the literature, the EPPO Secretariat has extracted the following new data concerning quarantine pests and pests included (or formerly included) on the EPPO Alert List, and indicated in bold the situation of the pest concerned using the terms of ISPM no. 8.
New records
Haplaxius crudus
(Auchenorrhyncha: Cixiidae – EU Annexes) is a vector of Coconut lethal yellowing (EPPO A1 List). During studies conducted in Brazil, the insect was caught in the state of Para in May 2016. Yellow sticky traps had been placed in coconut plantations (
Cocos nucifera
Dwarf hybrids, Dwarf, and Brazilian Green Dwarf Jiqui), among Auchenorrhyncha specimens caught, 87% were identified as
H. crudus
(Silva
et al
., 2019).
Present, only in some areas.
In the United Kingdom,
Plantago asiatica mosaic virus
(
Potexvirus
, PlAMV) was found for the first time in April 2018 in a symptomatic sample of Oriental hybrid lily (
Lilium
sp.). This sample had been collected from a glasshouse nursery in Southern England where a few plants were showing symptoms of rust-coloured, necrotic streaking on the leaves. These plants had been grown from bulbs originating from the Netherlands. Measures were recommended to the grower to avoid any further spread (Harju
et al
., 2018).
Strawberry mild yellow edge virus
(
Potexvirus,
SMYEV - EU Annexes) was first reported in India, in Himachal Pradesh (Solan district). Strawberry (
Fragaria ananassa
) plants presented symptoms typical of viral infection in the form of mild mottling, cupping of leaflets and leaf deformation. The identity of the virus was confirmed by DAS-ELISA (Sharma
et al.
, 2018).
Present, only in some areas.
During surveys conducted in September 2014 in Azerbaijan, tomato samples were collected from different regions. Symptomatic samples collected in Absheron peninsula (near Baku) tested positive for
Tomato yellow leaf curl virus
(
Begomovirus
, TYLCV - EPPO A2 List). High populations of
Bemisia tabaci
(EPPO A2 List) were also observed. The virus was not detected in other regions although
B. tabaci
is present in the whole country (Verdin
et al.
, 2018).
Detailed records
In India,
Apriona germari
(Coleoptera: Cerambycidae - EPPO A1 List) occurs in
Arunachal Pradesh (Kumawat
et al
., 2015) and Meghalaya (Mitra
et al
., 2016).
During a study conducted in Indiana (US) over 2 years on 50 strains associated with bacterial spot of tomato (EPPO A2 List), 78% were identified as
Xanthomonas perforans
and 12% as
X. gardneri. X. euvesicatoria
was detected in 1 sample and
X. vesicatoria
was not detected in any sample (Egel
et al
., 2018).
Haplaxius crudus
(Auchenorrhyncha: Cixiidae – EU Annexes) is a vector of Coconut lethal yellowing (EPPO A1 List). Its presence in Mississippi (US) was first reported in 2018. In North America, it was previously known to occur only in Florida and Texas (Hill
et al
., 2018).
The presence of
Spodoptera frugiperda
(Lepidoptera: Noctuidae – EPPO A1 List) has been confirmed in Maharashtra, India (see EPPO
RS 2018/154
). The pest was found in September 2018 in several districts (Kolhapur, Pune, Sangli, Satara, and Solapur) feeding on sugarcane (
Saccharum officinarum
), and other crops such as maize, sorghum and sweet maize (respectively
Zea mays, Sorghum bicolor, Z. mays
subsp
. saccharata
). In the field, infestation levels ranged from 2% to 35%. The presence of natural enemies (
Campoletis chlorideae
(Hymenoptera: Ichneumonidae) and the entomopathogenic fungus
Nomuraea rileyi
) was observed but with a low incidence (Ankush
et al
., 2019).
Epidemiology
Bactericera maculipennis
(Hemiptera: Triozidae) can harbour ‘
Candidatus
Liberibacter solanacearum’ (EPPO A1 List, Solanaceae haplotypes).
B. maculipennis
often cohabits on weeds such as
Convolvulus arvensis
or
Lycium
sp. with the congeneric psyllid,
Bactericera cockerelli
(EPPO A1 List), the known vector of ‘
Ca
. L. solanacearum’ haplotypes A and B in the Pacific Northwestern United States. Results of laboratory tests demonstrated that ‘
Ca
. L. solanacearum’ can be transmitted between
B. cockerelli
and
B. maculipennis
on plants within the Convolvulaceae. However,
B. maculipennis
is not considered as a direct threat for potato (
Solanum tuberosum
) production as Liberibacter-infected
B. maculipennis
did not transmit the pathogen to potato plants (Borges
et al.
, 2017).
New pests and taxonomy
The fungus causing oak wilt previously called
Ceratocystis fagacearum
(EPPO A1 List -) has been reclassified into a new genus and should now be called
Bretziella
fagacearum
(de Beer
et al.,
2017).
Using next-generation sequencing, a new
Citrivirus
, tentatively called Citrus leaf blotch virus 2 (CLBV-2) has been detected in China. This virus was found on cultivated
Citrus tamurana
and
C. junos x C. grandis
trees showing chlorotic leaf blotches (Cao
et al.,
2018).
A mechanically transmissible virus tentatively called Melon chlorotic spot virus (MeCSV – most closely related to tenuiviruses) was isolated in Southeastern France from a melon (
Cucumis melo
) plant showing chlorotic spots and yellowing of the older leaves (Lecoq
et al
., 2018).
Sources
Ankush C, Naresh S, Sharanabasappa, Kalleshwaraswamy CM, Asokan R, Mahadeva Swamy HM (2019) First report of the fall armyworm,
Spodoptera frugiperda
(JE Smith) (Lepidoptera, Noctuidae) on sugarcane and other crops from Maharashtra, India.
Journal of Entomology and Zoology Studies
7
(1), 114-117.
Borges KM, Cooper WR, Garczynski SF, Thinakaran J, Jensen AS, Horton DR, Barcenas NM (2017) ‘
Candidatus
Liberibacter solanacearum’ associated with the psyllid,
Bactericera maculipennis
(Hemiptera: Triozidae).
Environmental Entomology
46
(2), 210–216.
https://doi.org/10.1093/ee/nvw174
Cao M, Li P, Zhang S, Yang F, Zhou Y, Wang X, Li R, Li Z (2018) Molecular characterization of a novel citrivirus from citrus using next-generation sequencing.
Archives of Virology
163
(12), 3479-348. DOI: 10.1007/s00705-018-4039-8 (via PestLens).
De Beer ZW, Marincowitz S, Duong TA, Wingfield MJ (2017)
Bretziella
, a new genus to accommodate the oak wilt fungus,
Ceratocystis fagacearum
(Microascales, Ascomycota).
MycoKeys
27
, 1-19.
https://doi.org/10.3897/mycokeys.27.20657
Egel DS, Jones JB, Minsavage GV, Creswell T, Ruhl G, Maynard E, Marchino C (2018) Distribution and characterization of Xanthomonas strains causing bacterial spot of tomato in Indiana.
Plant Health Progress
. DOI:10.1094/PHP-07-18-0041-BR
Harju V, Forde S, Tozer H, Dible A, Buxton Kirk A, Fowkes A, Skelton A, Fox A (2018)
Plantago asiatica mosaic virus
detected in
Lilium
in the UK.
New Disease Reports
38
, 25.
http://dx.doi.org/10.5197/j.2044-0588.2018.038.025
Hill JG, Seltzer JI, Hendon A, Bartlett CR (2018) First report of the American palm cixiid (Hemiptera: Cixiidae) from Mississippi, USA.
Transactions of the American Entomological Society
144
(3), 593-598 (abst.).
https://doi.org/10.3157/061.144.0310
Kumawat MM, Mamocha Singh K, Ramamurthy VV (2015) A checklist of the long-horned beetles (Coleoptera: Cerambycidae) of Arunachal Pradesh, northeastern India with several new reports.
Journal of Threatened Taxa
7
(12), 7879–7901.
http://dx.doi.org/10.11609/JoTT.o4007.7879-901
Lecoq H, Wipf-Scheibel C, Verdin C, Desbiez C (2018) Characterization of the first tenuivirus naturally infecting dicotyledonous plants.
Archives of Virology
DOI: 10.1007/s00705-018-4057-6 (via PestLens).
Mitra B, Das P, Chakraborti U, Mallick K & Majumder A (2016) Longhorn beetles (Cerambycidae: Coleoptera) of Meghalaya with eight new records.
Journal of Zoology Studies
3
(4), 39–47.
Sharma A, Handa A, Kappoor S, Shylla B (2018) First report of strawberry mild yellow edge virus in India.
International
Journal of Chemical Studies
6
(3), 662-664.
http://www.chemijournal.com/archives/2018/vol6issue3/PartJ/6-3-79-989.pdf
Silva FG, Passos EM, Diniz LEC, Teodora AV, Talamini V, Fernandes MF, Dollet M (2019) Occurrence in Brazil of
Haplaxius crudus
(Hemiptera: Cixiidae), vector of Coconut lethal yellowing.
Neotropical Entomology
(abst.).
https://doi.org/10.1007/s13744-018-0663-y
Verdin E, Desbiez C, Wipf-Scheibel C, Gognalons P, Kheyr-Pour A, Gronenborn B, Mirzayeva S, Sultanova N, Mammadov A, Huseynova I (2018) First report of tomato yellow leaf curl virus infecting tomato in Azerbaijan.
Journal of Plant Pathology
100
, p 335.
https://doi.org/10.1007/s42161-018-0050-x"
LAPHFR,Spodoptera frugiperda,New data on quarantine pests and pests of the EPPO Alert List,2019/004,2019-01,First record,2018,India,Asia,https://gd.eppo.int/reporting/article-6434,"EPPO Reporting Service no. 01 - 2019
Num. article:
2019/004
New data on quarantine pests and pests of the EPPO Alert List
By searching through the literature, the EPPO Secretariat has extracted the following new data concerning quarantine pests and pests included (or formerly included) on the EPPO Alert List, and indicated in bold the situation of the pest concerned using the terms of ISPM no. 8.
New records
Haplaxius crudus
(Auchenorrhyncha: Cixiidae – EU Annexes) is a vector of Coconut lethal yellowing (EPPO A1 List). During studies conducted in Brazil, the insect was caught in the state of Para in May 2016. Yellow sticky traps had been placed in coconut plantations (
Cocos nucifera
Dwarf hybrids, Dwarf, and Brazilian Green Dwarf Jiqui), among Auchenorrhyncha specimens caught, 87% were identified as
H. crudus
(Silva
et al
., 2019).
Present, only in some areas.
In the United Kingdom,
Plantago asiatica mosaic virus
(
Potexvirus
, PlAMV) was found for the first time in April 2018 in a symptomatic sample of Oriental hybrid lily (
Lilium
sp.). This sample had been collected from a glasshouse nursery in Southern England where a few plants were showing symptoms of rust-coloured, necrotic streaking on the leaves. These plants had been grown from bulbs originating from the Netherlands. Measures were recommended to the grower to avoid any further spread (Harju
et al
., 2018).
Strawberry mild yellow edge virus
(
Potexvirus,
SMYEV - EU Annexes) was first reported in India, in Himachal Pradesh (Solan district). Strawberry (
Fragaria ananassa
) plants presented symptoms typical of viral infection in the form of mild mottling, cupping of leaflets and leaf deformation. The identity of the virus was confirmed by DAS-ELISA (Sharma
et al.
, 2018).
Present, only in some areas.
During surveys conducted in September 2014 in Azerbaijan, tomato samples were collected from different regions. Symptomatic samples collected in Absheron peninsula (near Baku) tested positive for
Tomato yellow leaf curl virus
(
Begomovirus
, TYLCV - EPPO A2 List). High populations of
Bemisia tabaci
(EPPO A2 List) were also observed. The virus was not detected in other regions although
B. tabaci
is present in the whole country (Verdin
et al.
, 2018).
Detailed records
In India,
Apriona germari
(Coleoptera: Cerambycidae - EPPO A1 List) occurs in
Arunachal Pradesh (Kumawat
et al
., 2015) and Meghalaya (Mitra
et al
., 2016).
During a study conducted in Indiana (US) over 2 years on 50 strains associated with bacterial spot of tomato (EPPO A2 List), 78% were identified as
Xanthomonas perforans
and 12% as
X. gardneri. X. euvesicatoria
was detected in 1 sample and
X. vesicatoria
was not detected in any sample (Egel
et al
., 2018).
Haplaxius crudus
(Auchenorrhyncha: Cixiidae – EU Annexes) is a vector of Coconut lethal yellowing (EPPO A1 List). Its presence in Mississippi (US) was first reported in 2018. In North America, it was previously known to occur only in Florida and Texas (Hill
et al
., 2018).
The presence of
Spodoptera frugiperda
(Lepidoptera: Noctuidae – EPPO A1 List) has been confirmed in Maharashtra, India (see EPPO
RS 2018/154
). The pest was found in September 2018 in several districts (Kolhapur, Pune, Sangli, Satara, and Solapur) feeding on sugarcane (
Saccharum officinarum
), and other crops such as maize, sorghum and sweet maize (respectively
Zea mays, Sorghum bicolor, Z. mays
subsp
. saccharata
). In the field, infestation levels ranged from 2% to 35%. The presence of natural enemies (
Campoletis chlorideae
(Hymenoptera: Ichneumonidae) and the entomopathogenic fungus
Nomuraea rileyi
) was observed but with a low incidence (Ankush
et al
., 2019).
Epidemiology
Bactericera maculipennis
(Hemiptera: Triozidae) can harbour ‘
Candidatus
Liberibacter solanacearum’ (EPPO A1 List, Solanaceae haplotypes).
B. maculipennis
often cohabits on weeds such as
Convolvulus arvensis
or
Lycium
sp. with the congeneric psyllid,
Bactericera cockerelli
(EPPO A1 List), the known vector of ‘
Ca
. L. solanacearum’ haplotypes A and B in the Pacific Northwestern United States. Results of laboratory tests demonstrated that ‘
Ca
. L. solanacearum’ can be transmitted between
B. cockerelli
and
B. maculipennis
on plants within the Convolvulaceae. However,
B. maculipennis
is not considered as a direct threat for potato (
Solanum tuberosum
) production as Liberibacter-infected
B. maculipennis
did not transmit the pathogen to potato plants (Borges
et al.
, 2017).
New pests and taxonomy
The fungus causing oak wilt previously called
Ceratocystis fagacearum
(EPPO A1 List -) has been reclassified into a new genus and should now be called
Bretziella
fagacearum
(de Beer
et al.,
2017).
Using next-generation sequencing, a new
Citrivirus
, tentatively called Citrus leaf blotch virus 2 (CLBV-2) has been detected in China. This virus was found on cultivated
Citrus tamurana
and
C. junos x C. grandis
trees showing chlorotic leaf blotches (Cao
et al.,
2018).
A mechanically transmissible virus tentatively called Melon chlorotic spot virus (MeCSV – most closely related to tenuiviruses) was isolated in Southeastern France from a melon (
Cucumis melo
) plant showing chlorotic spots and yellowing of the older leaves (Lecoq
et al
., 2018).
Sources
Ankush C, Naresh S, Sharanabasappa, Kalleshwaraswamy CM, Asokan R, Mahadeva Swamy HM (2019) First report of the fall armyworm,
Spodoptera frugiperda
(JE Smith) (Lepidoptera, Noctuidae) on sugarcane and other crops from Maharashtra, India.
Journal of Entomology and Zoology Studies
7
(1), 114-117.
Borges KM, Cooper WR, Garczynski SF, Thinakaran J, Jensen AS, Horton DR, Barcenas NM (2017) ‘
Candidatus
Liberibacter solanacearum’ associated with the psyllid,
Bactericera maculipennis
(Hemiptera: Triozidae).
Environmental Entomology
46
(2), 210–216.
https://doi.org/10.1093/ee/nvw174
Cao M, Li P, Zhang S, Yang F, Zhou Y, Wang X, Li R, Li Z (2018) Molecular characterization of a novel citrivirus from citrus using next-generation sequencing.
Archives of Virology
163
(12), 3479-348. DOI: 10.1007/s00705-018-4039-8 (via PestLens).
De Beer ZW, Marincowitz S, Duong TA, Wingfield MJ (2017)
Bretziella
, a new genus to accommodate the oak wilt fungus,
Ceratocystis fagacearum
(Microascales, Ascomycota).
MycoKeys
27
, 1-19.
https://doi.org/10.3897/mycokeys.27.20657
Egel DS, Jones JB, Minsavage GV, Creswell T, Ruhl G, Maynard E, Marchino C (2018) Distribution and characterization of Xanthomonas strains causing bacterial spot of tomato in Indiana.
Plant Health Progress
. DOI:10.1094/PHP-07-18-0041-BR
Harju V, Forde S, Tozer H, Dible A, Buxton Kirk A, Fowkes A, Skelton A, Fox A (2018)
Plantago asiatica mosaic virus
detected in
Lilium
in the UK.
New Disease Reports
38
, 25.
http://dx.doi.org/10.5197/j.2044-0588.2018.038.025
Hill JG, Seltzer JI, Hendon A, Bartlett CR (2018) First report of the American palm cixiid (Hemiptera: Cixiidae) from Mississippi, USA.
Transactions of the American Entomological Society
144
(3), 593-598 (abst.).
https://doi.org/10.3157/061.144.0310
Kumawat MM, Mamocha Singh K, Ramamurthy VV (2015) A checklist of the long-horned beetles (Coleoptera: Cerambycidae) of Arunachal Pradesh, northeastern India with several new reports.
Journal of Threatened Taxa
7
(12), 7879–7901.
http://dx.doi.org/10.11609/JoTT.o4007.7879-901
Lecoq H, Wipf-Scheibel C, Verdin C, Desbiez C (2018) Characterization of the first tenuivirus naturally infecting dicotyledonous plants.
Archives of Virology
DOI: 10.1007/s00705-018-4057-6 (via PestLens).
Mitra B, Das P, Chakraborti U, Mallick K & Majumder A (2016) Longhorn beetles (Cerambycidae: Coleoptera) of Meghalaya with eight new records.
Journal of Zoology Studies
3
(4), 39–47.
Sharma A, Handa A, Kappoor S, Shylla B (2018) First report of strawberry mild yellow edge virus in India.
International
Journal of Chemical Studies
6
(3), 662-664.
http://www.chemijournal.com/archives/2018/vol6issue3/PartJ/6-3-79-989.pdf
Silva FG, Passos EM, Diniz LEC, Teodora AV, Talamini V, Fernandes MF, Dollet M (2019) Occurrence in Brazil of
Haplaxius crudus
(Hemiptera: Cixiidae), vector of Coconut lethal yellowing.
Neotropical Entomology
(abst.).
https://doi.org/10.1007/s13744-018-0663-y
Verdin E, Desbiez C, Wipf-Scheibel C, Gognalons P, Kheyr-Pour A, Gronenborn B, Mirzayeva S, Sultanova N, Mammadov A, Huseynova I (2018) First report of tomato yellow leaf curl virus infecting tomato in Azerbaijan.
Journal of Plant Pathology
100
, p 335.
https://doi.org/10.1007/s42161-018-0050-x"
LAPHFR,Spodoptera frugiperda,New data on quarantine pests and pests of the EPPO Alert List,2019/004,2019-01,First record,2014,Azerbaijan,Asia,https://gd.eppo.int/reporting/article-6434,"EPPO Reporting Service no. 01 - 2019
Num. article:
2019/004
New data on quarantine pests and pests of the EPPO Alert List
By searching through the literature, the EPPO Secretariat has extracted the following new data concerning quarantine pests and pests included (or formerly included) on the EPPO Alert List, and indicated in bold the situation of the pest concerned using the terms of ISPM no. 8.
New records
Haplaxius crudus
(Auchenorrhyncha: Cixiidae – EU Annexes) is a vector of Coconut lethal yellowing (EPPO A1 List). During studies conducted in Brazil, the insect was caught in the state of Para in May 2016. Yellow sticky traps had been placed in coconut plantations (
Cocos nucifera
Dwarf hybrids, Dwarf, and Brazilian Green Dwarf Jiqui), among Auchenorrhyncha specimens caught, 87% were identified as
H. crudus
(Silva
et al
., 2019).
Present, only in some areas.
In the United Kingdom,
Plantago asiatica mosaic virus
(
Potexvirus
, PlAMV) was found for the first time in April 2018 in a symptomatic sample of Oriental hybrid lily (
Lilium
sp.). This sample had been collected from a glasshouse nursery in Southern England where a few plants were showing symptoms of rust-coloured, necrotic streaking on the leaves. These plants had been grown from bulbs originating from the Netherlands. Measures were recommended to the grower to avoid any further spread (Harju
et al
., 2018).
Strawberry mild yellow edge virus
(
Potexvirus,
SMYEV - EU Annexes) was first reported in India, in Himachal Pradesh (Solan district). Strawberry (
Fragaria ananassa
) plants presented symptoms typical of viral infection in the form of mild mottling, cupping of leaflets and leaf deformation. The identity of the virus was confirmed by DAS-ELISA (Sharma
et al.
, 2018).
Present, only in some areas.
During surveys conducted in September 2014 in Azerbaijan, tomato samples were collected from different regions. Symptomatic samples collected in Absheron peninsula (near Baku) tested positive for
Tomato yellow leaf curl virus
(
Begomovirus
, TYLCV - EPPO A2 List). High populations of
Bemisia tabaci
(EPPO A2 List) were also observed. The virus was not detected in other regions although
B. tabaci
is present in the whole country (Verdin
et al.
, 2018).
Detailed records
In India,
Apriona germari
(Coleoptera: Cerambycidae - EPPO A1 List) occurs in
Arunachal Pradesh (Kumawat
et al
., 2015) and Meghalaya (Mitra
et al
., 2016).
During a study conducted in Indiana (US) over 2 years on 50 strains associated with bacterial spot of tomato (EPPO A2 List), 78% were identified as
Xanthomonas perforans
and 12% as
X. gardneri. X. euvesicatoria
was detected in 1 sample and
X. vesicatoria
was not detected in any sample (Egel
et al
., 2018).
Haplaxius crudus
(Auchenorrhyncha: Cixiidae – EU Annexes) is a vector of Coconut lethal yellowing (EPPO A1 List). Its presence in Mississippi (US) was first reported in 2018. In North America, it was previously known to occur only in Florida and Texas (Hill
et al
., 2018).
The presence of
Spodoptera frugiperda
(Lepidoptera: Noctuidae – EPPO A1 List) has been confirmed in Maharashtra, India (see EPPO
RS 2018/154
). The pest was found in September 2018 in several districts (Kolhapur, Pune, Sangli, Satara, and Solapur) feeding on sugarcane (
Saccharum officinarum
), and other crops such as maize, sorghum and sweet maize (respectively
Zea mays, Sorghum bicolor, Z. mays
subsp
. saccharata
). In the field, infestation levels ranged from 2% to 35%. The presence of natural enemies (
Campoletis chlorideae
(Hymenoptera: Ichneumonidae) and the entomopathogenic fungus
Nomuraea rileyi
) was observed but with a low incidence (Ankush
et al
., 2019).
Epidemiology
Bactericera maculipennis
(Hemiptera: Triozidae) can harbour ‘
Candidatus
Liberibacter solanacearum’ (EPPO A1 List, Solanaceae haplotypes).
B. maculipennis
often cohabits on weeds such as
Convolvulus arvensis
or
Lycium
sp. with the congeneric psyllid,
Bactericera cockerelli
(EPPO A1 List), the known vector of ‘
Ca
. L. solanacearum’ haplotypes A and B in the Pacific Northwestern United States. Results of laboratory tests demonstrated that ‘
Ca
. L. solanacearum’ can be transmitted between
B. cockerelli
and
B. maculipennis
on plants within the Convolvulaceae. However,
B. maculipennis
is not considered as a direct threat for potato (
Solanum tuberosum
) production as Liberibacter-infected
B. maculipennis
did not transmit the pathogen to potato plants (Borges
et al.
, 2017).
New pests and taxonomy
The fungus causing oak wilt previously called
Ceratocystis fagacearum
(EPPO A1 List -) has been reclassified into a new genus and should now be called
Bretziella
fagacearum
(de Beer
et al.,
2017).
Using next-generation sequencing, a new
Citrivirus
, tentatively called Citrus leaf blotch virus 2 (CLBV-2) has been detected in China. This virus was found on cultivated
Citrus tamurana
and
C. junos x C. grandis
trees showing chlorotic leaf blotches (Cao
et al.,
2018).
A mechanically transmissible virus tentatively called Melon chlorotic spot virus (MeCSV – most closely related to tenuiviruses) was isolated in Southeastern France from a melon (
Cucumis melo
) plant showing chlorotic spots and yellowing of the older leaves (Lecoq
et al
., 2018).
Sources
Ankush C, Naresh S, Sharanabasappa, Kalleshwaraswamy CM, Asokan R, Mahadeva Swamy HM (2019) First report of the fall armyworm,
Spodoptera frugiperda
(JE Smith) (Lepidoptera, Noctuidae) on sugarcane and other crops from Maharashtra, India.
Journal of Entomology and Zoology Studies
7
(1), 114-117.
Borges KM, Cooper WR, Garczynski SF, Thinakaran J, Jensen AS, Horton DR, Barcenas NM (2017) ‘
Candidatus
Liberibacter solanacearum’ associated with the psyllid,
Bactericera maculipennis
(Hemiptera: Triozidae).
Environmental Entomology
46
(2), 210–216.
https://doi.org/10.1093/ee/nvw174
Cao M, Li P, Zhang S, Yang F, Zhou Y, Wang X, Li R, Li Z (2018) Molecular characterization of a novel citrivirus from citrus using next-generation sequencing.
Archives of Virology
163
(12), 3479-348. DOI: 10.1007/s00705-018-4039-8 (via PestLens).
De Beer ZW, Marincowitz S, Duong TA, Wingfield MJ (2017)
Bretziella
, a new genus to accommodate the oak wilt fungus,
Ceratocystis fagacearum
(Microascales, Ascomycota).
MycoKeys
27
, 1-19.
https://doi.org/10.3897/mycokeys.27.20657
Egel DS, Jones JB, Minsavage GV, Creswell T, Ruhl G, Maynard E, Marchino C (2018) Distribution and characterization of Xanthomonas strains causing bacterial spot of tomato in Indiana.
Plant Health Progress
. DOI:10.1094/PHP-07-18-0041-BR
Harju V, Forde S, Tozer H, Dible A, Buxton Kirk A, Fowkes A, Skelton A, Fox A (2018)
Plantago asiatica mosaic virus
detected in
Lilium
in the UK.
New Disease Reports
38
, 25.
http://dx.doi.org/10.5197/j.2044-0588.2018.038.025
Hill JG, Seltzer JI, Hendon A, Bartlett CR (2018) First report of the American palm cixiid (Hemiptera: Cixiidae) from Mississippi, USA.
Transactions of the American Entomological Society
144
(3), 593-598 (abst.).
https://doi.org/10.3157/061.144.0310
Kumawat MM, Mamocha Singh K, Ramamurthy VV (2015) A checklist of the long-horned beetles (Coleoptera: Cerambycidae) of Arunachal Pradesh, northeastern India with several new reports.
Journal of Threatened Taxa
7
(12), 7879–7901.
http://dx.doi.org/10.11609/JoTT.o4007.7879-901
Lecoq H, Wipf-Scheibel C, Verdin C, Desbiez C (2018) Characterization of the first tenuivirus naturally infecting dicotyledonous plants.
Archives of Virology
DOI: 10.1007/s00705-018-4057-6 (via PestLens).
Mitra B, Das P, Chakraborti U, Mallick K & Majumder A (2016) Longhorn beetles (Cerambycidae: Coleoptera) of Meghalaya with eight new records.
Journal of Zoology Studies
3
(4), 39–47.
Sharma A, Handa A, Kappoor S, Shylla B (2018) First report of strawberry mild yellow edge virus in India.
International
Journal of Chemical Studies
6
(3), 662-664.
http://www.chemijournal.com/archives/2018/vol6issue3/PartJ/6-3-79-989.pdf
Silva FG, Passos EM, Diniz LEC, Teodora AV, Talamini V, Fernandes MF, Dollet M (2019) Occurrence in Brazil of
Haplaxius crudus
(Hemiptera: Cixiidae), vector of Coconut lethal yellowing.
Neotropical Entomology
(abst.).
https://doi.org/10.1007/s13744-018-0663-y
Verdin E, Desbiez C, Wipf-Scheibel C, Gognalons P, Kheyr-Pour A, Gronenborn B, Mirzayeva S, Sultanova N, Mammadov A, Huseynova I (2018) First report of tomato yellow leaf curl virus infecting tomato in Azerbaijan.
Journal of Plant Pathology
100
, p 335.
https://doi.org/10.1007/s42161-018-0050-x"
LAPHFR,Spodoptera frugiperda,New data on quarantine pests and pests of the EPPO Alert List,2019/004,2019-01,First record,2018,United States,North America,https://gd.eppo.int/reporting/article-6434,"EPPO Reporting Service no. 01 - 2019
Num. article:
2019/004
New data on quarantine pests and pests of the EPPO Alert List
By searching through the literature, the EPPO Secretariat has extracted the following new data concerning quarantine pests and pests included (or formerly included) on the EPPO Alert List, and indicated in bold the situation of the pest concerned using the terms of ISPM no. 8.
New records
Haplaxius crudus
(Auchenorrhyncha: Cixiidae – EU Annexes) is a vector of Coconut lethal yellowing (EPPO A1 List). During studies conducted in Brazil, the insect was caught in the state of Para in May 2016. Yellow sticky traps had been placed in coconut plantations (
Cocos nucifera
Dwarf hybrids, Dwarf, and Brazilian Green Dwarf Jiqui), among Auchenorrhyncha specimens caught, 87% were identified as
H. crudus
(Silva
et al
., 2019).
Present, only in some areas.
In the United Kingdom,
Plantago asiatica mosaic virus
(
Potexvirus
, PlAMV) was found for the first time in April 2018 in a symptomatic sample of Oriental hybrid lily (
Lilium
sp.). This sample had been collected from a glasshouse nursery in Southern England where a few plants were showing symptoms of rust-coloured, necrotic streaking on the leaves. These plants had been grown from bulbs originating from the Netherlands. Measures were recommended to the grower to avoid any further spread (Harju
et al
., 2018).
Strawberry mild yellow edge virus
(
Potexvirus,
SMYEV - EU Annexes) was first reported in India, in Himachal Pradesh (Solan district). Strawberry (
Fragaria ananassa
) plants presented symptoms typical of viral infection in the form of mild mottling, cupping of leaflets and leaf deformation. The identity of the virus was confirmed by DAS-ELISA (Sharma
et al.
, 2018).
Present, only in some areas.
During surveys conducted in September 2014 in Azerbaijan, tomato samples were collected from different regions. Symptomatic samples collected in Absheron peninsula (near Baku) tested positive for
Tomato yellow leaf curl virus
(
Begomovirus
, TYLCV - EPPO A2 List). High populations of
Bemisia tabaci
(EPPO A2 List) were also observed. The virus was not detected in other regions although
B. tabaci
is present in the whole country (Verdin
et al.
, 2018).
Detailed records
In India,
Apriona germari
(Coleoptera: Cerambycidae - EPPO A1 List) occurs in
Arunachal Pradesh (Kumawat
et al
., 2015) and Meghalaya (Mitra
et al
., 2016).
During a study conducted in Indiana (US) over 2 years on 50 strains associated with bacterial spot of tomato (EPPO A2 List), 78% were identified as
Xanthomonas perforans
and 12% as
X. gardneri. X. euvesicatoria
was detected in 1 sample and
X. vesicatoria
was not detected in any sample (Egel
et al
., 2018).
Haplaxius crudus
(Auchenorrhyncha: Cixiidae – EU Annexes) is a vector of Coconut lethal yellowing (EPPO A1 List). Its presence in Mississippi (US) was first reported in 2018. In North America, it was previously known to occur only in Florida and Texas (Hill
et al
., 2018).
The presence of
Spodoptera frugiperda
(Lepidoptera: Noctuidae – EPPO A1 List) has been confirmed in Maharashtra, India (see EPPO
RS 2018/154
). The pest was found in September 2018 in several districts (Kolhapur, Pune, Sangli, Satara, and Solapur) feeding on sugarcane (
Saccharum officinarum
), and other crops such as maize, sorghum and sweet maize (respectively
Zea mays, Sorghum bicolor, Z. mays
subsp
. saccharata
). In the field, infestation levels ranged from 2% to 35%. The presence of natural enemies (
Campoletis chlorideae
(Hymenoptera: Ichneumonidae) and the entomopathogenic fungus
Nomuraea rileyi
) was observed but with a low incidence (Ankush
et al
., 2019).
Epidemiology
Bactericera maculipennis
(Hemiptera: Triozidae) can harbour ‘
Candidatus
Liberibacter solanacearum’ (EPPO A1 List, Solanaceae haplotypes).
B. maculipennis
often cohabits on weeds such as
Convolvulus arvensis
or
Lycium
sp. with the congeneric psyllid,
Bactericera cockerelli
(EPPO A1 List), the known vector of ‘
Ca
. L. solanacearum’ haplotypes A and B in the Pacific Northwestern United States. Results of laboratory tests demonstrated that ‘
Ca
. L. solanacearum’ can be transmitted between
B. cockerelli
and
B. maculipennis
on plants within the Convolvulaceae. However,
B. maculipennis
is not considered as a direct threat for potato (
Solanum tuberosum
) production as Liberibacter-infected
B. maculipennis
did not transmit the pathogen to potato plants (Borges
et al.
, 2017).
New pests and taxonomy
The fungus causing oak wilt previously called
Ceratocystis fagacearum
(EPPO A1 List -) has been reclassified into a new genus and should now be called
Bretziella
fagacearum
(de Beer
et al.,
2017).
Using next-generation sequencing, a new
Citrivirus
, tentatively called Citrus leaf blotch virus 2 (CLBV-2) has been detected in China. This virus was found on cultivated
Citrus tamurana
and
C. junos x C. grandis
trees showing chlorotic leaf blotches (Cao
et al.,
2018).
A mechanically transmissible virus tentatively called Melon chlorotic spot virus (MeCSV – most closely related to tenuiviruses) was isolated in Southeastern France from a melon (
Cucumis melo
) plant showing chlorotic spots and yellowing of the older leaves (Lecoq
et al
., 2018).
Sources
Ankush C, Naresh S, Sharanabasappa, Kalleshwaraswamy CM, Asokan R, Mahadeva Swamy HM (2019) First report of the fall armyworm,
Spodoptera frugiperda
(JE Smith) (Lepidoptera, Noctuidae) on sugarcane and other crops from Maharashtra, India.
Journal of Entomology and Zoology Studies
7
(1), 114-117.
Borges KM, Cooper WR, Garczynski SF, Thinakaran J, Jensen AS, Horton DR, Barcenas NM (2017) ‘
Candidatus
Liberibacter solanacearum’ associated with the psyllid,
Bactericera maculipennis
(Hemiptera: Triozidae).
Environmental Entomology
46
(2), 210–216.
https://doi.org/10.1093/ee/nvw174
Cao M, Li P, Zhang S, Yang F, Zhou Y, Wang X, Li R, Li Z (2018) Molecular characterization of a novel citrivirus from citrus using next-generation sequencing.
Archives of Virology
163
(12), 3479-348. DOI: 10.1007/s00705-018-4039-8 (via PestLens).
De Beer ZW, Marincowitz S, Duong TA, Wingfield MJ (2017)
Bretziella
, a new genus to accommodate the oak wilt fungus,
Ceratocystis fagacearum
(Microascales, Ascomycota).
MycoKeys
27
, 1-19.
https://doi.org/10.3897/mycokeys.27.20657
Egel DS, Jones JB, Minsavage GV, Creswell T, Ruhl G, Maynard E, Marchino C (2018) Distribution and characterization of Xanthomonas strains causing bacterial spot of tomato in Indiana.
Plant Health Progress
. DOI:10.1094/PHP-07-18-0041-BR
Harju V, Forde S, Tozer H, Dible A, Buxton Kirk A, Fowkes A, Skelton A, Fox A (2018)
Plantago asiatica mosaic virus
detected in
Lilium
in the UK.
New Disease Reports
38
, 25.
http://dx.doi.org/10.5197/j.2044-0588.2018.038.025
Hill JG, Seltzer JI, Hendon A, Bartlett CR (2018) First report of the American palm cixiid (Hemiptera: Cixiidae) from Mississippi, USA.
Transactions of the American Entomological Society
144
(3), 593-598 (abst.).
https://doi.org/10.3157/061.144.0310
Kumawat MM, Mamocha Singh K, Ramamurthy VV (2015) A checklist of the long-horned beetles (Coleoptera: Cerambycidae) of Arunachal Pradesh, northeastern India with several new reports.
Journal of Threatened Taxa
7
(12), 7879–7901.
http://dx.doi.org/10.11609/JoTT.o4007.7879-901
Lecoq H, Wipf-Scheibel C, Verdin C, Desbiez C (2018) Characterization of the first tenuivirus naturally infecting dicotyledonous plants.
Archives of Virology
DOI: 10.1007/s00705-018-4057-6 (via PestLens).
Mitra B, Das P, Chakraborti U, Mallick K & Majumder A (2016) Longhorn beetles (Cerambycidae: Coleoptera) of Meghalaya with eight new records.
Journal of Zoology Studies
3
(4), 39–47.
Sharma A, Handa A, Kappoor S, Shylla B (2018) First report of strawberry mild yellow edge virus in India.
International
Journal of Chemical Studies
6
(3), 662-664.
http://www.chemijournal.com/archives/2018/vol6issue3/PartJ/6-3-79-989.pdf
Silva FG, Passos EM, Diniz LEC, Teodora AV, Talamini V, Fernandes MF, Dollet M (2019) Occurrence in Brazil of
Haplaxius crudus
(Hemiptera: Cixiidae), vector of Coconut lethal yellowing.
Neotropical Entomology
(abst.).
https://doi.org/10.1007/s13744-018-0663-y
Verdin E, Desbiez C, Wipf-Scheibel C, Gognalons P, Kheyr-Pour A, Gronenborn B, Mirzayeva S, Sultanova N, Mammadov A, Huseynova I (2018) First report of tomato yellow leaf curl virus infecting tomato in Azerbaijan.
Journal of Plant Pathology
100
, p 335.
https://doi.org/10.1007/s42161-018-0050-x"
LAPHFR,Spodoptera frugiperda,New data on quarantine pests and pests of the EPPO Alert List,2019/004,2019-01,First record,2018,India,Asia,https://gd.eppo.int/reporting/article-6434,"EPPO Reporting Service no. 01 - 2019
Num. article:
2019/004
New data on quarantine pests and pests of the EPPO Alert List
By searching through the literature, the EPPO Secretariat has extracted the following new data concerning quarantine pests and pests included (or formerly included) on the EPPO Alert List, and indicated in bold the situation of the pest concerned using the terms of ISPM no. 8.
New records
Haplaxius crudus
(Auchenorrhyncha: Cixiidae – EU Annexes) is a vector of Coconut lethal yellowing (EPPO A1 List). During studies conducted in Brazil, the insect was caught in the state of Para in May 2016. Yellow sticky traps had been placed in coconut plantations (
Cocos nucifera
Dwarf hybrids, Dwarf, and Brazilian Green Dwarf Jiqui), among Auchenorrhyncha specimens caught, 87% were identified as
H. crudus
(Silva
et al
., 2019).
Present, only in some areas.
In the United Kingdom,
Plantago asiatica mosaic virus
(
Potexvirus
, PlAMV) was found for the first time in April 2018 in a symptomatic sample of Oriental hybrid lily (
Lilium
sp.). This sample had been collected from a glasshouse nursery in Southern England where a few plants were showing symptoms of rust-coloured, necrotic streaking on the leaves. These plants had been grown from bulbs originating from the Netherlands. Measures were recommended to the grower to avoid any further spread (Harju
et al
., 2018).
Strawberry mild yellow edge virus
(
Potexvirus,
SMYEV - EU Annexes) was first reported in India, in Himachal Pradesh (Solan district). Strawberry (
Fragaria ananassa
) plants presented symptoms typical of viral infection in the form of mild mottling, cupping of leaflets and leaf deformation. The identity of the virus was confirmed by DAS-ELISA (Sharma
et al.
, 2018).
Present, only in some areas.
During surveys conducted in September 2014 in Azerbaijan, tomato samples were collected from different regions. Symptomatic samples collected in Absheron peninsula (near Baku) tested positive for
Tomato yellow leaf curl virus
(
Begomovirus
, TYLCV - EPPO A2 List). High populations of
Bemisia tabaci
(EPPO A2 List) were also observed. The virus was not detected in other regions although
B. tabaci
is present in the whole country (Verdin
et al.
, 2018).
Detailed records
In India,
Apriona germari
(Coleoptera: Cerambycidae - EPPO A1 List) occurs in
Arunachal Pradesh (Kumawat
et al
., 2015) and Meghalaya (Mitra
et al
., 2016).
During a study conducted in Indiana (US) over 2 years on 50 strains associated with bacterial spot of tomato (EPPO A2 List), 78% were identified as
Xanthomonas perforans
and 12% as
X. gardneri. X. euvesicatoria
was detected in 1 sample and
X. vesicatoria
was not detected in any sample (Egel
et al
., 2018).
Haplaxius crudus
(Auchenorrhyncha: Cixiidae – EU Annexes) is a vector of Coconut lethal yellowing (EPPO A1 List). Its presence in Mississippi (US) was first reported in 2018. In North America, it was previously known to occur only in Florida and Texas (Hill
et al
., 2018).
The presence of
Spodoptera frugiperda
(Lepidoptera: Noctuidae – EPPO A1 List) has been confirmed in Maharashtra, India (see EPPO
RS 2018/154
). The pest was found in September 2018 in several districts (Kolhapur, Pune, Sangli, Satara, and Solapur) feeding on sugarcane (
Saccharum officinarum
), and other crops such as maize, sorghum and sweet maize (respectively
Zea mays, Sorghum bicolor, Z. mays
subsp
. saccharata
). In the field, infestation levels ranged from 2% to 35%. The presence of natural enemies (
Campoletis chlorideae
(Hymenoptera: Ichneumonidae) and the entomopathogenic fungus
Nomuraea rileyi
) was observed but with a low incidence (Ankush
et al
., 2019).
Epidemiology
Bactericera maculipennis
(Hemiptera: Triozidae) can harbour ‘
Candidatus
Liberibacter solanacearum’ (EPPO A1 List, Solanaceae haplotypes).
B. maculipennis
often cohabits on weeds such as
Convolvulus arvensis
or
Lycium
sp. with the congeneric psyllid,
Bactericera cockerelli
(EPPO A1 List), the known vector of ‘
Ca
. L. solanacearum’ haplotypes A and B in the Pacific Northwestern United States. Results of laboratory tests demonstrated that ‘
Ca
. L. solanacearum’ can be transmitted between
B. cockerelli
and
B. maculipennis
on plants within the Convolvulaceae. However,
B. maculipennis
is not considered as a direct threat for potato (
Solanum tuberosum
) production as Liberibacter-infected
B. maculipennis
did not transmit the pathogen to potato plants (Borges
et al.
, 2017).
New pests and taxonomy
The fungus causing oak wilt previously called
Ceratocystis fagacearum
(EPPO A1 List -) has been reclassified into a new genus and should now be called
Bretziella
fagacearum
(de Beer
et al.,
2017).
Using next-generation sequencing, a new
Citrivirus
, tentatively called Citrus leaf blotch virus 2 (CLBV-2) has been detected in China. This virus was found on cultivated
Citrus tamurana
and
C. junos x C. grandis
trees showing chlorotic leaf blotches (Cao
et al.,
2018).
A mechanically transmissible virus tentatively called Melon chlorotic spot virus (MeCSV – most closely related to tenuiviruses) was isolated in Southeastern France from a melon (
Cucumis melo
) plant showing chlorotic spots and yellowing of the older leaves (Lecoq
et al
., 2018).
Sources
Ankush C, Naresh S, Sharanabasappa, Kalleshwaraswamy CM, Asokan R, Mahadeva Swamy HM (2019) First report of the fall armyworm,
Spodoptera frugiperda
(JE Smith) (Lepidoptera, Noctuidae) on sugarcane and other crops from Maharashtra, India.
Journal of Entomology and Zoology Studies
7
(1), 114-117.
Borges KM, Cooper WR, Garczynski SF, Thinakaran J, Jensen AS, Horton DR, Barcenas NM (2017) ‘
Candidatus
Liberibacter solanacearum’ associated with the psyllid,
Bactericera maculipennis
(Hemiptera: Triozidae).
Environmental Entomology
46
(2), 210–216.
https://doi.org/10.1093/ee/nvw174
Cao M, Li P, Zhang S, Yang F, Zhou Y, Wang X, Li R, Li Z (2018) Molecular characterization of a novel citrivirus from citrus using next-generation sequencing.
Archives of Virology
163
(12), 3479-348. DOI: 10.1007/s00705-018-4039-8 (via PestLens).
De Beer ZW, Marincowitz S, Duong TA, Wingfield MJ (2017)
Bretziella
, a new genus to accommodate the oak wilt fungus,
Ceratocystis fagacearum
(Microascales, Ascomycota).
MycoKeys
27
, 1-19.
https://doi.org/10.3897/mycokeys.27.20657
Egel DS, Jones JB, Minsavage GV, Creswell T, Ruhl G, Maynard E, Marchino C (2018) Distribution and characterization of Xanthomonas strains causing bacterial spot of tomato in Indiana.
Plant Health Progress
. DOI:10.1094/PHP-07-18-0041-BR
Harju V, Forde S, Tozer H, Dible A, Buxton Kirk A, Fowkes A, Skelton A, Fox A (2018)
Plantago asiatica mosaic virus
detected in
Lilium
in the UK.
New Disease Reports
38
, 25.
http://dx.doi.org/10.5197/j.2044-0588.2018.038.025
Hill JG, Seltzer JI, Hendon A, Bartlett CR (2018) First report of the American palm cixiid (Hemiptera: Cixiidae) from Mississippi, USA.
Transactions of the American Entomological Society
144
(3), 593-598 (abst.).
https://doi.org/10.3157/061.144.0310
Kumawat MM, Mamocha Singh K, Ramamurthy VV (2015) A checklist of the long-horned beetles (Coleoptera: Cerambycidae) of Arunachal Pradesh, northeastern India with several new reports.
Journal of Threatened Taxa
7
(12), 7879–7901.
http://dx.doi.org/10.11609/JoTT.o4007.7879-901
Lecoq H, Wipf-Scheibel C, Verdin C, Desbiez C (2018) Characterization of the first tenuivirus naturally infecting dicotyledonous plants.
Archives of Virology
DOI: 10.1007/s00705-018-4057-6 (via PestLens).
Mitra B, Das P, Chakraborti U, Mallick K & Majumder A (2016) Longhorn beetles (Cerambycidae: Coleoptera) of Meghalaya with eight new records.
Journal of Zoology Studies
3
(4), 39–47.
Sharma A, Handa A, Kappoor S, Shylla B (2018) First report of strawberry mild yellow edge virus in India.
International
Journal of Chemical Studies
6
(3), 662-664.
http://www.chemijournal.com/archives/2018/vol6issue3/PartJ/6-3-79-989.pdf
Silva FG, Passos EM, Diniz LEC, Teodora AV, Talamini V, Fernandes MF, Dollet M (2019) Occurrence in Brazil of
Haplaxius crudus
(Hemiptera: Cixiidae), vector of Coconut lethal yellowing.
Neotropical Entomology
(abst.).
https://doi.org/10.1007/s13744-018-0663-y
Verdin E, Desbiez C, Wipf-Scheibel C, Gognalons P, Kheyr-Pour A, Gronenborn B, Mirzayeva S, Sultanova N, Mammadov A, Huseynova I (2018) First report of tomato yellow leaf curl virus infecting tomato in Azerbaijan.
Journal of Plant Pathology
100
, p 335.
https://doi.org/10.1007/s42161-018-0050-x"
LAPHFR,Spodoptera frugiperda,New data on quarantine pests and pests of the EPPO Alert List,2019/004,2019-01,First record,2018,China,Asia,https://gd.eppo.int/reporting/article-6434,"EPPO Reporting Service no. 01 - 2019
Num. article:
2019/004
New data on quarantine pests and pests of the EPPO Alert List
By searching through the literature, the EPPO Secretariat has extracted the following new data concerning quarantine pests and pests included (or formerly included) on the EPPO Alert List, and indicated in bold the situation of the pest concerned using the terms of ISPM no. 8.
New records
Haplaxius crudus
(Auchenorrhyncha: Cixiidae – EU Annexes) is a vector of Coconut lethal yellowing (EPPO A1 List). During studies conducted in Brazil, the insect was caught in the state of Para in May 2016. Yellow sticky traps had been placed in coconut plantations (
Cocos nucifera
Dwarf hybrids, Dwarf, and Brazilian Green Dwarf Jiqui), among Auchenorrhyncha specimens caught, 87% were identified as
H. crudus
(Silva
et al
., 2019).
Present, only in some areas.
In the United Kingdom,
Plantago asiatica mosaic virus
(
Potexvirus
, PlAMV) was found for the first time in April 2018 in a symptomatic sample of Oriental hybrid lily (
Lilium
sp.). This sample had been collected from a glasshouse nursery in Southern England where a few plants were showing symptoms of rust-coloured, necrotic streaking on the leaves. These plants had been grown from bulbs originating from the Netherlands. Measures were recommended to the grower to avoid any further spread (Harju
et al
., 2018).
Strawberry mild yellow edge virus
(
Potexvirus,
SMYEV - EU Annexes) was first reported in India, in Himachal Pradesh (Solan district). Strawberry (
Fragaria ananassa
) plants presented symptoms typical of viral infection in the form of mild mottling, cupping of leaflets and leaf deformation. The identity of the virus was confirmed by DAS-ELISA (Sharma
et al.
, 2018).
Present, only in some areas.
During surveys conducted in September 2014 in Azerbaijan, tomato samples were collected from different regions. Symptomatic samples collected in Absheron peninsula (near Baku) tested positive for
Tomato yellow leaf curl virus
(
Begomovirus
, TYLCV - EPPO A2 List). High populations of
Bemisia tabaci
(EPPO A2 List) were also observed. The virus was not detected in other regions although
B. tabaci
is present in the whole country (Verdin
et al.
, 2018).
Detailed records
In India,
Apriona germari
(Coleoptera: Cerambycidae - EPPO A1 List) occurs in
Arunachal Pradesh (Kumawat
et al
., 2015) and Meghalaya (Mitra
et al
., 2016).
During a study conducted in Indiana (US) over 2 years on 50 strains associated with bacterial spot of tomato (EPPO A2 List), 78% were identified as
Xanthomonas perforans
and 12% as
X. gardneri. X. euvesicatoria
was detected in 1 sample and
X. vesicatoria
was not detected in any sample (Egel
et al
., 2018).
Haplaxius crudus
(Auchenorrhyncha: Cixiidae – EU Annexes) is a vector of Coconut lethal yellowing (EPPO A1 List). Its presence in Mississippi (US) was first reported in 2018. In North America, it was previously known to occur only in Florida and Texas (Hill
et al
., 2018).
The presence of
Spodoptera frugiperda
(Lepidoptera: Noctuidae – EPPO A1 List) has been confirmed in Maharashtra, India (see EPPO
RS 2018/154
). The pest was found in September 2018 in several districts (Kolhapur, Pune, Sangli, Satara, and Solapur) feeding on sugarcane (
Saccharum officinarum
), and other crops such as maize, sorghum and sweet maize (respectively
Zea mays, Sorghum bicolor, Z. mays
subsp
. saccharata
). In the field, infestation levels ranged from 2% to 35%. The presence of natural enemies (
Campoletis chlorideae
(Hymenoptera: Ichneumonidae) and the entomopathogenic fungus
Nomuraea rileyi
) was observed but with a low incidence (Ankush
et al
., 2019).
Epidemiology
Bactericera maculipennis
(Hemiptera: Triozidae) can harbour ‘
Candidatus
Liberibacter solanacearum’ (EPPO A1 List, Solanaceae haplotypes).
B. maculipennis
often cohabits on weeds such as
Convolvulus arvensis
or
Lycium
sp. with the congeneric psyllid,
Bactericera cockerelli
(EPPO A1 List), the known vector of ‘
Ca
. L. solanacearum’ haplotypes A and B in the Pacific Northwestern United States. Results of laboratory tests demonstrated that ‘
Ca
. L. solanacearum’ can be transmitted between
B. cockerelli
and
B. maculipennis
on plants within the Convolvulaceae. However,
B. maculipennis
is not considered as a direct threat for potato (
Solanum tuberosum
) production as Liberibacter-infected
B. maculipennis
did not transmit the pathogen to potato plants (Borges
et al.
, 2017).
New pests and taxonomy
The fungus causing oak wilt previously called
Ceratocystis fagacearum
(EPPO A1 List -) has been reclassified into a new genus and should now be called
Bretziella
fagacearum
(de Beer
et al.,
2017).
Using next-generation sequencing, a new
Citrivirus
, tentatively called Citrus leaf blotch virus 2 (CLBV-2) has been detected in China. This virus was found on cultivated
Citrus tamurana
and
C. junos x C. grandis
trees showing chlorotic leaf blotches (Cao
et al.,
2018).
A mechanically transmissible virus tentatively called Melon chlorotic spot virus (MeCSV – most closely related to tenuiviruses) was isolated in Southeastern France from a melon (
Cucumis melo
) plant showing chlorotic spots and yellowing of the older leaves (Lecoq
et al
., 2018).
Sources
Ankush C, Naresh S, Sharanabasappa, Kalleshwaraswamy CM, Asokan R, Mahadeva Swamy HM (2019) First report of the fall armyworm,
Spodoptera frugiperda
(JE Smith) (Lepidoptera, Noctuidae) on sugarcane and other crops from Maharashtra, India.
Journal of Entomology and Zoology Studies
7
(1), 114-117.
Borges KM, Cooper WR, Garczynski SF, Thinakaran J, Jensen AS, Horton DR, Barcenas NM (2017) ‘
Candidatus
Liberibacter solanacearum’ associated with the psyllid,
Bactericera maculipennis
(Hemiptera: Triozidae).
Environmental Entomology
46
(2), 210–216.
https://doi.org/10.1093/ee/nvw174
Cao M, Li P, Zhang S, Yang F, Zhou Y, Wang X, Li R, Li Z (2018) Molecular characterization of a novel citrivirus from citrus using next-generation sequencing.
Archives of Virology
163
(12), 3479-348. DOI: 10.1007/s00705-018-4039-8 (via PestLens).
De Beer ZW, Marincowitz S, Duong TA, Wingfield MJ (2017)
Bretziella
, a new genus to accommodate the oak wilt fungus,
Ceratocystis fagacearum
(Microascales, Ascomycota).
MycoKeys
27
, 1-19.
https://doi.org/10.3897/mycokeys.27.20657
Egel DS, Jones JB, Minsavage GV, Creswell T, Ruhl G, Maynard E, Marchino C (2018) Distribution and characterization of Xanthomonas strains causing bacterial spot of tomato in Indiana.
Plant Health Progress
. DOI:10.1094/PHP-07-18-0041-BR
Harju V, Forde S, Tozer H, Dible A, Buxton Kirk A, Fowkes A, Skelton A, Fox A (2018)
Plantago asiatica mosaic virus
detected in
Lilium
in the UK.
New Disease Reports
38
, 25.
http://dx.doi.org/10.5197/j.2044-0588.2018.038.025
Hill JG, Seltzer JI, Hendon A, Bartlett CR (2018) First report of the American palm cixiid (Hemiptera: Cixiidae) from Mississippi, USA.
Transactions of the American Entomological Society
144
(3), 593-598 (abst.).
https://doi.org/10.3157/061.144.0310
Kumawat MM, Mamocha Singh K, Ramamurthy VV (2015) A checklist of the long-horned beetles (Coleoptera: Cerambycidae) of Arunachal Pradesh, northeastern India with several new reports.
Journal of Threatened Taxa
7
(12), 7879–7901.
http://dx.doi.org/10.11609/JoTT.o4007.7879-901
Lecoq H, Wipf-Scheibel C, Verdin C, Desbiez C (2018) Characterization of the first tenuivirus naturally infecting dicotyledonous plants.
Archives of Virology
DOI: 10.1007/s00705-018-4057-6 (via PestLens).
Mitra B, Das P, Chakraborti U, Mallick K & Majumder A (2016) Longhorn beetles (Cerambycidae: Coleoptera) of Meghalaya with eight new records.
Journal of Zoology Studies
3
(4), 39–47.
Sharma A, Handa A, Kappoor S, Shylla B (2018) First report of strawberry mild yellow edge virus in India.
International
Journal of Chemical Studies
6
(3), 662-664.
http://www.chemijournal.com/archives/2018/vol6issue3/PartJ/6-3-79-989.pdf
Silva FG, Passos EM, Diniz LEC, Teodora AV, Talamini V, Fernandes MF, Dollet M (2019) Occurrence in Brazil of
Haplaxius crudus
(Hemiptera: Cixiidae), vector of Coconut lethal yellowing.
Neotropical Entomology
(abst.).
https://doi.org/10.1007/s13744-018-0663-y
Verdin E, Desbiez C, Wipf-Scheibel C, Gognalons P, Kheyr-Pour A, Gronenborn B, Mirzayeva S, Sultanova N, Mammadov A, Huseynova I (2018) First report of tomato yellow leaf curl virus infecting tomato in Azerbaijan.
Journal of Plant Pathology
100
, p 335.
https://doi.org/10.1007/s42161-018-0050-x"
LAPHFR,Spodoptera frugiperda,New data on quarantine pests and pests of the EPPO Alert List,2019/004,2019-01,First record,2018,France,Europe,https://gd.eppo.int/reporting/article-6434,"EPPO Reporting Service no. 01 - 2019
Num. article:
2019/004
New data on quarantine pests and pests of the EPPO Alert List
By searching through the literature, the EPPO Secretariat has extracted the following new data concerning quarantine pests and pests included (or formerly included) on the EPPO Alert List, and indicated in bold the situation of the pest concerned using the terms of ISPM no. 8.
New records
Haplaxius crudus
(Auchenorrhyncha: Cixiidae – EU Annexes) is a vector of Coconut lethal yellowing (EPPO A1 List). During studies conducted in Brazil, the insect was caught in the state of Para in May 2016. Yellow sticky traps had been placed in coconut plantations (
Cocos nucifera
Dwarf hybrids, Dwarf, and Brazilian Green Dwarf Jiqui), among Auchenorrhyncha specimens caught, 87% were identified as
H. crudus
(Silva
et al
., 2019).
Present, only in some areas.
In the United Kingdom,
Plantago asiatica mosaic virus
(
Potexvirus
, PlAMV) was found for the first time in April 2018 in a symptomatic sample of Oriental hybrid lily (
Lilium
sp.). This sample had been collected from a glasshouse nursery in Southern England where a few plants were showing symptoms of rust-coloured, necrotic streaking on the leaves. These plants had been grown from bulbs originating from the Netherlands. Measures were recommended to the grower to avoid any further spread (Harju
et al
., 2018).
Strawberry mild yellow edge virus
(
Potexvirus,
SMYEV - EU Annexes) was first reported in India, in Himachal Pradesh (Solan district). Strawberry (
Fragaria ananassa
) plants presented symptoms typical of viral infection in the form of mild mottling, cupping of leaflets and leaf deformation. The identity of the virus was confirmed by DAS-ELISA (Sharma
et al.
, 2018).
Present, only in some areas.
During surveys conducted in September 2014 in Azerbaijan, tomato samples were collected from different regions. Symptomatic samples collected in Absheron peninsula (near Baku) tested positive for
Tomato yellow leaf curl virus
(
Begomovirus
, TYLCV - EPPO A2 List). High populations of
Bemisia tabaci
(EPPO A2 List) were also observed. The virus was not detected in other regions although
B. tabaci
is present in the whole country (Verdin
et al.
, 2018).
Detailed records
In India,
Apriona germari
(Coleoptera: Cerambycidae - EPPO A1 List) occurs in
Arunachal Pradesh (Kumawat
et al
., 2015) and Meghalaya (Mitra
et al
., 2016).
During a study conducted in Indiana (US) over 2 years on 50 strains associated with bacterial spot of tomato (EPPO A2 List), 78% were identified as
Xanthomonas perforans
and 12% as
X. gardneri. X. euvesicatoria
was detected in 1 sample and
X. vesicatoria
was not detected in any sample (Egel
et al
., 2018).
Haplaxius crudus
(Auchenorrhyncha: Cixiidae – EU Annexes) is a vector of Coconut lethal yellowing (EPPO A1 List). Its presence in Mississippi (US) was first reported in 2018. In North America, it was previously known to occur only in Florida and Texas (Hill
et al
., 2018).
The presence of
Spodoptera frugiperda
(Lepidoptera: Noctuidae – EPPO A1 List) has been confirmed in Maharashtra, India (see EPPO
RS 2018/154
). The pest was found in September 2018 in several districts (Kolhapur, Pune, Sangli, Satara, and Solapur) feeding on sugarcane (
Saccharum officinarum
), and other crops such as maize, sorghum and sweet maize (respectively
Zea mays, Sorghum bicolor, Z. mays
subsp
. saccharata
). In the field, infestation levels ranged from 2% to 35%. The presence of natural enemies (
Campoletis chlorideae
(Hymenoptera: Ichneumonidae) and the entomopathogenic fungus
Nomuraea rileyi
) was observed but with a low incidence (Ankush
et al
., 2019).
Epidemiology
Bactericera maculipennis
(Hemiptera: Triozidae) can harbour ‘
Candidatus
Liberibacter solanacearum’ (EPPO A1 List, Solanaceae haplotypes).
B. maculipennis
often cohabits on weeds such as
Convolvulus arvensis
or
Lycium
sp. with the congeneric psyllid,
Bactericera cockerelli
(EPPO A1 List), the known vector of ‘
Ca
. L. solanacearum’ haplotypes A and B in the Pacific Northwestern United States. Results of laboratory tests demonstrated that ‘
Ca
. L. solanacearum’ can be transmitted between
B. cockerelli
and
B. maculipennis
on plants within the Convolvulaceae. However,
B. maculipennis
is not considered as a direct threat for potato (
Solanum tuberosum
) production as Liberibacter-infected
B. maculipennis
did not transmit the pathogen to potato plants (Borges
et al.
, 2017).
New pests and taxonomy
The fungus causing oak wilt previously called
Ceratocystis fagacearum
(EPPO A1 List -) has been reclassified into a new genus and should now be called
Bretziella
fagacearum
(de Beer
et al.,
2017).
Using next-generation sequencing, a new
Citrivirus
, tentatively called Citrus leaf blotch virus 2 (CLBV-2) has been detected in China. This virus was found on cultivated
Citrus tamurana
and
C. junos x C. grandis
trees showing chlorotic leaf blotches (Cao
et al.,
2018).
A mechanically transmissible virus tentatively called Melon chlorotic spot virus (MeCSV – most closely related to tenuiviruses) was isolated in Southeastern France from a melon (
Cucumis melo
) plant showing chlorotic spots and yellowing of the older leaves (Lecoq
et al
., 2018).
Sources
Ankush C, Naresh S, Sharanabasappa, Kalleshwaraswamy CM, Asokan R, Mahadeva Swamy HM (2019) First report of the fall armyworm,
Spodoptera frugiperda
(JE Smith) (Lepidoptera, Noctuidae) on sugarcane and other crops from Maharashtra, India.
Journal of Entomology and Zoology Studies
7
(1), 114-117.
Borges KM, Cooper WR, Garczynski SF, Thinakaran J, Jensen AS, Horton DR, Barcenas NM (2017) ‘
Candidatus
Liberibacter solanacearum’ associated with the psyllid,
Bactericera maculipennis
(Hemiptera: Triozidae).
Environmental Entomology
46
(2), 210–216.
https://doi.org/10.1093/ee/nvw174
Cao M, Li P, Zhang S, Yang F, Zhou Y, Wang X, Li R, Li Z (2018) Molecular characterization of a novel citrivirus from citrus using next-generation sequencing.
Archives of Virology
163
(12), 3479-348. DOI: 10.1007/s00705-018-4039-8 (via PestLens).
De Beer ZW, Marincowitz S, Duong TA, Wingfield MJ (2017)
Bretziella
, a new genus to accommodate the oak wilt fungus,
Ceratocystis fagacearum
(Microascales, Ascomycota).
MycoKeys
27
, 1-19.
https://doi.org/10.3897/mycokeys.27.20657
Egel DS, Jones JB, Minsavage GV, Creswell T, Ruhl G, Maynard E, Marchino C (2018) Distribution and characterization of Xanthomonas strains causing bacterial spot of tomato in Indiana.
Plant Health Progress
. DOI:10.1094/PHP-07-18-0041-BR
Harju V, Forde S, Tozer H, Dible A, Buxton Kirk A, Fowkes A, Skelton A, Fox A (2018)
Plantago asiatica mosaic virus
detected in
Lilium
in the UK.
New Disease Reports
38
, 25.
http://dx.doi.org/10.5197/j.2044-0588.2018.038.025
Hill JG, Seltzer JI, Hendon A, Bartlett CR (2018) First report of the American palm cixiid (Hemiptera: Cixiidae) from Mississippi, USA.
Transactions of the American Entomological Society
144
(3), 593-598 (abst.).
https://doi.org/10.3157/061.144.0310
Kumawat MM, Mamocha Singh K, Ramamurthy VV (2015) A checklist of the long-horned beetles (Coleoptera: Cerambycidae) of Arunachal Pradesh, northeastern India with several new reports.
Journal of Threatened Taxa
7
(12), 7879–7901.
http://dx.doi.org/10.11609/JoTT.o4007.7879-901
Lecoq H, Wipf-Scheibel C, Verdin C, Desbiez C (2018) Characterization of the first tenuivirus naturally infecting dicotyledonous plants.
Archives of Virology
DOI: 10.1007/s00705-018-4057-6 (via PestLens).
Mitra B, Das P, Chakraborti U, Mallick K & Majumder A (2016) Longhorn beetles (Cerambycidae: Coleoptera) of Meghalaya with eight new records.
Journal of Zoology Studies
3
(4), 39–47.
Sharma A, Handa A, Kappoor S, Shylla B (2018) First report of strawberry mild yellow edge virus in India.
International
Journal of Chemical Studies
6
(3), 662-664.
http://www.chemijournal.com/archives/2018/vol6issue3/PartJ/6-3-79-989.pdf
Silva FG, Passos EM, Diniz LEC, Teodora AV, Talamini V, Fernandes MF, Dollet M (2019) Occurrence in Brazil of
Haplaxius crudus
(Hemiptera: Cixiidae), vector of Coconut lethal yellowing.
Neotropical Entomology
(abst.).
https://doi.org/10.1007/s13744-018-0663-y
Verdin E, Desbiez C, Wipf-Scheibel C, Gognalons P, Kheyr-Pour A, Gronenborn B, Mirzayeva S, Sultanova N, Mammadov A, Huseynova I (2018) First report of tomato yellow leaf curl virus infecting tomato in Azerbaijan.
Journal of Plant Pathology
100
, p 335.
https://doi.org/10.1007/s42161-018-0050-x"
LAPHFR,Spodoptera frugiperda,First report of Spodoptera frugiperda in Réunion,2018/190,2018-10,First record,2018,Réunion,Africa,https://gd.eppo.int/reporting/article-6384,"EPPO Reporting Service no. 10 - 2018
Num. article:
2018/190
First report of Spodoptera frugiperda in Réunion
The NPPO of France recently informed the EPPO Secretariat of the first record
of Spodoptera frugiperda
(Lepidoptera: Noctuidae – EPPO A1 List) in Réunion. The pest was discovered in September 2018 during specific surveys. The pest was found in 2 maize (
Zea mays
) production sites where only 1 to 2% of the plants were attacked. The identity of the pest was confirmed on the basis of its morphological characteristics by the French national reference laboratory (ANSES). Additional surveys will be carried out on the island of Réunion to better determine the extent of the infestation and official control measures are being elaborated.
The pest status of
Spodoptera frugiperda
in Réunion is officially declared as:
Present, only in some areas.
Sources
NPPO of France (2018-10)."
LAPHFR,Spodoptera frugiperda,First report of Spodoptera frugiperda in Mayotte,2018/189,2018-10,First record,2018,Mayotte,Africa,https://gd.eppo.int/reporting/article-6383,"EPPO Reporting Service no. 10 - 2018
Num. article:
2018/189
First report of Spodoptera frugiperda in Mayotte
The NPPO of France recently informed the EPPO Secretariat of the first record
of Spodoptera frugiperda
(Lepidoptera: Noctuidae – EPPO A1 List) in Mayotte. The pest was discovered in August 2018 during specific surveys. Larvae were found in 3 maize fields (
Zea mays
) in 2 different sites. It is noted that in one field, 90% of the area was infested by
S. frugiperda
and on some maize plants up to 7 larvae per plant were observed. The identity of the pest was confirmed on the basis of its morphological characteristics by the French national reference laboratory (ANSES). Additional surveys will be carried out in Mayotte to better determine the extent of the infestation and official control measures are being elaborated.
The pest status of
Spodoptera frugiperda
in Mayotte is officially declared as:
Present, only in some areas.
Sources
NPPO of France (2018-10)."
LAPHFR,Spodoptera frugiperda,First report of Spodoptera frugiperda in India,2018/154,2018-08,First record,2018,India,Asia,https://gd.eppo.int/reporting/article-6348,"EPPO Reporting Service no. 08 - 2018
Num. article:
2018/154
First report of Spodoptera frugiperda in India
The fall armyworm,
Spodoptera frugiperda
(Lepidoptera: Noctuidae – EPPO A1 List) has been identified for the first time in India. This is also a first record for Asia. In May 2018, the presence of the pest was noted in maize (
Zea mays
) fields within the campus of the University of Agricultural and Horticultural Sciences in Shivamogga, Karnataka.
S. frugiperda
was then observed in different districts of Karnataka. In August 2018,
S. frugiperda
was also reported in Andhra Pradesh. Damage and insect larvae were found in sweet maize grown at the farm of the Agricultural College of Tirupati, as well as in maize fields in the Pathasanambatla village (Chandragiri mandal, Chittoor district). On the Internet, records of
S. frugiperda
in other Indian states (Maharashtra, Tamil Nadu, and Telangana) were also published in August 2018 but need to be confirmed.
Considering the phytosanitary crisis caused by the introduction
S. frugiperda
in Africa, its discovery in India, in a rapidly growing number of States, is raising serious concerns.
Sources
INTERNET
Acharya N.G. Ranga Agricultural University (ANGRAU) Pest Alert (2018-08-09) Fall armyworm,
Spodoptera frugiperda
(J.E. Smith) (Lepidoptera: Noctuidae), an invasive pest on maize.
https://www.angrau.ac.in/pdf/Pest%20Alert-%20FAW-1.pdf
CABI. The invasive blog (2018-08-02) CABI warns of rapid spread of crop-devastating fall armyworm across Asia.
https://blog.invasive-species.org/2018/08/02/cabi-warns-of-rapid-spread-of-crop-devastating-fall-armyworm-across-asia/
CIMMYT (2018-08-13) ‘Fall armyworm reported in India: battle against the pest extends now to Asia’ by Cowan C and Johnson J.
https://www.cimmyt.org/fall-armyworm-reported-in-india-battle-against-the-pest-extends-now-to-asia/
ICAR-NBAIR. Pest Alert (2018-07-03)
Spodoptera frugiperda
(J. E. Smith) (Insecta: Lepidoptera).
http://www.nbair.res.in/recent_events/Pest%20Alert%2030th%20July%202018-new1.pdf
IITA (2018-08-04) Fall armyworm has reached the Indian subcontinent!
http://www.iita.org/news-item/fall-armyworm-has-reached-the-indian-subcontinent/
University of Agricultural and Horticultural Sciences in Shivamogga (2018-07-20) ‘Presence of fall armyworm,
Spodoptera frugiperda
(JE Smith) (Lepidoptera: Noctuidae), an invasive pest on maize in University jurisdiction’ by Sharanabasappa and Kalleshwara Swamy CM.
https://drive.google.com/file/d/1hEW58nhZViHPnRduCjRHVIfWhGASHLSH/view
Internet News (Maharashtra, Tamil Nadu and Telengana)
The Hindu (2018-08-20) Fall armyworm spreads to maize fields in Tiruchi.
https://www.thehindu.com/todays-paper/tp-national/tp-tamilnadu/fall-armyworm-spreads-to-maize-fields-in-tiruchi/article24733851.ece
The New Indian Express (2018-08-22) North American pest makes a debut in Telangana, officials worried.
http://www.newindianexpress.com/states/telangana/2018/aug/22/north-american-pest-makes-a-debut-in-telangana-officials-worried-1861078.html"
LAPHFR,Spodoptera frugiperda,Useful publications on Spodoptera frugiperda,2018/072,2018-04,Others,,,,https://gd.eppo.int/reporting/article-6266,"EPPO Reporting Service no. 04 - 2018
Num. article:
2018/072
Useful publications on Spodoptera frugiperda
Triggered by the invasion of Africa by
Spodoptera frugiperda
(Lepidoptera: Noctuidae – EPPO A1 List) and the phytosanitary crisis it created, the following useful documents have recently been published:
FAO (2017) Fall armyworm (FAW). Questions and Answers (Q&A). FAO, Rome, 4 pp.
http://www.fao.org/3/a-i7471e.pdf
FAO (2018) Integrated management of the fall armyworm on maize:  A guide for Farmer Field Schools in Africa, FAO, Rome, 119 pp.
http://www.fao.org/3/I8665EN/i8665en.pdf
Prasanna BM, Huesing JE, Eddy R, Peschke VM (eds) (2018) Fall armyworm in Africa: a guide for Integrated Pest Management. 1
st
edition. Mexico, CDMX: CIMMYT, 109 pp.
https://repository.cimmyt.org/xmlui/handle/10883/19204
Sources
EPPO Secretariat (2018-03)."
LAPHFR,Spodoptera frugiperda,Spodoptera frugiperda continues to spread in Africa,2018/007,2018-01,Update of outbreak,2017,Angola,Africa,https://gd.eppo.int/reporting/article-6201,"EPPO Reporting Service no. 01 - 2018
Num. article:
2018/007
Spodoptera frugiperda continues to spread in Africa
In early 2016, outbreaks of
Spodoptera frugiperda
(Lepidoptera: Noctuidae – EPPO A1 List) were reported for the first time in Africa where high armyworm populations damaging maize (
Zea mays
) crops have been noticed (EPPO
RS 2016/188
, 2017/035, 2017/116, 2017/191, 2017/213). This phytosanitary crisis has prompted coordinated actions by FAO aiming to contain the pest. As of 2017-11-24,
S. frugiperda
has been officially confirmed in the following African countries (recent records are marked in bold and with an asterisk): Angola, Benin, Botswana, Burkina Faso, Burundi, Cameroon,
Cape Verde*,
Central African Republic, Congo (Democratic Republic of), Congo,
Côte d’Ivoire*,
Ethiopia, Gambia, Ghana,
Guinea Bissau*,
Guinea, Kenya,
Madagascar*,
Malawi, Mozambique, Namibia, Niger, Nigeria, Rwanda, Sao Tomé e Principe,
Senegal*, Seychelles*, Sierra Leone*, Somalia*,
South Africa, South Sudan, Swaziland, Tanzania, Togo, Uganda, Zambia, Zimbabwe.
In addition,
S. frugiperda
has been detected in Gabon, Mali, Sudan but its presence remains to be officially confirmed in these countries.
Sources
FAO (2017-11-24) Briefing note on fall armyworm (FAW) in Africa.
http://www.fao.org/3/a-bt415e.pdf"
LAPHFR,Spodoptera frugiperda,Spodoptera frugiperda continues to spread in Africa,2018/007,2018-01,Update of outbreak,2017,Benin,Africa,https://gd.eppo.int/reporting/article-6201,"EPPO Reporting Service no. 01 - 2018
Num. article:
2018/007
Spodoptera frugiperda continues to spread in Africa
In early 2016, outbreaks of
Spodoptera frugiperda
(Lepidoptera: Noctuidae – EPPO A1 List) were reported for the first time in Africa where high armyworm populations damaging maize (
Zea mays
) crops have been noticed (EPPO
RS 2016/188
, 2017/035, 2017/116, 2017/191, 2017/213). This phytosanitary crisis has prompted coordinated actions by FAO aiming to contain the pest. As of 2017-11-24,
S. frugiperda
has been officially confirmed in the following African countries (recent records are marked in bold and with an asterisk): Angola, Benin, Botswana, Burkina Faso, Burundi, Cameroon,
Cape Verde*,
Central African Republic, Congo (Democratic Republic of), Congo,
Côte d’Ivoire*,
Ethiopia, Gambia, Ghana,
Guinea Bissau*,
Guinea, Kenya,
Madagascar*,
Malawi, Mozambique, Namibia, Niger, Nigeria, Rwanda, Sao Tomé e Principe,
Senegal*, Seychelles*, Sierra Leone*, Somalia*,
South Africa, South Sudan, Swaziland, Tanzania, Togo, Uganda, Zambia, Zimbabwe.
In addition,
S. frugiperda
has been detected in Gabon, Mali, Sudan but its presence remains to be officially confirmed in these countries.
Sources
FAO (2017-11-24) Briefing note on fall armyworm (FAW) in Africa.
http://www.fao.org/3/a-bt415e.pdf"
LAPHFR,Spodoptera frugiperda,Spodoptera frugiperda continues to spread in Africa,2018/007,2018-01,Update of outbreak,2017,Botswana,Africa,https://gd.eppo.int/reporting/article-6201,"EPPO Reporting Service no. 01 - 2018
Num. article:
2018/007
Spodoptera frugiperda continues to spread in Africa
In early 2016, outbreaks of
Spodoptera frugiperda
(Lepidoptera: Noctuidae – EPPO A1 List) were reported for the first time in Africa where high armyworm populations damaging maize (
Zea mays
) crops have been noticed (EPPO
RS 2016/188
, 2017/035, 2017/116, 2017/191, 2017/213). This phytosanitary crisis has prompted coordinated actions by FAO aiming to contain the pest. As of 2017-11-24,
S. frugiperda
has been officially confirmed in the following African countries (recent records are marked in bold and with an asterisk): Angola, Benin, Botswana, Burkina Faso, Burundi, Cameroon,
Cape Verde*,
Central African Republic, Congo (Democratic Republic of), Congo,
Côte d’Ivoire*,
Ethiopia, Gambia, Ghana,
Guinea Bissau*,
Guinea, Kenya,
Madagascar*,
Malawi, Mozambique, Namibia, Niger, Nigeria, Rwanda, Sao Tomé e Principe,
Senegal*, Seychelles*, Sierra Leone*, Somalia*,
South Africa, South Sudan, Swaziland, Tanzania, Togo, Uganda, Zambia, Zimbabwe.
In addition,
S. frugiperda
has been detected in Gabon, Mali, Sudan but its presence remains to be officially confirmed in these countries.
Sources
FAO (2017-11-24) Briefing note on fall armyworm (FAW) in Africa.
http://www.fao.org/3/a-bt415e.pdf"
LAPHFR,Spodoptera frugiperda,Spodoptera frugiperda continues to spread in Africa,2018/007,2018-01,Update of outbreak,2017,Burkina Faso,Africa,https://gd.eppo.int/reporting/article-6201,"EPPO Reporting Service no. 01 - 2018
Num. article:
2018/007
Spodoptera frugiperda continues to spread in Africa
In early 2016, outbreaks of
Spodoptera frugiperda
(Lepidoptera: Noctuidae – EPPO A1 List) were reported for the first time in Africa where high armyworm populations damaging maize (
Zea mays
) crops have been noticed (EPPO
RS 2016/188
, 2017/035, 2017/116, 2017/191, 2017/213). This phytosanitary crisis has prompted coordinated actions by FAO aiming to contain the pest. As of 2017-11-24,
S. frugiperda
has been officially confirmed in the following African countries (recent records are marked in bold and with an asterisk): Angola, Benin, Botswana, Burkina Faso, Burundi, Cameroon,
Cape Verde*,
Central African Republic, Congo (Democratic Republic of), Congo,
Côte d’Ivoire*,
Ethiopia, Gambia, Ghana,
Guinea Bissau*,
Guinea, Kenya,
Madagascar*,
Malawi, Mozambique, Namibia, Niger, Nigeria, Rwanda, Sao Tomé e Principe,
Senegal*, Seychelles*, Sierra Leone*, Somalia*,
South Africa, South Sudan, Swaziland, Tanzania, Togo, Uganda, Zambia, Zimbabwe.
In addition,
S. frugiperda
has been detected in Gabon, Mali, Sudan but its presence remains to be officially confirmed in these countries.
Sources
FAO (2017-11-24) Briefing note on fall armyworm (FAW) in Africa.
http://www.fao.org/3/a-bt415e.pdf"
LAPHFR,Spodoptera frugiperda,Spodoptera frugiperda continues to spread in Africa,2018/007,2018-01,Update of outbreak,2017,Burundi,Africa,https://gd.eppo.int/reporting/article-6201,"EPPO Reporting Service no. 01 - 2018
Num. article:
2018/007
Spodoptera frugiperda continues to spread in Africa
In early 2016, outbreaks of
Spodoptera frugiperda
(Lepidoptera: Noctuidae – EPPO A1 List) were reported for the first time in Africa where high armyworm populations damaging maize (
Zea mays
) crops have been noticed (EPPO
RS 2016/188
, 2017/035, 2017/116, 2017/191, 2017/213). This phytosanitary crisis has prompted coordinated actions by FAO aiming to contain the pest. As of 2017-11-24,
S. frugiperda
has been officially confirmed in the following African countries (recent records are marked in bold and with an asterisk): Angola, Benin, Botswana, Burkina Faso, Burundi, Cameroon,
Cape Verde*,
Central African Republic, Congo (Democratic Republic of), Congo,
Côte d’Ivoire*,
Ethiopia, Gambia, Ghana,
Guinea Bissau*,
Guinea, Kenya,
Madagascar*,
Malawi, Mozambique, Namibia, Niger, Nigeria, Rwanda, Sao Tomé e Principe,
Senegal*, Seychelles*, Sierra Leone*, Somalia*,
South Africa, South Sudan, Swaziland, Tanzania, Togo, Uganda, Zambia, Zimbabwe.
In addition,
S. frugiperda
has been detected in Gabon, Mali, Sudan but its presence remains to be officially confirmed in these countries.
Sources
FAO (2017-11-24) Briefing note on fall armyworm (FAW) in Africa.
http://www.fao.org/3/a-bt415e.pdf"
LAPHFR,Spodoptera frugiperda,Spodoptera frugiperda continues to spread in Africa,2018/007,2018-01,Update of outbreak,2017,Cameroon,Africa,https://gd.eppo.int/reporting/article-6201,"EPPO Reporting Service no. 01 - 2018
Num. article:
2018/007
Spodoptera frugiperda continues to spread in Africa
In early 2016, outbreaks of
Spodoptera frugiperda
(Lepidoptera: Noctuidae – EPPO A1 List) were reported for the first time in Africa where high armyworm populations damaging maize (
Zea mays
) crops have been noticed (EPPO
RS 2016/188
, 2017/035, 2017/116, 2017/191, 2017/213). This phytosanitary crisis has prompted coordinated actions by FAO aiming to contain the pest. As of 2017-11-24,
S. frugiperda
has been officially confirmed in the following African countries (recent records are marked in bold and with an asterisk): Angola, Benin, Botswana, Burkina Faso, Burundi, Cameroon,
Cape Verde*,
Central African Republic, Congo (Democratic Republic of), Congo,
Côte d’Ivoire*,
Ethiopia, Gambia, Ghana,
Guinea Bissau*,
Guinea, Kenya,
Madagascar*,
Malawi, Mozambique, Namibia, Niger, Nigeria, Rwanda, Sao Tomé e Principe,
Senegal*, Seychelles*, Sierra Leone*, Somalia*,
South Africa, South Sudan, Swaziland, Tanzania, Togo, Uganda, Zambia, Zimbabwe.
In addition,
S. frugiperda
has been detected in Gabon, Mali, Sudan but its presence remains to be officially confirmed in these countries.
Sources
FAO (2017-11-24) Briefing note on fall armyworm (FAW) in Africa.
http://www.fao.org/3/a-bt415e.pdf"
LAPHFR,Spodoptera frugiperda,Spodoptera frugiperda continues to spread in Africa,2018/007,2018-01,Update of outbreak,2017,Cape Verde,Africa,https://gd.eppo.int/reporting/article-6201,"EPPO Reporting Service no. 01 - 2018
Num. article:
2018/007
Spodoptera frugiperda continues to spread in Africa
In early 2016, outbreaks of
Spodoptera frugiperda
(Lepidoptera: Noctuidae – EPPO A1 List) were reported for the first time in Africa where high armyworm populations damaging maize (
Zea mays
) crops have been noticed (EPPO
RS 2016/188
, 2017/035, 2017/116, 2017/191, 2017/213). This phytosanitary crisis has prompted coordinated actions by FAO aiming to contain the pest. As of 2017-11-24,
S. frugiperda
has been officially confirmed in the following African countries (recent records are marked in bold and with an asterisk): Angola, Benin, Botswana, Burkina Faso, Burundi, Cameroon,
Cape Verde*,
Central African Republic, Congo (Democratic Republic of), Congo,
Côte d’Ivoire*,
Ethiopia, Gambia, Ghana,
Guinea Bissau*,
Guinea, Kenya,
Madagascar*,
Malawi, Mozambique, Namibia, Niger, Nigeria, Rwanda, Sao Tomé e Principe,
Senegal*, Seychelles*, Sierra Leone*, Somalia*,
South Africa, South Sudan, Swaziland, Tanzania, Togo, Uganda, Zambia, Zimbabwe.
In addition,
S. frugiperda
has been detected in Gabon, Mali, Sudan but its presence remains to be officially confirmed in these countries.
Sources
FAO (2017-11-24) Briefing note on fall armyworm (FAW) in Africa.
http://www.fao.org/3/a-bt415e.pdf"
LAPHFR,Spodoptera frugiperda,Spodoptera frugiperda continues to spread in Africa,2018/007,2018-01,Update of outbreak,2017,Central African Republic,Africa,https://gd.eppo.int/reporting/article-6201,"EPPO Reporting Service no. 01 - 2018
Num. article:
2018/007
Spodoptera frugiperda continues to spread in Africa
In early 2016, outbreaks of
Spodoptera frugiperda
(Lepidoptera: Noctuidae – EPPO A1 List) were reported for the first time in Africa where high armyworm populations damaging maize (
Zea mays
) crops have been noticed (EPPO
RS 2016/188
, 2017/035, 2017/116, 2017/191, 2017/213). This phytosanitary crisis has prompted coordinated actions by FAO aiming to contain the pest. As of 2017-11-24,
S. frugiperda
has been officially confirmed in the following African countries (recent records are marked in bold and with an asterisk): Angola, Benin, Botswana, Burkina Faso, Burundi, Cameroon,
Cape Verde*,
Central African Republic, Congo (Democratic Republic of), Congo,
Côte d’Ivoire*,
Ethiopia, Gambia, Ghana,
Guinea Bissau*,
Guinea, Kenya,
Madagascar*,
Malawi, Mozambique, Namibia, Niger, Nigeria, Rwanda, Sao Tomé e Principe,
Senegal*, Seychelles*, Sierra Leone*, Somalia*,
South Africa, South Sudan, Swaziland, Tanzania, Togo, Uganda, Zambia, Zimbabwe.
In addition,
S. frugiperda
has been detected in Gabon, Mali, Sudan but its presence remains to be officially confirmed in these countries.
Sources
FAO (2017-11-24) Briefing note on fall armyworm (FAW) in Africa.
http://www.fao.org/3/a-bt415e.pdf"
LAPHFR,Spodoptera frugiperda,Spodoptera frugiperda continues to spread in Africa,2018/007,2018-01,Update of outbreak,2017,Democratic Republic of the Congo,Africa,https://gd.eppo.int/reporting/article-6201,"EPPO Reporting Service no. 01 - 2018
Num. article:
2018/007
Spodoptera frugiperda continues to spread in Africa
In early 2016, outbreaks of
Spodoptera frugiperda
(Lepidoptera: Noctuidae – EPPO A1 List) were reported for the first time in Africa where high armyworm populations damaging maize (
Zea mays
) crops have been noticed (EPPO
RS 2016/188
, 2017/035, 2017/116, 2017/191, 2017/213). This phytosanitary crisis has prompted coordinated actions by FAO aiming to contain the pest. As of 2017-11-24,
S. frugiperda
has been officially confirmed in the following African countries (recent records are marked in bold and with an asterisk): Angola, Benin, Botswana, Burkina Faso, Burundi, Cameroon,
Cape Verde*,
Central African Republic, Congo (Democratic Republic of), Congo,
Côte d’Ivoire*,
Ethiopia, Gambia, Ghana,
Guinea Bissau*,
Guinea, Kenya,
Madagascar*,
Malawi, Mozambique, Namibia, Niger, Nigeria, Rwanda, Sao Tomé e Principe,
Senegal*, Seychelles*, Sierra Leone*, Somalia*,
South Africa, South Sudan, Swaziland, Tanzania, Togo, Uganda, Zambia, Zimbabwe.
In addition,
S. frugiperda
has been detected in Gabon, Mali, Sudan but its presence remains to be officially confirmed in these countries.
Sources
FAO (2017-11-24) Briefing note on fall armyworm (FAW) in Africa.
http://www.fao.org/3/a-bt415e.pdf"
LAPHFR,Spodoptera frugiperda,Spodoptera frugiperda continues to spread in Africa,2018/007,2018-01,Update of outbreak,2017,Republic of the Congo,Africa,https://gd.eppo.int/reporting/article-6201,"EPPO Reporting Service no. 01 - 2018
Num. article:
2018/007
Spodoptera frugiperda continues to spread in Africa
In early 2016, outbreaks of
Spodoptera frugiperda
(Lepidoptera: Noctuidae – EPPO A1 List) were reported for the first time in Africa where high armyworm populations damaging maize (
Zea mays
) crops have been noticed (EPPO
RS 2016/188
, 2017/035, 2017/116, 2017/191, 2017/213). This phytosanitary crisis has prompted coordinated actions by FAO aiming to contain the pest. As of 2017-11-24,
S. frugiperda
has been officially confirmed in the following African countries (recent records are marked in bold and with an asterisk): Angola, Benin, Botswana, Burkina Faso, Burundi, Cameroon,
Cape Verde*,
Central African Republic, Congo (Democratic Republic of), Congo,
Côte d’Ivoire*,
Ethiopia, Gambia, Ghana,
Guinea Bissau*,
Guinea, Kenya,
Madagascar*,
Malawi, Mozambique, Namibia, Niger, Nigeria, Rwanda, Sao Tomé e Principe,
Senegal*, Seychelles*, Sierra Leone*, Somalia*,
South Africa, South Sudan, Swaziland, Tanzania, Togo, Uganda, Zambia, Zimbabwe.
In addition,
S. frugiperda
has been detected in Gabon, Mali, Sudan but its presence remains to be officially confirmed in these countries.
Sources
FAO (2017-11-24) Briefing note on fall armyworm (FAW) in Africa.
http://www.fao.org/3/a-bt415e.pdf"
LAPHFR,Spodoptera frugiperda,Spodoptera frugiperda continues to spread in Africa,2018/007,2018-01,Update of outbreak,2017,Cote d'Ivoire,Africa,https://gd.eppo.int/reporting/article-6201,"EPPO Reporting Service no. 01 - 2018
Num. article:
2018/007
Spodoptera frugiperda continues to spread in Africa
In early 2016, outbreaks of
Spodoptera frugiperda
(Lepidoptera: Noctuidae – EPPO A1 List) were reported for the first time in Africa where high armyworm populations damaging maize (
Zea mays
) crops have been noticed (EPPO
RS 2016/188
, 2017/035, 2017/116, 2017/191, 2017/213). This phytosanitary crisis has prompted coordinated actions by FAO aiming to contain the pest. As of 2017-11-24,
S. frugiperda
has been officially confirmed in the following African countries (recent records are marked in bold and with an asterisk): Angola, Benin, Botswana, Burkina Faso, Burundi, Cameroon,
Cape Verde*,
Central African Republic, Congo (Democratic Republic of), Congo,
Côte d’Ivoire*,
Ethiopia, Gambia, Ghana,
Guinea Bissau*,
Guinea, Kenya,
Madagascar*,
Malawi, Mozambique, Namibia, Niger, Nigeria, Rwanda, Sao Tomé e Principe,
Senegal*, Seychelles*, Sierra Leone*, Somalia*,
South Africa, South Sudan, Swaziland, Tanzania, Togo, Uganda, Zambia, Zimbabwe.
In addition,
S. frugiperda
has been detected in Gabon, Mali, Sudan but its presence remains to be officially confirmed in these countries.
Sources
FAO (2017-11-24) Briefing note on fall armyworm (FAW) in Africa.
http://www.fao.org/3/a-bt415e.pdf"
LAPHFR,Spodoptera frugiperda,Spodoptera frugiperda continues to spread in Africa,2018/007,2018-01,Update of outbreak,2017,Ethiopia,Africa,https://gd.eppo.int/reporting/article-6201,"EPPO Reporting Service no. 01 - 2018
Num. article:
2018/007
Spodoptera frugiperda continues to spread in Africa
In early 2016, outbreaks of
Spodoptera frugiperda
(Lepidoptera: Noctuidae – EPPO A1 List) were reported for the first time in Africa where high armyworm populations damaging maize (
Zea mays
) crops have been noticed (EPPO
RS 2016/188
, 2017/035, 2017/116, 2017/191, 2017/213). This phytosanitary crisis has prompted coordinated actions by FAO aiming to contain the pest. As of 2017-11-24,
S. frugiperda
has been officially confirmed in the following African countries (recent records are marked in bold and with an asterisk): Angola, Benin, Botswana, Burkina Faso, Burundi, Cameroon,
Cape Verde*,
Central African Republic, Congo (Democratic Republic of), Congo,
Côte d’Ivoire*,
Ethiopia, Gambia, Ghana,
Guinea Bissau*,
Guinea, Kenya,
Madagascar*,
Malawi, Mozambique, Namibia, Niger, Nigeria, Rwanda, Sao Tomé e Principe,
Senegal*, Seychelles*, Sierra Leone*, Somalia*,
South Africa, South Sudan, Swaziland, Tanzania, Togo, Uganda, Zambia, Zimbabwe.
In addition,
S. frugiperda
has been detected in Gabon, Mali, Sudan but its presence remains to be officially confirmed in these countries.
Sources
FAO (2017-11-24) Briefing note on fall armyworm (FAW) in Africa.
http://www.fao.org/3/a-bt415e.pdf"
LAPHFR,Spodoptera frugiperda,Spodoptera frugiperda continues to spread in Africa,2018/007,2018-01,Update of outbreak,2017,The Gambia,Africa,https://gd.eppo.int/reporting/article-6201,"EPPO Reporting Service no. 01 - 2018
Num. article:
2018/007
Spodoptera frugiperda continues to spread in Africa
In early 2016, outbreaks of
Spodoptera frugiperda
(Lepidoptera: Noctuidae – EPPO A1 List) were reported for the first time in Africa where high armyworm populations damaging maize (
Zea mays
) crops have been noticed (EPPO
RS 2016/188
, 2017/035, 2017/116, 2017/191, 2017/213). This phytosanitary crisis has prompted coordinated actions by FAO aiming to contain the pest. As of 2017-11-24,
S. frugiperda
has been officially confirmed in the following African countries (recent records are marked in bold and with an asterisk): Angola, Benin, Botswana, Burkina Faso, Burundi, Cameroon,
Cape Verde*,
Central African Republic, Congo (Democratic Republic of), Congo,
Côte d’Ivoire*,
Ethiopia, Gambia, Ghana,
Guinea Bissau*,
Guinea, Kenya,
Madagascar*,
Malawi, Mozambique, Namibia, Niger, Nigeria, Rwanda, Sao Tomé e Principe,
Senegal*, Seychelles*, Sierra Leone*, Somalia*,
South Africa, South Sudan, Swaziland, Tanzania, Togo, Uganda, Zambia, Zimbabwe.
In addition,
S. frugiperda
has been detected in Gabon, Mali, Sudan but its presence remains to be officially confirmed in these countries.
Sources
FAO (2017-11-24) Briefing note on fall armyworm (FAW) in Africa.
http://www.fao.org/3/a-bt415e.pdf"
LAPHFR,Spodoptera frugiperda,Spodoptera frugiperda continues to spread in Africa,2018/007,2018-01,Update of outbreak,2017,Ghana,Africa,https://gd.eppo.int/reporting/article-6201,"EPPO Reporting Service no. 01 - 2018
Num. article:
2018/007
Spodoptera frugiperda continues to spread in Africa
In early 2016, outbreaks of
Spodoptera frugiperda
(Lepidoptera: Noctuidae – EPPO A1 List) were reported for the first time in Africa where high armyworm populations damaging maize (
Zea mays
) crops have been noticed (EPPO
RS 2016/188
, 2017/035, 2017/116, 2017/191, 2017/213). This phytosanitary crisis has prompted coordinated actions by FAO aiming to contain the pest. As of 2017-11-24,
S. frugiperda
has been officially confirmed in the following African countries (recent records are marked in bold and with an asterisk): Angola, Benin, Botswana, Burkina Faso, Burundi, Cameroon,
Cape Verde*,
Central African Republic, Congo (Democratic Republic of), Congo,
Côte d’Ivoire*,
Ethiopia, Gambia, Ghana,
Guinea Bissau*,
Guinea, Kenya,
Madagascar*,
Malawi, Mozambique, Namibia, Niger, Nigeria, Rwanda, Sao Tomé e Principe,
Senegal*, Seychelles*, Sierra Leone*, Somalia*,
South Africa, South Sudan, Swaziland, Tanzania, Togo, Uganda, Zambia, Zimbabwe.
In addition,
S. frugiperda
has been detected in Gabon, Mali, Sudan but its presence remains to be officially confirmed in these countries.
Sources
FAO (2017-11-24) Briefing note on fall armyworm (FAW) in Africa.
http://www.fao.org/3/a-bt415e.pdf"
LAPHFR,Spodoptera frugiperda,Spodoptera frugiperda continues to spread in Africa,2018/007,2018-01,Update of outbreak,2017,Guinea-Bissau,Africa,https://gd.eppo.int/reporting/article-6201,"EPPO Reporting Service no. 01 - 2018
Num. article:
2018/007
Spodoptera frugiperda continues to spread in Africa
In early 2016, outbreaks of
Spodoptera frugiperda
(Lepidoptera: Noctuidae – EPPO A1 List) were reported for the first time in Africa where high armyworm populations damaging maize (
Zea mays
) crops have been noticed (EPPO
RS 2016/188
, 2017/035, 2017/116, 2017/191, 2017/213). This phytosanitary crisis has prompted coordinated actions by FAO aiming to contain the pest. As of 2017-11-24,
S. frugiperda
has been officially confirmed in the following African countries (recent records are marked in bold and with an asterisk): Angola, Benin, Botswana, Burkina Faso, Burundi, Cameroon,
Cape Verde*,
Central African Republic, Congo (Democratic Republic of), Congo,
Côte d’Ivoire*,
Ethiopia, Gambia, Ghana,
Guinea Bissau*,
Guinea, Kenya,
Madagascar*,
Malawi, Mozambique, Namibia, Niger, Nigeria, Rwanda, Sao Tomé e Principe,
Senegal*, Seychelles*, Sierra Leone*, Somalia*,
South Africa, South Sudan, Swaziland, Tanzania, Togo, Uganda, Zambia, Zimbabwe.
In addition,
S. frugiperda
has been detected in Gabon, Mali, Sudan but its presence remains to be officially confirmed in these countries.
Sources
FAO (2017-11-24) Briefing note on fall armyworm (FAW) in Africa.
http://www.fao.org/3/a-bt415e.pdf"
LAPHFR,Spodoptera frugiperda,Spodoptera frugiperda continues to spread in Africa,2018/007,2018-01,Update of outbreak,2017,Guinea,Africa,https://gd.eppo.int/reporting/article-6201,"EPPO Reporting Service no. 01 - 2018
Num. article:
2018/007
Spodoptera frugiperda continues to spread in Africa
In early 2016, outbreaks of
Spodoptera frugiperda
(Lepidoptera: Noctuidae – EPPO A1 List) were reported for the first time in Africa where high armyworm populations damaging maize (
Zea mays
) crops have been noticed (EPPO
RS 2016/188
, 2017/035, 2017/116, 2017/191, 2017/213). This phytosanitary crisis has prompted coordinated actions by FAO aiming to contain the pest. As of 2017-11-24,
S. frugiperda
has been officially confirmed in the following African countries (recent records are marked in bold and with an asterisk): Angola, Benin, Botswana, Burkina Faso, Burundi, Cameroon,
Cape Verde*,
Central African Republic, Congo (Democratic Republic of), Congo,
Côte d’Ivoire*,
Ethiopia, Gambia, Ghana,
Guinea Bissau*,
Guinea, Kenya,
Madagascar*,
Malawi, Mozambique, Namibia, Niger, Nigeria, Rwanda, Sao Tomé e Principe,
Senegal*, Seychelles*, Sierra Leone*, Somalia*,
South Africa, South Sudan, Swaziland, Tanzania, Togo, Uganda, Zambia, Zimbabwe.
In addition,
S. frugiperda
has been detected in Gabon, Mali, Sudan but its presence remains to be officially confirmed in these countries.
Sources
FAO (2017-11-24) Briefing note on fall armyworm (FAW) in Africa.
http://www.fao.org/3/a-bt415e.pdf"
LAPHFR,Spodoptera frugiperda,Spodoptera frugiperda continues to spread in Africa,2018/007,2018-01,Update of outbreak,2017,Kenya,Africa,https://gd.eppo.int/reporting/article-6201,"EPPO Reporting Service no. 01 - 2018
Num. article:
2018/007
Spodoptera frugiperda continues to spread in Africa
In early 2016, outbreaks of
Spodoptera frugiperda
(Lepidoptera: Noctuidae – EPPO A1 List) were reported for the first time in Africa where high armyworm populations damaging maize (
Zea mays
) crops have been noticed (EPPO
RS 2016/188
, 2017/035, 2017/116, 2017/191, 2017/213). This phytosanitary crisis has prompted coordinated actions by FAO aiming to contain the pest. As of 2017-11-24,
S. frugiperda
has been officially confirmed in the following African countries (recent records are marked in bold and with an asterisk): Angola, Benin, Botswana, Burkina Faso, Burundi, Cameroon,
Cape Verde*,
Central African Republic, Congo (Democratic Republic of), Congo,
Côte d’Ivoire*,
Ethiopia, Gambia, Ghana,
Guinea Bissau*,
Guinea, Kenya,
Madagascar*,
Malawi, Mozambique, Namibia, Niger, Nigeria, Rwanda, Sao Tomé e Principe,
Senegal*, Seychelles*, Sierra Leone*, Somalia*,
South Africa, South Sudan, Swaziland, Tanzania, Togo, Uganda, Zambia, Zimbabwe.
In addition,
S. frugiperda
has been detected in Gabon, Mali, Sudan but its presence remains to be officially confirmed in these countries.
Sources
FAO (2017-11-24) Briefing note on fall armyworm (FAW) in Africa.
http://www.fao.org/3/a-bt415e.pdf"
LAPHFR,Spodoptera frugiperda,Spodoptera frugiperda continues to spread in Africa,2018/007,2018-01,Update of outbreak,2017,Madagascar,Africa,https://gd.eppo.int/reporting/article-6201,"EPPO Reporting Service no. 01 - 2018
Num. article:
2018/007
Spodoptera frugiperda continues to spread in Africa
In early 2016, outbreaks of
Spodoptera frugiperda
(Lepidoptera: Noctuidae – EPPO A1 List) were reported for the first time in Africa where high armyworm populations damaging maize (
Zea mays
) crops have been noticed (EPPO
RS 2016/188
, 2017/035, 2017/116, 2017/191, 2017/213). This phytosanitary crisis has prompted coordinated actions by FAO aiming to contain the pest. As of 2017-11-24,
S. frugiperda
has been officially confirmed in the following African countries (recent records are marked in bold and with an asterisk): Angola, Benin, Botswana, Burkina Faso, Burundi, Cameroon,
Cape Verde*,
Central African Republic, Congo (Democratic Republic of), Congo,
Côte d’Ivoire*,
Ethiopia, Gambia, Ghana,
Guinea Bissau*,
Guinea, Kenya,
Madagascar*,
Malawi, Mozambique, Namibia, Niger, Nigeria, Rwanda, Sao Tomé e Principe,
Senegal*, Seychelles*, Sierra Leone*, Somalia*,
South Africa, South Sudan, Swaziland, Tanzania, Togo, Uganda, Zambia, Zimbabwe.
In addition,
S. frugiperda
has been detected in Gabon, Mali, Sudan but its presence remains to be officially confirmed in these countries.
Sources
FAO (2017-11-24) Briefing note on fall armyworm (FAW) in Africa.
http://www.fao.org/3/a-bt415e.pdf"
LAPHFR,Spodoptera frugiperda,Spodoptera frugiperda continues to spread in Africa,2018/007,2018-01,Update of outbreak,2017,Malawi,Africa,https://gd.eppo.int/reporting/article-6201,"EPPO Reporting Service no. 01 - 2018
Num. article:
2018/007
Spodoptera frugiperda continues to spread in Africa
In early 2016, outbreaks of
Spodoptera frugiperda
(Lepidoptera: Noctuidae – EPPO A1 List) were reported for the first time in Africa where high armyworm populations damaging maize (
Zea mays
) crops have been noticed (EPPO
RS 2016/188
, 2017/035, 2017/116, 2017/191, 2017/213). This phytosanitary crisis has prompted coordinated actions by FAO aiming to contain the pest. As of 2017-11-24,
S. frugiperda
has been officially confirmed in the following African countries (recent records are marked in bold and with an asterisk): Angola, Benin, Botswana, Burkina Faso, Burundi, Cameroon,
Cape Verde*,
Central African Republic, Congo (Democratic Republic of), Congo,
Côte d’Ivoire*,
Ethiopia, Gambia, Ghana,
Guinea Bissau*,
Guinea, Kenya,
Madagascar*,
Malawi, Mozambique, Namibia, Niger, Nigeria, Rwanda, Sao Tomé e Principe,
Senegal*, Seychelles*, Sierra Leone*, Somalia*,
South Africa, South Sudan, Swaziland, Tanzania, Togo, Uganda, Zambia, Zimbabwe.
In addition,
S. frugiperda
has been detected in Gabon, Mali, Sudan but its presence remains to be officially confirmed in these countries.
Sources
FAO (2017-11-24) Briefing note on fall armyworm (FAW) in Africa.
http://www.fao.org/3/a-bt415e.pdf"
LAPHFR,Spodoptera frugiperda,Spodoptera frugiperda continues to spread in Africa,2018/007,2018-01,Update of outbreak,2017,Mozambique,Africa,https://gd.eppo.int/reporting/article-6201,"EPPO Reporting Service no. 01 - 2018
Num. article:
2018/007
Spodoptera frugiperda continues to spread in Africa
In early 2016, outbreaks of
Spodoptera frugiperda
(Lepidoptera: Noctuidae – EPPO A1 List) were reported for the first time in Africa where high armyworm populations damaging maize (
Zea mays
) crops have been noticed (EPPO
RS 2016/188
, 2017/035, 2017/116, 2017/191, 2017/213). This phytosanitary crisis has prompted coordinated actions by FAO aiming to contain the pest. As of 2017-11-24,
S. frugiperda
has been officially confirmed in the following African countries (recent records are marked in bold and with an asterisk): Angola, Benin, Botswana, Burkina Faso, Burundi, Cameroon,
Cape Verde*,
Central African Republic, Congo (Democratic Republic of), Congo,
Côte d’Ivoire*,
Ethiopia, Gambia, Ghana,
Guinea Bissau*,
Guinea, Kenya,
Madagascar*,
Malawi, Mozambique, Namibia, Niger, Nigeria, Rwanda, Sao Tomé e Principe,
Senegal*, Seychelles*, Sierra Leone*, Somalia*,
South Africa, South Sudan, Swaziland, Tanzania, Togo, Uganda, Zambia, Zimbabwe.
In addition,
S. frugiperda
has been detected in Gabon, Mali, Sudan but its presence remains to be officially confirmed in these countries.
Sources
FAO (2017-11-24) Briefing note on fall armyworm (FAW) in Africa.
http://www.fao.org/3/a-bt415e.pdf"
LAPHFR,Spodoptera frugiperda,Spodoptera frugiperda continues to spread in Africa,2018/007,2018-01,Update of outbreak,2017,Namibia,Africa,https://gd.eppo.int/reporting/article-6201,"EPPO Reporting Service no. 01 - 2018
Num. article:
2018/007
Spodoptera frugiperda continues to spread in Africa
In early 2016, outbreaks of
Spodoptera frugiperda
(Lepidoptera: Noctuidae – EPPO A1 List) were reported for the first time in Africa where high armyworm populations damaging maize (
Zea mays
) crops have been noticed (EPPO
RS 2016/188
, 2017/035, 2017/116, 2017/191, 2017/213). This phytosanitary crisis has prompted coordinated actions by FAO aiming to contain the pest. As of 2017-11-24,
S. frugiperda
has been officially confirmed in the following African countries (recent records are marked in bold and with an asterisk): Angola, Benin, Botswana, Burkina Faso, Burundi, Cameroon,
Cape Verde*,
Central African Republic, Congo (Democratic Republic of), Congo,
Côte d’Ivoire*,
Ethiopia, Gambia, Ghana,
Guinea Bissau*,
Guinea, Kenya,
Madagascar*,
Malawi, Mozambique, Namibia, Niger, Nigeria, Rwanda, Sao Tomé e Principe,
Senegal*, Seychelles*, Sierra Leone*, Somalia*,
South Africa, South Sudan, Swaziland, Tanzania, Togo, Uganda, Zambia, Zimbabwe.
In addition,
S. frugiperda
has been detected in Gabon, Mali, Sudan but its presence remains to be officially confirmed in these countries.
Sources
FAO (2017-11-24) Briefing note on fall armyworm (FAW) in Africa.
http://www.fao.org/3/a-bt415e.pdf"
LAPHFR,Spodoptera frugiperda,Spodoptera frugiperda continues to spread in Africa,2018/007,2018-01,Update of outbreak,2017,Niger,Africa,https://gd.eppo.int/reporting/article-6201,"EPPO Reporting Service no. 01 - 2018
Num. article:
2018/007
Spodoptera frugiperda continues to spread in Africa
In early 2016, outbreaks of
Spodoptera frugiperda
(Lepidoptera: Noctuidae – EPPO A1 List) were reported for the first time in Africa where high armyworm populations damaging maize (
Zea mays
) crops have been noticed (EPPO
RS 2016/188
, 2017/035, 2017/116, 2017/191, 2017/213). This phytosanitary crisis has prompted coordinated actions by FAO aiming to contain the pest. As of 2017-11-24,
S. frugiperda
has been officially confirmed in the following African countries (recent records are marked in bold and with an asterisk): Angola, Benin, Botswana, Burkina Faso, Burundi, Cameroon,
Cape Verde*,
Central African Republic, Congo (Democratic Republic of), Congo,
Côte d’Ivoire*,
Ethiopia, Gambia, Ghana,
Guinea Bissau*,
Guinea, Kenya,
Madagascar*,
Malawi, Mozambique, Namibia, Niger, Nigeria, Rwanda, Sao Tomé e Principe,
Senegal*, Seychelles*, Sierra Leone*, Somalia*,
South Africa, South Sudan, Swaziland, Tanzania, Togo, Uganda, Zambia, Zimbabwe.
In addition,
S. frugiperda
has been detected in Gabon, Mali, Sudan but its presence remains to be officially confirmed in these countries.
Sources
FAO (2017-11-24) Briefing note on fall armyworm (FAW) in Africa.
http://www.fao.org/3/a-bt415e.pdf"
LAPHFR,Spodoptera frugiperda,Spodoptera frugiperda continues to spread in Africa,2018/007,2018-01,Update of outbreak,2017,Nigeria,Africa,https://gd.eppo.int/reporting/article-6201,"EPPO Reporting Service no. 01 - 2018
Num. article:
2018/007
Spodoptera frugiperda continues to spread in Africa
In early 2016, outbreaks of
Spodoptera frugiperda
(Lepidoptera: Noctuidae – EPPO A1 List) were reported for the first time in Africa where high armyworm populations damaging maize (
Zea mays
) crops have been noticed (EPPO
RS 2016/188
, 2017/035, 2017/116, 2017/191, 2017/213). This phytosanitary crisis has prompted coordinated actions by FAO aiming to contain the pest. As of 2017-11-24,
S. frugiperda
has been officially confirmed in the following African countries (recent records are marked in bold and with an asterisk): Angola, Benin, Botswana, Burkina Faso, Burundi, Cameroon,
Cape Verde*,
Central African Republic, Congo (Democratic Republic of), Congo,
Côte d’Ivoire*,
Ethiopia, Gambia, Ghana,
Guinea Bissau*,
Guinea, Kenya,
Madagascar*,
Malawi, Mozambique, Namibia, Niger, Nigeria, Rwanda, Sao Tomé e Principe,
Senegal*, Seychelles*, Sierra Leone*, Somalia*,
South Africa, South Sudan, Swaziland, Tanzania, Togo, Uganda, Zambia, Zimbabwe.
In addition,
S. frugiperda
has been detected in Gabon, Mali, Sudan but its presence remains to be officially confirmed in these countries.
Sources
FAO (2017-11-24) Briefing note on fall armyworm (FAW) in Africa.
http://www.fao.org/3/a-bt415e.pdf"
LAPHFR,Spodoptera frugiperda,Spodoptera frugiperda continues to spread in Africa,2018/007,2018-01,Update of outbreak,2017,Rwanda,Africa,https://gd.eppo.int/reporting/article-6201,"EPPO Reporting Service no. 01 - 2018
Num. article:
2018/007
Spodoptera frugiperda continues to spread in Africa
In early 2016, outbreaks of
Spodoptera frugiperda
(Lepidoptera: Noctuidae – EPPO A1 List) were reported for the first time in Africa where high armyworm populations damaging maize (
Zea mays
) crops have been noticed (EPPO
RS 2016/188
, 2017/035, 2017/116, 2017/191, 2017/213). This phytosanitary crisis has prompted coordinated actions by FAO aiming to contain the pest. As of 2017-11-24,
S. frugiperda
has been officially confirmed in the following African countries (recent records are marked in bold and with an asterisk): Angola, Benin, Botswana, Burkina Faso, Burundi, Cameroon,
Cape Verde*,
Central African Republic, Congo (Democratic Republic of), Congo,
Côte d’Ivoire*,
Ethiopia, Gambia, Ghana,
Guinea Bissau*,
Guinea, Kenya,
Madagascar*,
Malawi, Mozambique, Namibia, Niger, Nigeria, Rwanda, Sao Tomé e Principe,
Senegal*, Seychelles*, Sierra Leone*, Somalia*,
South Africa, South Sudan, Swaziland, Tanzania, Togo, Uganda, Zambia, Zimbabwe.
In addition,
S. frugiperda
has been detected in Gabon, Mali, Sudan but its presence remains to be officially confirmed in these countries.
Sources
FAO (2017-11-24) Briefing note on fall armyworm (FAW) in Africa.
http://www.fao.org/3/a-bt415e.pdf"
LAPHFR,Spodoptera frugiperda,Spodoptera frugiperda continues to spread in Africa,2018/007,2018-01,Update of outbreak,2017,Sao Tome and Principe,Africa,https://gd.eppo.int/reporting/article-6201,"EPPO Reporting Service no. 01 - 2018
Num. article:
2018/007
Spodoptera frugiperda continues to spread in Africa
In early 2016, outbreaks of
Spodoptera frugiperda
(Lepidoptera: Noctuidae – EPPO A1 List) were reported for the first time in Africa where high armyworm populations damaging maize (
Zea mays
) crops have been noticed (EPPO
RS 2016/188
, 2017/035, 2017/116, 2017/191, 2017/213). This phytosanitary crisis has prompted coordinated actions by FAO aiming to contain the pest. As of 2017-11-24,
S. frugiperda
has been officially confirmed in the following African countries (recent records are marked in bold and with an asterisk): Angola, Benin, Botswana, Burkina Faso, Burundi, Cameroon,
Cape Verde*,
Central African Republic, Congo (Democratic Republic of), Congo,
Côte d’Ivoire*,
Ethiopia, Gambia, Ghana,
Guinea Bissau*,
Guinea, Kenya,
Madagascar*,
Malawi, Mozambique, Namibia, Niger, Nigeria, Rwanda, Sao Tomé e Principe,
Senegal*, Seychelles*, Sierra Leone*, Somalia*,
South Africa, South Sudan, Swaziland, Tanzania, Togo, Uganda, Zambia, Zimbabwe.
In addition,
S. frugiperda
has been detected in Gabon, Mali, Sudan but its presence remains to be officially confirmed in these countries.
Sources
FAO (2017-11-24) Briefing note on fall armyworm (FAW) in Africa.
http://www.fao.org/3/a-bt415e.pdf"
LAPHFR,Spodoptera frugiperda,Spodoptera frugiperda continues to spread in Africa,2018/007,2018-01,Update of outbreak,2017,Senegal,Africa,https://gd.eppo.int/reporting/article-6201,"EPPO Reporting Service no. 01 - 2018
Num. article:
2018/007
Spodoptera frugiperda continues to spread in Africa
In early 2016, outbreaks of
Spodoptera frugiperda
(Lepidoptera: Noctuidae – EPPO A1 List) were reported for the first time in Africa where high armyworm populations damaging maize (
Zea mays
) crops have been noticed (EPPO
RS 2016/188
, 2017/035, 2017/116, 2017/191, 2017/213). This phytosanitary crisis has prompted coordinated actions by FAO aiming to contain the pest. As of 2017-11-24,
S. frugiperda
has been officially confirmed in the following African countries (recent records are marked in bold and with an asterisk): Angola, Benin, Botswana, Burkina Faso, Burundi, Cameroon,
Cape Verde*,
Central African Republic, Congo (Democratic Republic of), Congo,
Côte d’Ivoire*,
Ethiopia, Gambia, Ghana,
Guinea Bissau*,
Guinea, Kenya,
Madagascar*,
Malawi, Mozambique, Namibia, Niger, Nigeria, Rwanda, Sao Tomé e Principe,
Senegal*, Seychelles*, Sierra Leone*, Somalia*,
South Africa, South Sudan, Swaziland, Tanzania, Togo, Uganda, Zambia, Zimbabwe.
In addition,
S. frugiperda
has been detected in Gabon, Mali, Sudan but its presence remains to be officially confirmed in these countries.
Sources
FAO (2017-11-24) Briefing note on fall armyworm (FAW) in Africa.
http://www.fao.org/3/a-bt415e.pdf"
LAPHFR,Spodoptera frugiperda,Spodoptera frugiperda continues to spread in Africa,2018/007,2018-01,Update of outbreak,2017,Seychelles,Africa,https://gd.eppo.int/reporting/article-6201,"EPPO Reporting Service no. 01 - 2018
Num. article:
2018/007
Spodoptera frugiperda continues to spread in Africa
In early 2016, outbreaks of
Spodoptera frugiperda
(Lepidoptera: Noctuidae – EPPO A1 List) were reported for the first time in Africa where high armyworm populations damaging maize (
Zea mays
) crops have been noticed (EPPO
RS 2016/188
, 2017/035, 2017/116, 2017/191, 2017/213). This phytosanitary crisis has prompted coordinated actions by FAO aiming to contain the pest. As of 2017-11-24,
S. frugiperda
has been officially confirmed in the following African countries (recent records are marked in bold and with an asterisk): Angola, Benin, Botswana, Burkina Faso, Burundi, Cameroon,
Cape Verde*,
Central African Republic, Congo (Democratic Republic of), Congo,
Côte d’Ivoire*,
Ethiopia, Gambia, Ghana,
Guinea Bissau*,
Guinea, Kenya,
Madagascar*,
Malawi, Mozambique, Namibia, Niger, Nigeria, Rwanda, Sao Tomé e Principe,
Senegal*, Seychelles*, Sierra Leone*, Somalia*,
South Africa, South Sudan, Swaziland, Tanzania, Togo, Uganda, Zambia, Zimbabwe.
In addition,
S. frugiperda
has been detected in Gabon, Mali, Sudan but its presence remains to be officially confirmed in these countries.
Sources
FAO (2017-11-24) Briefing note on fall armyworm (FAW) in Africa.
http://www.fao.org/3/a-bt415e.pdf"
LAPHFR,Spodoptera frugiperda,Spodoptera frugiperda continues to spread in Africa,2018/007,2018-01,Update of outbreak,2017,Sierra Leone,Africa,https://gd.eppo.int/reporting/article-6201,"EPPO Reporting Service no. 01 - 2018
Num. article:
2018/007
Spodoptera frugiperda continues to spread in Africa
In early 2016, outbreaks of
Spodoptera frugiperda
(Lepidoptera: Noctuidae – EPPO A1 List) were reported for the first time in Africa where high armyworm populations damaging maize (
Zea mays
) crops have been noticed (EPPO
RS 2016/188
, 2017/035, 2017/116, 2017/191, 2017/213). This phytosanitary crisis has prompted coordinated actions by FAO aiming to contain the pest. As of 2017-11-24,
S. frugiperda
has been officially confirmed in the following African countries (recent records are marked in bold and with an asterisk): Angola, Benin, Botswana, Burkina Faso, Burundi, Cameroon,
Cape Verde*,
Central African Republic, Congo (Democratic Republic of), Congo,
Côte d’Ivoire*,
Ethiopia, Gambia, Ghana,
Guinea Bissau*,
Guinea, Kenya,
Madagascar*,
Malawi, Mozambique, Namibia, Niger, Nigeria, Rwanda, Sao Tomé e Principe,
Senegal*, Seychelles*, Sierra Leone*, Somalia*,
South Africa, South Sudan, Swaziland, Tanzania, Togo, Uganda, Zambia, Zimbabwe.
In addition,
S. frugiperda
has been detected in Gabon, Mali, Sudan but its presence remains to be officially confirmed in these countries.
Sources
FAO (2017-11-24) Briefing note on fall armyworm (FAW) in Africa.
http://www.fao.org/3/a-bt415e.pdf"
LAPHFR,Spodoptera frugiperda,Spodoptera frugiperda continues to spread in Africa,2018/007,2018-01,Update of outbreak,2017,Somalia,Africa,https://gd.eppo.int/reporting/article-6201,"EPPO Reporting Service no. 01 - 2018
Num. article:
2018/007
Spodoptera frugiperda continues to spread in Africa
In early 2016, outbreaks of
Spodoptera frugiperda
(Lepidoptera: Noctuidae – EPPO A1 List) were reported for the first time in Africa where high armyworm populations damaging maize (
Zea mays
) crops have been noticed (EPPO
RS 2016/188
, 2017/035, 2017/116, 2017/191, 2017/213). This phytosanitary crisis has prompted coordinated actions by FAO aiming to contain the pest. As of 2017-11-24,
S. frugiperda
has been officially confirmed in the following African countries (recent records are marked in bold and with an asterisk): Angola, Benin, Botswana, Burkina Faso, Burundi, Cameroon,
Cape Verde*,
Central African Republic, Congo (Democratic Republic of), Congo,
Côte d’Ivoire*,
Ethiopia, Gambia, Ghana,
Guinea Bissau*,
Guinea, Kenya,
Madagascar*,
Malawi, Mozambique, Namibia, Niger, Nigeria, Rwanda, Sao Tomé e Principe,
Senegal*, Seychelles*, Sierra Leone*, Somalia*,
South Africa, South Sudan, Swaziland, Tanzania, Togo, Uganda, Zambia, Zimbabwe.
In addition,
S. frugiperda
has been detected in Gabon, Mali, Sudan but its presence remains to be officially confirmed in these countries.
Sources
FAO (2017-11-24) Briefing note on fall armyworm (FAW) in Africa.
http://www.fao.org/3/a-bt415e.pdf"
LAPHFR,Spodoptera frugiperda,Spodoptera frugiperda continues to spread in Africa,2018/007,2018-01,Update of outbreak,2017,South Africa,Africa,https://gd.eppo.int/reporting/article-6201,"EPPO Reporting Service no. 01 - 2018
Num. article:
2018/007
Spodoptera frugiperda continues to spread in Africa
In early 2016, outbreaks of
Spodoptera frugiperda
(Lepidoptera: Noctuidae – EPPO A1 List) were reported for the first time in Africa where high armyworm populations damaging maize (
Zea mays
) crops have been noticed (EPPO
RS 2016/188
, 2017/035, 2017/116, 2017/191, 2017/213). This phytosanitary crisis has prompted coordinated actions by FAO aiming to contain the pest. As of 2017-11-24,
S. frugiperda
has been officially confirmed in the following African countries (recent records are marked in bold and with an asterisk): Angola, Benin, Botswana, Burkina Faso, Burundi, Cameroon,
Cape Verde*,
Central African Republic, Congo (Democratic Republic of), Congo,
Côte d’Ivoire*,
Ethiopia, Gambia, Ghana,
Guinea Bissau*,
Guinea, Kenya,
Madagascar*,
Malawi, Mozambique, Namibia, Niger, Nigeria, Rwanda, Sao Tomé e Principe,
Senegal*, Seychelles*, Sierra Leone*, Somalia*,
South Africa, South Sudan, Swaziland, Tanzania, Togo, Uganda, Zambia, Zimbabwe.
In addition,
S. frugiperda
has been detected in Gabon, Mali, Sudan but its presence remains to be officially confirmed in these countries.
Sources
FAO (2017-11-24) Briefing note on fall armyworm (FAW) in Africa.
http://www.fao.org/3/a-bt415e.pdf"
LAPHFR,Spodoptera frugiperda,Spodoptera frugiperda continues to spread in Africa,2018/007,2018-01,Update of outbreak,2017,South Sudan,Africa,https://gd.eppo.int/reporting/article-6201,"EPPO Reporting Service no. 01 - 2018
Num. article:
2018/007
Spodoptera frugiperda continues to spread in Africa
In early 2016, outbreaks of
Spodoptera frugiperda
(Lepidoptera: Noctuidae – EPPO A1 List) were reported for the first time in Africa where high armyworm populations damaging maize (
Zea mays
) crops have been noticed (EPPO
RS 2016/188
, 2017/035, 2017/116, 2017/191, 2017/213). This phytosanitary crisis has prompted coordinated actions by FAO aiming to contain the pest. As of 2017-11-24,
S. frugiperda
has been officially confirmed in the following African countries (recent records are marked in bold and with an asterisk): Angola, Benin, Botswana, Burkina Faso, Burundi, Cameroon,
Cape Verde*,
Central African Republic, Congo (Democratic Republic of), Congo,
Côte d’Ivoire*,
Ethiopia, Gambia, Ghana,
Guinea Bissau*,
Guinea, Kenya,
Madagascar*,
Malawi, Mozambique, Namibia, Niger, Nigeria, Rwanda, Sao Tomé e Principe,
Senegal*, Seychelles*, Sierra Leone*, Somalia*,
South Africa, South Sudan, Swaziland, Tanzania, Togo, Uganda, Zambia, Zimbabwe.
In addition,
S. frugiperda
has been detected in Gabon, Mali, Sudan but its presence remains to be officially confirmed in these countries.
Sources
FAO (2017-11-24) Briefing note on fall armyworm (FAW) in Africa.
http://www.fao.org/3/a-bt415e.pdf"
LAPHFR,Spodoptera frugiperda,Spodoptera frugiperda continues to spread in Africa,2018/007,2018-01,Update of outbreak,2017,Swaziland,Africa,https://gd.eppo.int/reporting/article-6201,"EPPO Reporting Service no. 01 - 2018
Num. article:
2018/007
Spodoptera frugiperda continues to spread in Africa
In early 2016, outbreaks of
Spodoptera frugiperda
(Lepidoptera: Noctuidae – EPPO A1 List) were reported for the first time in Africa where high armyworm populations damaging maize (
Zea mays
) crops have been noticed (EPPO
RS 2016/188
, 2017/035, 2017/116, 2017/191, 2017/213). This phytosanitary crisis has prompted coordinated actions by FAO aiming to contain the pest. As of 2017-11-24,
S. frugiperda
has been officially confirmed in the following African countries (recent records are marked in bold and with an asterisk): Angola, Benin, Botswana, Burkina Faso, Burundi, Cameroon,
Cape Verde*,
Central African Republic, Congo (Democratic Republic of), Congo,
Côte d’Ivoire*,
Ethiopia, Gambia, Ghana,
Guinea Bissau*,
Guinea, Kenya,
Madagascar*,
Malawi, Mozambique, Namibia, Niger, Nigeria, Rwanda, Sao Tomé e Principe,
Senegal*, Seychelles*, Sierra Leone*, Somalia*,
South Africa, South Sudan, Swaziland, Tanzania, Togo, Uganda, Zambia, Zimbabwe.
In addition,
S. frugiperda
has been detected in Gabon, Mali, Sudan but its presence remains to be officially confirmed in these countries.
Sources
FAO (2017-11-24) Briefing note on fall armyworm (FAW) in Africa.
http://www.fao.org/3/a-bt415e.pdf"
LAPHFR,Spodoptera frugiperda,Spodoptera frugiperda continues to spread in Africa,2018/007,2018-01,Update of outbreak,2017,Tanzania,Africa,https://gd.eppo.int/reporting/article-6201,"EPPO Reporting Service no. 01 - 2018
Num. article:
2018/007
Spodoptera frugiperda continues to spread in Africa
In early 2016, outbreaks of
Spodoptera frugiperda
(Lepidoptera: Noctuidae – EPPO A1 List) were reported for the first time in Africa where high armyworm populations damaging maize (
Zea mays
) crops have been noticed (EPPO
RS 2016/188
, 2017/035, 2017/116, 2017/191, 2017/213). This phytosanitary crisis has prompted coordinated actions by FAO aiming to contain the pest. As of 2017-11-24,
S. frugiperda
has been officially confirmed in the following African countries (recent records are marked in bold and with an asterisk): Angola, Benin, Botswana, Burkina Faso, Burundi, Cameroon,
Cape Verde*,
Central African Republic, Congo (Democratic Republic of), Congo,
Côte d’Ivoire*,
Ethiopia, Gambia, Ghana,
Guinea Bissau*,
Guinea, Kenya,
Madagascar*,
Malawi, Mozambique, Namibia, Niger, Nigeria, Rwanda, Sao Tomé e Principe,
Senegal*, Seychelles*, Sierra Leone*, Somalia*,
South Africa, South Sudan, Swaziland, Tanzania, Togo, Uganda, Zambia, Zimbabwe.
In addition,
S. frugiperda
has been detected in Gabon, Mali, Sudan but its presence remains to be officially confirmed in these countries.
Sources
FAO (2017-11-24) Briefing note on fall armyworm (FAW) in Africa.
http://www.fao.org/3/a-bt415e.pdf"
LAPHFR,Spodoptera frugiperda,Spodoptera frugiperda continues to spread in Africa,2018/007,2018-01,Update of outbreak,2017,Togo,Africa,https://gd.eppo.int/reporting/article-6201,"EPPO Reporting Service no. 01 - 2018
Num. article:
2018/007
Spodoptera frugiperda continues to spread in Africa
In early 2016, outbreaks of
Spodoptera frugiperda
(Lepidoptera: Noctuidae – EPPO A1 List) were reported for the first time in Africa where high armyworm populations damaging maize (
Zea mays
) crops have been noticed (EPPO
RS 2016/188
, 2017/035, 2017/116, 2017/191, 2017/213). This phytosanitary crisis has prompted coordinated actions by FAO aiming to contain the pest. As of 2017-11-24,
S. frugiperda
has been officially confirmed in the following African countries (recent records are marked in bold and with an asterisk): Angola, Benin, Botswana, Burkina Faso, Burundi, Cameroon,
Cape Verde*,
Central African Republic, Congo (Democratic Republic of), Congo,
Côte d’Ivoire*,
Ethiopia, Gambia, Ghana,
Guinea Bissau*,
Guinea, Kenya,
Madagascar*,
Malawi, Mozambique, Namibia, Niger, Nigeria, Rwanda, Sao Tomé e Principe,
Senegal*, Seychelles*, Sierra Leone*, Somalia*,
South Africa, South Sudan, Swaziland, Tanzania, Togo, Uganda, Zambia, Zimbabwe.
In addition,
S. frugiperda
has been detected in Gabon, Mali, Sudan but its presence remains to be officially confirmed in these countries.
Sources
FAO (2017-11-24) Briefing note on fall armyworm (FAW) in Africa.
http://www.fao.org/3/a-bt415e.pdf"
LAPHFR,Spodoptera frugiperda,Spodoptera frugiperda continues to spread in Africa,2018/007,2018-01,Update of outbreak,2017,Uganda,Africa,https://gd.eppo.int/reporting/article-6201,"EPPO Reporting Service no. 01 - 2018
Num. article:
2018/007
Spodoptera frugiperda continues to spread in Africa
In early 2016, outbreaks of
Spodoptera frugiperda
(Lepidoptera: Noctuidae – EPPO A1 List) were reported for the first time in Africa where high armyworm populations damaging maize (
Zea mays
) crops have been noticed (EPPO
RS 2016/188
, 2017/035, 2017/116, 2017/191, 2017/213). This phytosanitary crisis has prompted coordinated actions by FAO aiming to contain the pest. As of 2017-11-24,
S. frugiperda
has been officially confirmed in the following African countries (recent records are marked in bold and with an asterisk): Angola, Benin, Botswana, Burkina Faso, Burundi, Cameroon,
Cape Verde*,
Central African Republic, Congo (Democratic Republic of), Congo,
Côte d’Ivoire*,
Ethiopia, Gambia, Ghana,
Guinea Bissau*,
Guinea, Kenya,
Madagascar*,
Malawi, Mozambique, Namibia, Niger, Nigeria, Rwanda, Sao Tomé e Principe,
Senegal*, Seychelles*, Sierra Leone*, Somalia*,
South Africa, South Sudan, Swaziland, Tanzania, Togo, Uganda, Zambia, Zimbabwe.
In addition,
S. frugiperda
has been detected in Gabon, Mali, Sudan but its presence remains to be officially confirmed in these countries.
Sources
FAO (2017-11-24) Briefing note on fall armyworm (FAW) in Africa.
http://www.fao.org/3/a-bt415e.pdf"
LAPHFR,Spodoptera frugiperda,Spodoptera frugiperda continues to spread in Africa,2018/007,2018-01,Update of outbreak,2017,Zambia,Africa,https://gd.eppo.int/reporting/article-6201,"EPPO Reporting Service no. 01 - 2018
Num. article:
2018/007
Spodoptera frugiperda continues to spread in Africa
In early 2016, outbreaks of
Spodoptera frugiperda
(Lepidoptera: Noctuidae – EPPO A1 List) were reported for the first time in Africa where high armyworm populations damaging maize (
Zea mays
) crops have been noticed (EPPO
RS 2016/188
, 2017/035, 2017/116, 2017/191, 2017/213). This phytosanitary crisis has prompted coordinated actions by FAO aiming to contain the pest. As of 2017-11-24,
S. frugiperda
has been officially confirmed in the following African countries (recent records are marked in bold and with an asterisk): Angola, Benin, Botswana, Burkina Faso, Burundi, Cameroon,
Cape Verde*,
Central African Republic, Congo (Democratic Republic of), Congo,
Côte d’Ivoire*,
Ethiopia, Gambia, Ghana,
Guinea Bissau*,
Guinea, Kenya,
Madagascar*,
Malawi, Mozambique, Namibia, Niger, Nigeria, Rwanda, Sao Tomé e Principe,
Senegal*, Seychelles*, Sierra Leone*, Somalia*,
South Africa, South Sudan, Swaziland, Tanzania, Togo, Uganda, Zambia, Zimbabwe.
In addition,
S. frugiperda
has been detected in Gabon, Mali, Sudan but its presence remains to be officially confirmed in these countries.
Sources
FAO (2017-11-24) Briefing note on fall armyworm (FAW) in Africa.
http://www.fao.org/3/a-bt415e.pdf"
LAPHFR,Spodoptera frugiperda,Spodoptera frugiperda continues to spread in Africa,2018/007,2018-01,Update of outbreak,2017,Zimbabwe,Africa,https://gd.eppo.int/reporting/article-6201,"EPPO Reporting Service no. 01 - 2018
Num. article:
2018/007
Spodoptera frugiperda continues to spread in Africa
In early 2016, outbreaks of
Spodoptera frugiperda
(Lepidoptera: Noctuidae – EPPO A1 List) were reported for the first time in Africa where high armyworm populations damaging maize (
Zea mays
) crops have been noticed (EPPO
RS 2016/188
, 2017/035, 2017/116, 2017/191, 2017/213). This phytosanitary crisis has prompted coordinated actions by FAO aiming to contain the pest. As of 2017-11-24,
S. frugiperda
has been officially confirmed in the following African countries (recent records are marked in bold and with an asterisk): Angola, Benin, Botswana, Burkina Faso, Burundi, Cameroon,
Cape Verde*,
Central African Republic, Congo (Democratic Republic of), Congo,
Côte d’Ivoire*,
Ethiopia, Gambia, Ghana,
Guinea Bissau*,
Guinea, Kenya,
Madagascar*,
Malawi, Mozambique, Namibia, Niger, Nigeria, Rwanda, Sao Tomé e Principe,
Senegal*, Seychelles*, Sierra Leone*, Somalia*,
South Africa, South Sudan, Swaziland, Tanzania, Togo, Uganda, Zambia, Zimbabwe.
In addition,
S. frugiperda
has been detected in Gabon, Mali, Sudan but its presence remains to be officially confirmed in these countries.
Sources
FAO (2017-11-24) Briefing note on fall armyworm (FAW) in Africa.
http://www.fao.org/3/a-bt415e.pdf"
LAPHFR,Spodoptera frugiperda,Spodoptera frugiperda continues to spread in Africa,2018/007,2018-01,Update of outbreak,2017,Gabon,Africa,https://gd.eppo.int/reporting/article-6201,"EPPO Reporting Service no. 01 - 2018
Num. article:
2018/007
Spodoptera frugiperda continues to spread in Africa
In early 2016, outbreaks of
Spodoptera frugiperda
(Lepidoptera: Noctuidae – EPPO A1 List) were reported for the first time in Africa where high armyworm populations damaging maize (
Zea mays
) crops have been noticed (EPPO
RS 2016/188
, 2017/035, 2017/116, 2017/191, 2017/213). This phytosanitary crisis has prompted coordinated actions by FAO aiming to contain the pest. As of 2017-11-24,
S. frugiperda
has been officially confirmed in the following African countries (recent records are marked in bold and with an asterisk): Angola, Benin, Botswana, Burkina Faso, Burundi, Cameroon,
Cape Verde*,
Central African Republic, Congo (Democratic Republic of), Congo,
Côte d’Ivoire*,
Ethiopia, Gambia, Ghana,
Guinea Bissau*,
Guinea, Kenya,
Madagascar*,
Malawi, Mozambique, Namibia, Niger, Nigeria, Rwanda, Sao Tomé e Principe,
Senegal*, Seychelles*, Sierra Leone*, Somalia*,
South Africa, South Sudan, Swaziland, Tanzania, Togo, Uganda, Zambia, Zimbabwe.
In addition,
S. frugiperda
has been detected in Gabon, Mali, Sudan but its presence remains to be officially confirmed in these countries.
Sources
FAO (2017-11-24) Briefing note on fall armyworm (FAW) in Africa.
http://www.fao.org/3/a-bt415e.pdf"
LAPHFR,Spodoptera frugiperda,Spodoptera frugiperda continues to spread in Africa,2018/007,2018-01,Update of outbreak,2017,Mali,Africa,https://gd.eppo.int/reporting/article-6201,"EPPO Reporting Service no. 01 - 2018
Num. article:
2018/007
Spodoptera frugiperda continues to spread in Africa
In early 2016, outbreaks of
Spodoptera frugiperda
(Lepidoptera: Noctuidae – EPPO A1 List) were reported for the first time in Africa where high armyworm populations damaging maize (
Zea mays
) crops have been noticed (EPPO
RS 2016/188
, 2017/035, 2017/116, 2017/191, 2017/213). This phytosanitary crisis has prompted coordinated actions by FAO aiming to contain the pest. As of 2017-11-24,
S. frugiperda
has been officially confirmed in the following African countries (recent records are marked in bold and with an asterisk): Angola, Benin, Botswana, Burkina Faso, Burundi, Cameroon,
Cape Verde*,
Central African Republic, Congo (Democratic Republic of), Congo,
Côte d’Ivoire*,
Ethiopia, Gambia, Ghana,
Guinea Bissau*,
Guinea, Kenya,
Madagascar*,
Malawi, Mozambique, Namibia, Niger, Nigeria, Rwanda, Sao Tomé e Principe,
Senegal*, Seychelles*, Sierra Leone*, Somalia*,
South Africa, South Sudan, Swaziland, Tanzania, Togo, Uganda, Zambia, Zimbabwe.
In addition,
S. frugiperda
has been detected in Gabon, Mali, Sudan but its presence remains to be officially confirmed in these countries.
Sources
FAO (2017-11-24) Briefing note on fall armyworm (FAW) in Africa.
http://www.fao.org/3/a-bt415e.pdf"
LAPHFR,Spodoptera frugiperda,Spodoptera frugiperda continues to spread in Africa,2018/007,2018-01,Update of outbreak,2017,Sudan,Africa,https://gd.eppo.int/reporting/article-6201,"EPPO Reporting Service no. 01 - 2018
Num. article:
2018/007
Spodoptera frugiperda continues to spread in Africa
In early 2016, outbreaks of
Spodoptera frugiperda
(Lepidoptera: Noctuidae – EPPO A1 List) were reported for the first time in Africa where high armyworm populations damaging maize (
Zea mays
) crops have been noticed (EPPO
RS 2016/188
, 2017/035, 2017/116, 2017/191, 2017/213). This phytosanitary crisis has prompted coordinated actions by FAO aiming to contain the pest. As of 2017-11-24,
S. frugiperda
has been officially confirmed in the following African countries (recent records are marked in bold and with an asterisk): Angola, Benin, Botswana, Burkina Faso, Burundi, Cameroon,
Cape Verde*,
Central African Republic, Congo (Democratic Republic of), Congo,
Côte d’Ivoire*,
Ethiopia, Gambia, Ghana,
Guinea Bissau*,
Guinea, Kenya,
Madagascar*,
Malawi, Mozambique, Namibia, Niger, Nigeria, Rwanda, Sao Tomé e Principe,
Senegal*, Seychelles*, Sierra Leone*, Somalia*,
South Africa, South Sudan, Swaziland, Tanzania, Togo, Uganda, Zambia, Zimbabwe.
In addition,
S. frugiperda
has been detected in Gabon, Mali, Sudan but its presence remains to be officially confirmed in these countries.
Sources
FAO (2017-11-24) Briefing note on fall armyworm (FAW) in Africa.
http://www.fao.org/3/a-bt415e.pdf"
LAPHFR,Spodoptera frugiperda,Spodoptera frugiperda continues to spread in Africa,2017/213,2017-11,Update of outbreak,2017,Angola,Africa,https://gd.eppo.int/reporting/article-6181,"EPPO Reporting Service no. 11 - 2017
Num. article:
2017/213
Spodoptera frugiperda continues to spread in Africa
In early 2016, outbreaks of
Spodoptera frugiperda
(Lepidoptera: Noctuidae – EPPO A1 List) were reported for the first time in Africa where high armyworm populations damaging maize (
Zea mays
) crops have been noticed (EPPO
RS 2016/188
, 2017/035, 2017/116). According to a recent study published by CABI and UK Aid, the presence of the pest has now been confirmed from
Angola, Cameroon, Chad, Guinea, Republic of Congo, South Sudan.
The presence of the pest is also suspected in other African countries (Central African Republic, Côte d’Ivoire, Gabon, Liberia, Mali, Senegal, Sierra Leone) but this remains to be confirmed. In this study, impacts of the introduction of this major pest in Africa on maize crops have been estimated. In July 2017, a socio-economic survey has been conducted in Ghana and Zambia. The estimated national mean loss of maize in Ghana was 45% (ranging from 22 to 67%) and in Zambia 40% (ranging from 25 to 50%). Based on data collected from Ghana and Zambia, the potential impacts on maize yield and revenue in 10 other major maize-producing countries of Africa have been estimated. As a result, the estimated mean yield loss was 16 105 000 tonnes and the estimated economic loss ranged from 2 482 to 6 187 million USD. In addition to this analysis of economic impacts, recommendations are provided to NPPOs and farmers on the management of
S. frugiperda
.
Sources
Abrahams P, Bateman M, Beale T, Clottey V, Cock M, Colmenarez Y, Corniani N, Day R, Early R, Godwin Julien, Gomez J, Gonzalez Moreno P, Murphy ST, Oppong-Mensah B, Phiri N, Pratt C, Richards G, Silvestri S, Witt A (2017) Fall Armyworm: impacts and implications for Africa. Evidence Note (2), September 2017. CABI – UK Aid, 144 pp.
Summary version: [
Link
] - Full document: [
Link
]"
LAPHFR,Spodoptera frugiperda,Spodoptera frugiperda continues to spread in Africa,2017/213,2017-11,Update of outbreak,2017,Cameroon,Africa,https://gd.eppo.int/reporting/article-6181,"EPPO Reporting Service no. 11 - 2017
Num. article:
2017/213
Spodoptera frugiperda continues to spread in Africa
In early 2016, outbreaks of
Spodoptera frugiperda
(Lepidoptera: Noctuidae – EPPO A1 List) were reported for the first time in Africa where high armyworm populations damaging maize (
Zea mays
) crops have been noticed (EPPO
RS 2016/188
, 2017/035, 2017/116). According to a recent study published by CABI and UK Aid, the presence of the pest has now been confirmed from
Angola, Cameroon, Chad, Guinea, Republic of Congo, South Sudan.
The presence of the pest is also suspected in other African countries (Central African Republic, Côte d’Ivoire, Gabon, Liberia, Mali, Senegal, Sierra Leone) but this remains to be confirmed. In this study, impacts of the introduction of this major pest in Africa on maize crops have been estimated. In July 2017, a socio-economic survey has been conducted in Ghana and Zambia. The estimated national mean loss of maize in Ghana was 45% (ranging from 22 to 67%) and in Zambia 40% (ranging from 25 to 50%). Based on data collected from Ghana and Zambia, the potential impacts on maize yield and revenue in 10 other major maize-producing countries of Africa have been estimated. As a result, the estimated mean yield loss was 16 105 000 tonnes and the estimated economic loss ranged from 2 482 to 6 187 million USD. In addition to this analysis of economic impacts, recommendations are provided to NPPOs and farmers on the management of
S. frugiperda
.
Sources
Abrahams P, Bateman M, Beale T, Clottey V, Cock M, Colmenarez Y, Corniani N, Day R, Early R, Godwin Julien, Gomez J, Gonzalez Moreno P, Murphy ST, Oppong-Mensah B, Phiri N, Pratt C, Richards G, Silvestri S, Witt A (2017) Fall Armyworm: impacts and implications for Africa. Evidence Note (2), September 2017. CABI – UK Aid, 144 pp.
Summary version: [
Link
] - Full document: [
Link
]"
LAPHFR,Spodoptera frugiperda,Spodoptera frugiperda continues to spread in Africa,2017/213,2017-11,Update of outbreak,2017,Chad,Africa,https://gd.eppo.int/reporting/article-6181,"EPPO Reporting Service no. 11 - 2017
Num. article:
2017/213
Spodoptera frugiperda continues to spread in Africa
In early 2016, outbreaks of
Spodoptera frugiperda
(Lepidoptera: Noctuidae – EPPO A1 List) were reported for the first time in Africa where high armyworm populations damaging maize (
Zea mays
) crops have been noticed (EPPO
RS 2016/188
, 2017/035, 2017/116). According to a recent study published by CABI and UK Aid, the presence of the pest has now been confirmed from
Angola, Cameroon, Chad, Guinea, Republic of Congo, South Sudan.
The presence of the pest is also suspected in other African countries (Central African Republic, Côte d’Ivoire, Gabon, Liberia, Mali, Senegal, Sierra Leone) but this remains to be confirmed. In this study, impacts of the introduction of this major pest in Africa on maize crops have been estimated. In July 2017, a socio-economic survey has been conducted in Ghana and Zambia. The estimated national mean loss of maize in Ghana was 45% (ranging from 22 to 67%) and in Zambia 40% (ranging from 25 to 50%). Based on data collected from Ghana and Zambia, the potential impacts on maize yield and revenue in 10 other major maize-producing countries of Africa have been estimated. As a result, the estimated mean yield loss was 16 105 000 tonnes and the estimated economic loss ranged from 2 482 to 6 187 million USD. In addition to this analysis of economic impacts, recommendations are provided to NPPOs and farmers on the management of
S. frugiperda
.
Sources
Abrahams P, Bateman M, Beale T, Clottey V, Cock M, Colmenarez Y, Corniani N, Day R, Early R, Godwin Julien, Gomez J, Gonzalez Moreno P, Murphy ST, Oppong-Mensah B, Phiri N, Pratt C, Richards G, Silvestri S, Witt A (2017) Fall Armyworm: impacts and implications for Africa. Evidence Note (2), September 2017. CABI – UK Aid, 144 pp.
Summary version: [
Link
] - Full document: [
Link
]"
LAPHFR,Spodoptera frugiperda,Spodoptera frugiperda continues to spread in Africa,2017/213,2017-11,Update of outbreak,2017,Guinea,Africa,https://gd.eppo.int/reporting/article-6181,"EPPO Reporting Service no. 11 - 2017
Num. article:
2017/213
Spodoptera frugiperda continues to spread in Africa
In early 2016, outbreaks of
Spodoptera frugiperda
(Lepidoptera: Noctuidae – EPPO A1 List) were reported for the first time in Africa where high armyworm populations damaging maize (
Zea mays
) crops have been noticed (EPPO
RS 2016/188
, 2017/035, 2017/116). According to a recent study published by CABI and UK Aid, the presence of the pest has now been confirmed from
Angola, Cameroon, Chad, Guinea, Republic of Congo, South Sudan.
The presence of the pest is also suspected in other African countries (Central African Republic, Côte d’Ivoire, Gabon, Liberia, Mali, Senegal, Sierra Leone) but this remains to be confirmed. In this study, impacts of the introduction of this major pest in Africa on maize crops have been estimated. In July 2017, a socio-economic survey has been conducted in Ghana and Zambia. The estimated national mean loss of maize in Ghana was 45% (ranging from 22 to 67%) and in Zambia 40% (ranging from 25 to 50%). Based on data collected from Ghana and Zambia, the potential impacts on maize yield and revenue in 10 other major maize-producing countries of Africa have been estimated. As a result, the estimated mean yield loss was 16 105 000 tonnes and the estimated economic loss ranged from 2 482 to 6 187 million USD. In addition to this analysis of economic impacts, recommendations are provided to NPPOs and farmers on the management of
S. frugiperda
.
Sources
Abrahams P, Bateman M, Beale T, Clottey V, Cock M, Colmenarez Y, Corniani N, Day R, Early R, Godwin Julien, Gomez J, Gonzalez Moreno P, Murphy ST, Oppong-Mensah B, Phiri N, Pratt C, Richards G, Silvestri S, Witt A (2017) Fall Armyworm: impacts and implications for Africa. Evidence Note (2), September 2017. CABI – UK Aid, 144 pp.
Summary version: [
Link
] - Full document: [
Link
]"
LAPHFR,Spodoptera frugiperda,Spodoptera frugiperda continues to spread in Africa,2017/213,2017-11,Update of outbreak,2017,Republic of Congo,Africa,https://gd.eppo.int/reporting/article-6181,"EPPO Reporting Service no. 11 - 2017
Num. article:
2017/213
Spodoptera frugiperda continues to spread in Africa
In early 2016, outbreaks of
Spodoptera frugiperda
(Lepidoptera: Noctuidae – EPPO A1 List) were reported for the first time in Africa where high armyworm populations damaging maize (
Zea mays
) crops have been noticed (EPPO
RS 2016/188
, 2017/035, 2017/116). According to a recent study published by CABI and UK Aid, the presence of the pest has now been confirmed from
Angola, Cameroon, Chad, Guinea, Republic of Congo, South Sudan.
The presence of the pest is also suspected in other African countries (Central African Republic, Côte d’Ivoire, Gabon, Liberia, Mali, Senegal, Sierra Leone) but this remains to be confirmed. In this study, impacts of the introduction of this major pest in Africa on maize crops have been estimated. In July 2017, a socio-economic survey has been conducted in Ghana and Zambia. The estimated national mean loss of maize in Ghana was 45% (ranging from 22 to 67%) and in Zambia 40% (ranging from 25 to 50%). Based on data collected from Ghana and Zambia, the potential impacts on maize yield and revenue in 10 other major maize-producing countries of Africa have been estimated. As a result, the estimated mean yield loss was 16 105 000 tonnes and the estimated economic loss ranged from 2 482 to 6 187 million USD. In addition to this analysis of economic impacts, recommendations are provided to NPPOs and farmers on the management of
S. frugiperda
.
Sources
Abrahams P, Bateman M, Beale T, Clottey V, Cock M, Colmenarez Y, Corniani N, Day R, Early R, Godwin Julien, Gomez J, Gonzalez Moreno P, Murphy ST, Oppong-Mensah B, Phiri N, Pratt C, Richards G, Silvestri S, Witt A (2017) Fall Armyworm: impacts and implications for Africa. Evidence Note (2), September 2017. CABI – UK Aid, 144 pp.
Summary version: [
Link
] - Full document: [
Link
]"
LAPHFR,Spodoptera frugiperda,Spodoptera frugiperda continues to spread in Africa,2017/213,2017-11,Update of outbreak,2017,South Sudan,Africa,https://gd.eppo.int/reporting/article-6181,"EPPO Reporting Service no. 11 - 2017
Num. article:
2017/213
Spodoptera frugiperda continues to spread in Africa
In early 2016, outbreaks of
Spodoptera frugiperda
(Lepidoptera: Noctuidae – EPPO A1 List) were reported for the first time in Africa where high armyworm populations damaging maize (
Zea mays
) crops have been noticed (EPPO
RS 2016/188
, 2017/035, 2017/116). According to a recent study published by CABI and UK Aid, the presence of the pest has now been confirmed from
Angola, Cameroon, Chad, Guinea, Republic of Congo, South Sudan.
The presence of the pest is also suspected in other African countries (Central African Republic, Côte d’Ivoire, Gabon, Liberia, Mali, Senegal, Sierra Leone) but this remains to be confirmed. In this study, impacts of the introduction of this major pest in Africa on maize crops have been estimated. In July 2017, a socio-economic survey has been conducted in Ghana and Zambia. The estimated national mean loss of maize in Ghana was 45% (ranging from 22 to 67%) and in Zambia 40% (ranging from 25 to 50%). Based on data collected from Ghana and Zambia, the potential impacts on maize yield and revenue in 10 other major maize-producing countries of Africa have been estimated. As a result, the estimated mean yield loss was 16 105 000 tonnes and the estimated economic loss ranged from 2 482 to 6 187 million USD. In addition to this analysis of economic impacts, recommendations are provided to NPPOs and farmers on the management of
S. frugiperda
.
Sources
Abrahams P, Bateman M, Beale T, Clottey V, Cock M, Colmenarez Y, Corniani N, Day R, Early R, Godwin Julien, Gomez J, Gonzalez Moreno P, Murphy ST, Oppong-Mensah B, Phiri N, Pratt C, Richards G, Silvestri S, Witt A (2017) Fall Armyworm: impacts and implications for Africa. Evidence Note (2), September 2017. CABI – UK Aid, 144 pp.
Summary version: [
Link
] - Full document: [
Link
]"
LAPHFR,Spodoptera frugiperda,Spodoptera frugiperda continues to spread in Africa,2017/213,2017-11,Update of outbreak,2017,Central African Republic,Africa,https://gd.eppo.int/reporting/article-6181,"EPPO Reporting Service no. 11 - 2017
Num. article:
2017/213
Spodoptera frugiperda continues to spread in Africa
In early 2016, outbreaks of
Spodoptera frugiperda
(Lepidoptera: Noctuidae – EPPO A1 List) were reported for the first time in Africa where high armyworm populations damaging maize (
Zea mays
) crops have been noticed (EPPO
RS 2016/188
, 2017/035, 2017/116). According to a recent study published by CABI and UK Aid, the presence of the pest has now been confirmed from
Angola, Cameroon, Chad, Guinea, Republic of Congo, South Sudan.
The presence of the pest is also suspected in other African countries (Central African Republic, Côte d’Ivoire, Gabon, Liberia, Mali, Senegal, Sierra Leone) but this remains to be confirmed. In this study, impacts of the introduction of this major pest in Africa on maize crops have been estimated. In July 2017, a socio-economic survey has been conducted in Ghana and Zambia. The estimated national mean loss of maize in Ghana was 45% (ranging from 22 to 67%) and in Zambia 40% (ranging from 25 to 50%). Based on data collected from Ghana and Zambia, the potential impacts on maize yield and revenue in 10 other major maize-producing countries of Africa have been estimated. As a result, the estimated mean yield loss was 16 105 000 tonnes and the estimated economic loss ranged from 2 482 to 6 187 million USD. In addition to this analysis of economic impacts, recommendations are provided to NPPOs and farmers on the management of
S. frugiperda
.
Sources
Abrahams P, Bateman M, Beale T, Clottey V, Cock M, Colmenarez Y, Corniani N, Day R, Early R, Godwin Julien, Gomez J, Gonzalez Moreno P, Murphy ST, Oppong-Mensah B, Phiri N, Pratt C, Richards G, Silvestri S, Witt A (2017) Fall Armyworm: impacts and implications for Africa. Evidence Note (2), September 2017. CABI – UK Aid, 144 pp.
Summary version: [
Link
] - Full document: [
Link
]"
LAPHFR,Spodoptera frugiperda,Spodoptera frugiperda continues to spread in Africa,2017/213,2017-11,Update of outbreak,2017,Côte d’Ivoire,Africa,https://gd.eppo.int/reporting/article-6181,"EPPO Reporting Service no. 11 - 2017
Num. article:
2017/213
Spodoptera frugiperda continues to spread in Africa
In early 2016, outbreaks of
Spodoptera frugiperda
(Lepidoptera: Noctuidae – EPPO A1 List) were reported for the first time in Africa where high armyworm populations damaging maize (
Zea mays
) crops have been noticed (EPPO
RS 2016/188
, 2017/035, 2017/116). According to a recent study published by CABI and UK Aid, the presence of the pest has now been confirmed from
Angola, Cameroon, Chad, Guinea, Republic of Congo, South Sudan.
The presence of the pest is also suspected in other African countries (Central African Republic, Côte d’Ivoire, Gabon, Liberia, Mali, Senegal, Sierra Leone) but this remains to be confirmed. In this study, impacts of the introduction of this major pest in Africa on maize crops have been estimated. In July 2017, a socio-economic survey has been conducted in Ghana and Zambia. The estimated national mean loss of maize in Ghana was 45% (ranging from 22 to 67%) and in Zambia 40% (ranging from 25 to 50%). Based on data collected from Ghana and Zambia, the potential impacts on maize yield and revenue in 10 other major maize-producing countries of Africa have been estimated. As a result, the estimated mean yield loss was 16 105 000 tonnes and the estimated economic loss ranged from 2 482 to 6 187 million USD. In addition to this analysis of economic impacts, recommendations are provided to NPPOs and farmers on the management of
S. frugiperda
.
Sources
Abrahams P, Bateman M, Beale T, Clottey V, Cock M, Colmenarez Y, Corniani N, Day R, Early R, Godwin Julien, Gomez J, Gonzalez Moreno P, Murphy ST, Oppong-Mensah B, Phiri N, Pratt C, Richards G, Silvestri S, Witt A (2017) Fall Armyworm: impacts and implications for Africa. Evidence Note (2), September 2017. CABI – UK Aid, 144 pp.
Summary version: [
Link
] - Full document: [
Link
]"
LAPHFR,Spodoptera frugiperda,Spodoptera frugiperda continues to spread in Africa,2017/213,2017-11,Update of outbreak,2017,Gabon,Africa,https://gd.eppo.int/reporting/article-6181,"EPPO Reporting Service no. 11 - 2017
Num. article:
2017/213
Spodoptera frugiperda continues to spread in Africa
In early 2016, outbreaks of
Spodoptera frugiperda
(Lepidoptera: Noctuidae – EPPO A1 List) were reported for the first time in Africa where high armyworm populations damaging maize (
Zea mays
) crops have been noticed (EPPO
RS 2016/188
, 2017/035, 2017/116). According to a recent study published by CABI and UK Aid, the presence of the pest has now been confirmed from
Angola, Cameroon, Chad, Guinea, Republic of Congo, South Sudan.
The presence of the pest is also suspected in other African countries (Central African Republic, Côte d’Ivoire, Gabon, Liberia, Mali, Senegal, Sierra Leone) but this remains to be confirmed. In this study, impacts of the introduction of this major pest in Africa on maize crops have been estimated. In July 2017, a socio-economic survey has been conducted in Ghana and Zambia. The estimated national mean loss of maize in Ghana was 45% (ranging from 22 to 67%) and in Zambia 40% (ranging from 25 to 50%). Based on data collected from Ghana and Zambia, the potential impacts on maize yield and revenue in 10 other major maize-producing countries of Africa have been estimated. As a result, the estimated mean yield loss was 16 105 000 tonnes and the estimated economic loss ranged from 2 482 to 6 187 million USD. In addition to this analysis of economic impacts, recommendations are provided to NPPOs and farmers on the management of
S. frugiperda
.
Sources
Abrahams P, Bateman M, Beale T, Clottey V, Cock M, Colmenarez Y, Corniani N, Day R, Early R, Godwin Julien, Gomez J, Gonzalez Moreno P, Murphy ST, Oppong-Mensah B, Phiri N, Pratt C, Richards G, Silvestri S, Witt A (2017) Fall Armyworm: impacts and implications for Africa. Evidence Note (2), September 2017. CABI – UK Aid, 144 pp.
Summary version: [
Link
] - Full document: [
Link
]"
LAPHFR,Spodoptera frugiperda,Spodoptera frugiperda continues to spread in Africa,2017/213,2017-11,Update of outbreak,2017,Liberia,Africa,https://gd.eppo.int/reporting/article-6181,"EPPO Reporting Service no. 11 - 2017
Num. article:
2017/213
Spodoptera frugiperda continues to spread in Africa
In early 2016, outbreaks of
Spodoptera frugiperda
(Lepidoptera: Noctuidae – EPPO A1 List) were reported for the first time in Africa where high armyworm populations damaging maize (
Zea mays
) crops have been noticed (EPPO
RS 2016/188
, 2017/035, 2017/116). According to a recent study published by CABI and UK Aid, the presence of the pest has now been confirmed from
Angola, Cameroon, Chad, Guinea, Republic of Congo, South Sudan.
The presence of the pest is also suspected in other African countries (Central African Republic, Côte d’Ivoire, Gabon, Liberia, Mali, Senegal, Sierra Leone) but this remains to be confirmed. In this study, impacts of the introduction of this major pest in Africa on maize crops have been estimated. In July 2017, a socio-economic survey has been conducted in Ghana and Zambia. The estimated national mean loss of maize in Ghana was 45% (ranging from 22 to 67%) and in Zambia 40% (ranging from 25 to 50%). Based on data collected from Ghana and Zambia, the potential impacts on maize yield and revenue in 10 other major maize-producing countries of Africa have been estimated. As a result, the estimated mean yield loss was 16 105 000 tonnes and the estimated economic loss ranged from 2 482 to 6 187 million USD. In addition to this analysis of economic impacts, recommendations are provided to NPPOs and farmers on the management of
S. frugiperda
.
Sources
Abrahams P, Bateman M, Beale T, Clottey V, Cock M, Colmenarez Y, Corniani N, Day R, Early R, Godwin Julien, Gomez J, Gonzalez Moreno P, Murphy ST, Oppong-Mensah B, Phiri N, Pratt C, Richards G, Silvestri S, Witt A (2017) Fall Armyworm: impacts and implications for Africa. Evidence Note (2), September 2017. CABI – UK Aid, 144 pp.
Summary version: [
Link
] - Full document: [
Link
]"
LAPHFR,Spodoptera frugiperda,Spodoptera frugiperda continues to spread in Africa,2017/213,2017-11,Update of outbreak,2017,Mali,Africa,https://gd.eppo.int/reporting/article-6181,"EPPO Reporting Service no. 11 - 2017
Num. article:
2017/213
Spodoptera frugiperda continues to spread in Africa
In early 2016, outbreaks of
Spodoptera frugiperda
(Lepidoptera: Noctuidae – EPPO A1 List) were reported for the first time in Africa where high armyworm populations damaging maize (
Zea mays
) crops have been noticed (EPPO
RS 2016/188
, 2017/035, 2017/116). According to a recent study published by CABI and UK Aid, the presence of the pest has now been confirmed from
Angola, Cameroon, Chad, Guinea, Republic of Congo, South Sudan.
The presence of the pest is also suspected in other African countries (Central African Republic, Côte d’Ivoire, Gabon, Liberia, Mali, Senegal, Sierra Leone) but this remains to be confirmed. In this study, impacts of the introduction of this major pest in Africa on maize crops have been estimated. In July 2017, a socio-economic survey has been conducted in Ghana and Zambia. The estimated national mean loss of maize in Ghana was 45% (ranging from 22 to 67%) and in Zambia 40% (ranging from 25 to 50%). Based on data collected from Ghana and Zambia, the potential impacts on maize yield and revenue in 10 other major maize-producing countries of Africa have been estimated. As a result, the estimated mean yield loss was 16 105 000 tonnes and the estimated economic loss ranged from 2 482 to 6 187 million USD. In addition to this analysis of economic impacts, recommendations are provided to NPPOs and farmers on the management of
S. frugiperda
.
Sources
Abrahams P, Bateman M, Beale T, Clottey V, Cock M, Colmenarez Y, Corniani N, Day R, Early R, Godwin Julien, Gomez J, Gonzalez Moreno P, Murphy ST, Oppong-Mensah B, Phiri N, Pratt C, Richards G, Silvestri S, Witt A (2017) Fall Armyworm: impacts and implications for Africa. Evidence Note (2), September 2017. CABI – UK Aid, 144 pp.
Summary version: [
Link
] - Full document: [
Link
]"
LAPHFR,Spodoptera frugiperda,Spodoptera frugiperda continues to spread in Africa,2017/213,2017-11,Update of outbreak,2017,Senegal,Africa,https://gd.eppo.int/reporting/article-6181,"EPPO Reporting Service no. 11 - 2017
Num. article:
2017/213
Spodoptera frugiperda continues to spread in Africa
In early 2016, outbreaks of
Spodoptera frugiperda
(Lepidoptera: Noctuidae – EPPO A1 List) were reported for the first time in Africa where high armyworm populations damaging maize (
Zea mays
) crops have been noticed (EPPO
RS 2016/188
, 2017/035, 2017/116). According to a recent study published by CABI and UK Aid, the presence of the pest has now been confirmed from
Angola, Cameroon, Chad, Guinea, Republic of Congo, South Sudan.
The presence of the pest is also suspected in other African countries (Central African Republic, Côte d’Ivoire, Gabon, Liberia, Mali, Senegal, Sierra Leone) but this remains to be confirmed. In this study, impacts of the introduction of this major pest in Africa on maize crops have been estimated. In July 2017, a socio-economic survey has been conducted in Ghana and Zambia. The estimated national mean loss of maize in Ghana was 45% (ranging from 22 to 67%) and in Zambia 40% (ranging from 25 to 50%). Based on data collected from Ghana and Zambia, the potential impacts on maize yield and revenue in 10 other major maize-producing countries of Africa have been estimated. As a result, the estimated mean yield loss was 16 105 000 tonnes and the estimated economic loss ranged from 2 482 to 6 187 million USD. In addition to this analysis of economic impacts, recommendations are provided to NPPOs and farmers on the management of
S. frugiperda
.
Sources
Abrahams P, Bateman M, Beale T, Clottey V, Cock M, Colmenarez Y, Corniani N, Day R, Early R, Godwin Julien, Gomez J, Gonzalez Moreno P, Murphy ST, Oppong-Mensah B, Phiri N, Pratt C, Richards G, Silvestri S, Witt A (2017) Fall Armyworm: impacts and implications for Africa. Evidence Note (2), September 2017. CABI – UK Aid, 144 pp.
Summary version: [
Link
] - Full document: [
Link
]"
LAPHFR,Spodoptera frugiperda,Spodoptera frugiperda continues to spread in Africa,2017/213,2017-11,Update of outbreak,2017,Sierra Leone,Africa,https://gd.eppo.int/reporting/article-6181,"EPPO Reporting Service no. 11 - 2017
Num. article:
2017/213
Spodoptera frugiperda continues to spread in Africa
In early 2016, outbreaks of
Spodoptera frugiperda
(Lepidoptera: Noctuidae – EPPO A1 List) were reported for the first time in Africa where high armyworm populations damaging maize (
Zea mays
) crops have been noticed (EPPO
RS 2016/188
, 2017/035, 2017/116). According to a recent study published by CABI and UK Aid, the presence of the pest has now been confirmed from
Angola, Cameroon, Chad, Guinea, Republic of Congo, South Sudan.
The presence of the pest is also suspected in other African countries (Central African Republic, Côte d’Ivoire, Gabon, Liberia, Mali, Senegal, Sierra Leone) but this remains to be confirmed. In this study, impacts of the introduction of this major pest in Africa on maize crops have been estimated. In July 2017, a socio-economic survey has been conducted in Ghana and Zambia. The estimated national mean loss of maize in Ghana was 45% (ranging from 22 to 67%) and in Zambia 40% (ranging from 25 to 50%). Based on data collected from Ghana and Zambia, the potential impacts on maize yield and revenue in 10 other major maize-producing countries of Africa have been estimated. As a result, the estimated mean yield loss was 16 105 000 tonnes and the estimated economic loss ranged from 2 482 to 6 187 million USD. In addition to this analysis of economic impacts, recommendations are provided to NPPOs and farmers on the management of
S. frugiperda
.
Sources
Abrahams P, Bateman M, Beale T, Clottey V, Cock M, Colmenarez Y, Corniani N, Day R, Early R, Godwin Julien, Gomez J, Gonzalez Moreno P, Murphy ST, Oppong-Mensah B, Phiri N, Pratt C, Richards G, Silvestri S, Witt A (2017) Fall Armyworm: impacts and implications for Africa. Evidence Note (2), September 2017. CABI – UK Aid, 144 pp.
Summary version: [
Link
] - Full document: [
Link
]"
LAPHFR,Spodoptera frugiperda,Spodoptera frugiperda continues to spread in Africa,2017/191,2017-10,Update of outbreak,2016-2017,Angola,Africa,https://gd.eppo.int/reporting/article-6159,"EPPO Reporting Service no. 10 - 2017
Num. article:
2017/191
Spodoptera frugiperda continues to spread in Africa
In early 2016, outbreaks of
Spodoptera frugiperda
(Lepidoptera: Noctuidae – EPPO A1 List) were reported for the first time in Africa where high armyworm populations damaging maize (
Zea mays
) crops have been noticed (EPPO
RS 2016/188
, 2017/035, 2017/116). Since then, the following African countries have also reported the presence of the pest on their territory:
Angola, Central African Republic, Chad, and Congo.
Sources
INTERNET
FAO (2017-09-01) Briefing note on FAO actions on fall armyworm in Africa.
http://www.fao.org/3/a-bs183e.pdf"
LAPHFR,Spodoptera frugiperda,Spodoptera frugiperda continues to spread in Africa,2017/191,2017-10,Update of outbreak,2016-2017,Central African Republic,Africa,https://gd.eppo.int/reporting/article-6159,"EPPO Reporting Service no. 10 - 2017
Num. article:
2017/191
Spodoptera frugiperda continues to spread in Africa
In early 2016, outbreaks of
Spodoptera frugiperda
(Lepidoptera: Noctuidae – EPPO A1 List) were reported for the first time in Africa where high armyworm populations damaging maize (
Zea mays
) crops have been noticed (EPPO
RS 2016/188
, 2017/035, 2017/116). Since then, the following African countries have also reported the presence of the pest on their territory:
Angola, Central African Republic, Chad, and Congo.
Sources
INTERNET
FAO (2017-09-01) Briefing note on FAO actions on fall armyworm in Africa.
http://www.fao.org/3/a-bs183e.pdf"
LAPHFR,Spodoptera frugiperda,Spodoptera frugiperda continues to spread in Africa,2017/191,2017-10,Update of outbreak,2016-2017,Chad,Africa,https://gd.eppo.int/reporting/article-6159,"EPPO Reporting Service no. 10 - 2017
Num. article:
2017/191
Spodoptera frugiperda continues to spread in Africa
In early 2016, outbreaks of
Spodoptera frugiperda
(Lepidoptera: Noctuidae – EPPO A1 List) were reported for the first time in Africa where high armyworm populations damaging maize (
Zea mays
) crops have been noticed (EPPO
RS 2016/188
, 2017/035, 2017/116). Since then, the following African countries have also reported the presence of the pest on their territory:
Angola, Central African Republic, Chad, and Congo.
Sources
INTERNET
FAO (2017-09-01) Briefing note on FAO actions on fall armyworm in Africa.
http://www.fao.org/3/a-bs183e.pdf"
LAPHFR,Spodoptera frugiperda,Spodoptera frugiperda continues to spread in Africa,2017/191,2017-10,Update of outbreak,2016-2017,Congo,Africa,https://gd.eppo.int/reporting/article-6159,"EPPO Reporting Service no. 10 - 2017
Num. article:
2017/191
Spodoptera frugiperda continues to spread in Africa
In early 2016, outbreaks of
Spodoptera frugiperda
(Lepidoptera: Noctuidae – EPPO A1 List) were reported for the first time in Africa where high armyworm populations damaging maize (
Zea mays
) crops have been noticed (EPPO
RS 2016/188
, 2017/035, 2017/116). Since then, the following African countries have also reported the presence of the pest on their territory:
Angola, Central African Republic, Chad, and Congo.
Sources
INTERNET
FAO (2017-09-01) Briefing note on FAO actions on fall armyworm in Africa.
http://www.fao.org/3/a-bs183e.pdf"
LIBEAF,'Candidatus Liberibacter africanus',"Cultivation of ‘Candidatus Liberibacter asiaticus’, ‘Ca. L. africanus’ and ‘Ca. L. americanus’",2009/088,2009-05,Revised cause of disease,,,,https://gd.eppo.int/reporting/article-224,"EPPO Reporting Service no. 05 - 2009
Num. article:
2009/088
Cultivation of ‘Candidatus Liberibacter asiaticus’, ‘Ca. L. africanus’ and ‘Ca. L. americanus’
Huanglongbing (EPPO A1 List) is a citrus disease associated with several phloem-limited bacteria which had previously not been able to be cultured (in particular to verify Kochs’ postulates). A new growing medium (called Liber A) has been designed and used successfully to cultivate the three species of ‘Candidatus Liberibacter’ associated with huanglongbing (i.e. ‘
Ca.
Liberibacter asiaticus’, ‘
Ca
. L. africanus’ and ‘
Ca
. L. americanus’). Two strains of ‘
Ca
. L. asiaticus’ and one strain of ‘
Ca
. L. americanus were found to be pathogenic on citrus and were re-isolated from tissues of inoculated trees and seedlings 9 and 2 months after inoculation (by leaf infiltration), respectively. It is considered that Koch’s postulates have not been fully completed by inoculating mature trees and reproducing the entire disease etiology. However, this partial fulfilment of Kochs’ postulates showed that both ‘
Ca
. L. asiaticus’ and ‘
Ca
. L. americanus’ are pathogens of citrus, causing huanglongbing–like symptoms, and are likely to be major components of the disease (although it cannot be excluded that the disease might be a syndrome involving other factors).
Sources
Secher A, Schuenzel EL, Cooke P, Donnua S, Thaveechai N, Postnikova E, Stone AL, Schneider WL, Damsteegt VD, Schaad NW (2009) Cultivation of ‘
Candidatus
Liberibacter asiaticus’, ‘
Ca
. L. africanus’ and ‘
Ca
. L. americanus’ associated with huanglongbing.
Phytopathology
99
(5), 480-486."
LIBEAF,'Candidatus Liberibacter africanus',Proposed names for citrus greening bacterium and lime witches' broom phytoplasma,1996/32,1996-02,Revised cause of disease,,,,https://gd.eppo.int/reporting/article-3987,"EPPO Reporting Service no. 02 - 1996
Num. article:
1996/32
Proposed names for citrus greening bacterium and lime witches' broom phytoplasma
The greening disease of citrus (EPPO A1 quarantine pest) is caused by a phloem-restricted bacterium which has not been cultured. Characterization studies have been carried out on an Asian strain and an African strain of this bacterium and it was suggested that those two strains could belong to a new group of Proteobacteria, provisionally called 'Liberobacter'. Further genetic studies carried out on the African and Asian liberobacter indicated that they represent 2 different species in the proposed genus
Liberobacter
. Therefore the names '
Candidatus
Liberobacter asiaticum
' and '
Candidatus
Liberobacter africanum'
are proposed for the two forms of citrus greening.
Lime witches' broom phytoplasma (EU Annex II/A1) has been characterized by studying its genome size, the sequences of its 16S ribosomal DNA and the 16S-23S ribosomal DNA spacer region, and hybridization profiles obtained by using specific probes. The size of the phytoplasma genome is 720 kbp. Genomic similarities with the phytoplasmas of sunhemp (
Crotalaria juncea
), sesame and lucerne phyllody were demonstrated, and it was found that the lime witches' broom phytoplasma belongs to the sunhemp phyllody phylogenetic subgroup. A proposal has been made to designate the causal agent of lime witches' broom, as '
Candidatus
Phytoplasma aurantifolia'
. This name has an interim taxonomic status because 'Phytoplasma' has been approved only as a trivial name for MLOs, and not for a genus.
Sources
Jagoueix, S.; Bové, J.M.; Garnier, M. (1994) The phloem-limited bacterium of greening disease of citrus is a member of the alpha subdivision of the Proteobacteria.
International Journal of Systematic Bacteriology, 44(3), 379-386.
Planet, P.; Jagoueix, S.; Bové, J.M.; Garnier, M. (1995) Detection and characterization of the African citrus greening liberobacter by amplification, cloning and sequencing of the rlp KAJL - rpo BC operon.
Current Microbiology, 30(3), 137-141.
Zreik, L.; Carle, P.; Bové, J.M.; Garnier, M. (1995) Characterization of the mycoplasmalike organism associated with witches' broom disease of lime and proposition of a
Candidatus
taxon for the organism ""
Candidatus
Phytoplasma aurantifolia
"".
International Journal of Systematic Bacteriology, 45(3), 449-453."
LIBEAF,'Candidatus Liberibacter africanus',EPPO Distribution List for citrus greening bacterium,1994/160,1994-08,First record,1994,Vietnam,Asia,https://gd.eppo.int/reporting/article-4650,"EPPO Reporting Service no. 08 - 1994
Num. article:
1994/160
EPPO Distribution List for citrus greening bacterium
Due to the new record of citrus greening bacterium in Vietnam (probably the heat-tolerant form) and data provided by Yemen, its geographical distribution can be modified as follows.
EPPO Distribution List: Citrus greening bacterium
EPPO region: Absent.
Heat-sensitive form of the disease:
Asia: Saudi Arabia, Yemen.
Africa: Comoros, Ethiopia, Kenya, Madagascar, Mauritius, Réunion, Saint-Helena (unconfirmed), South Africa, Swaziland, Tanzania, Zimbabwe.
Heat-tolerant form of the disease:
Asia: China, India (unconfirmed), Hong Kong (few reports), Indonesia, Japan (Ryukyu islands only), Malaysia, Nepal, Pakistan, Philippines, Saudi Arabia, Taiwan, Thailand, Vietnam.
Africa: Mauritius, Réunion.
Note that both forms of the disease exist in Réunion, Mauritius and Saudi Arabia. The Mediterranean area and most of the Middle East (e.g Iran) are still free from the disease. The infested area which is closest to the Mediterranean zone extends south of Mecca, along the Red Sea.
This distribution list replaces all previous published EPPO Distribution Lists on Citrus greening bacterium!
Sources
EPPO Secretariat, 1994-07."
LIBEAF,'Candidatus Liberibacter africanus',EPPO Distribution List for citrus greening bacterium,1994/160,1994-08,First record,1994,Yemen,Asia,https://gd.eppo.int/reporting/article-4650,"EPPO Reporting Service no. 08 - 1994
Num. article:
1994/160
EPPO Distribution List for citrus greening bacterium
Due to the new record of citrus greening bacterium in Vietnam (probably the heat-tolerant form) and data provided by Yemen, its geographical distribution can be modified as follows.
EPPO Distribution List: Citrus greening bacterium
EPPO region: Absent.
Heat-sensitive form of the disease:
Asia: Saudi Arabia, Yemen.
Africa: Comoros, Ethiopia, Kenya, Madagascar, Mauritius, Réunion, Saint-Helena (unconfirmed), South Africa, Swaziland, Tanzania, Zimbabwe.
Heat-tolerant form of the disease:
Asia: China, India (unconfirmed), Hong Kong (few reports), Indonesia, Japan (Ryukyu islands only), Malaysia, Nepal, Pakistan, Philippines, Saudi Arabia, Taiwan, Thailand, Vietnam.
Africa: Mauritius, Réunion.
Note that both forms of the disease exist in Réunion, Mauritius and Saudi Arabia. The Mediterranean area and most of the Middle East (e.g Iran) are still free from the disease. The infested area which is closest to the Mediterranean zone extends south of Mecca, along the Red Sea.
This distribution list replaces all previous published EPPO Distribution Lists on Citrus greening bacterium!
Sources
EPPO Secretariat, 1994-07."
LIBEAF,'Candidatus Liberibacter africanus',EPPO Distribution List for citrus greening bacterium,1994/160,1994-08,First record,1994,China,Asia,https://gd.eppo.int/reporting/article-4650,"EPPO Reporting Service no. 08 - 1994
Num. article:
1994/160
EPPO Distribution List for citrus greening bacterium
Due to the new record of citrus greening bacterium in Vietnam (probably the heat-tolerant form) and data provided by Yemen, its geographical distribution can be modified as follows.
EPPO Distribution List: Citrus greening bacterium
EPPO region: Absent.
Heat-sensitive form of the disease:
Asia: Saudi Arabia, Yemen.
Africa: Comoros, Ethiopia, Kenya, Madagascar, Mauritius, Réunion, Saint-Helena (unconfirmed), South Africa, Swaziland, Tanzania, Zimbabwe.
Heat-tolerant form of the disease:
Asia: China, India (unconfirmed), Hong Kong (few reports), Indonesia, Japan (Ryukyu islands only), Malaysia, Nepal, Pakistan, Philippines, Saudi Arabia, Taiwan, Thailand, Vietnam.
Africa: Mauritius, Réunion.
Note that both forms of the disease exist in Réunion, Mauritius and Saudi Arabia. The Mediterranean area and most of the Middle East (e.g Iran) are still free from the disease. The infested area which is closest to the Mediterranean zone extends south of Mecca, along the Red Sea.
This distribution list replaces all previous published EPPO Distribution Lists on Citrus greening bacterium!
Sources
EPPO Secretariat, 1994-07."
LIBEAF,'Candidatus Liberibacter africanus',EPPO Distribution List for citrus greening bacterium,1994/160,1994-08,First record,1994,India,Asia,https://gd.eppo.int/reporting/article-4650,"EPPO Reporting Service no. 08 - 1994
Num. article:
1994/160
EPPO Distribution List for citrus greening bacterium
Due to the new record of citrus greening bacterium in Vietnam (probably the heat-tolerant form) and data provided by Yemen, its geographical distribution can be modified as follows.
EPPO Distribution List: Citrus greening bacterium
EPPO region: Absent.
Heat-sensitive form of the disease:
Asia: Saudi Arabia, Yemen.
Africa: Comoros, Ethiopia, Kenya, Madagascar, Mauritius, Réunion, Saint-Helena (unconfirmed), South Africa, Swaziland, Tanzania, Zimbabwe.
Heat-tolerant form of the disease:
Asia: China, India (unconfirmed), Hong Kong (few reports), Indonesia, Japan (Ryukyu islands only), Malaysia, Nepal, Pakistan, Philippines, Saudi Arabia, Taiwan, Thailand, Vietnam.
Africa: Mauritius, Réunion.
Note that both forms of the disease exist in Réunion, Mauritius and Saudi Arabia. The Mediterranean area and most of the Middle East (e.g Iran) are still free from the disease. The infested area which is closest to the Mediterranean zone extends south of Mecca, along the Red Sea.
This distribution list replaces all previous published EPPO Distribution Lists on Citrus greening bacterium!
Sources
EPPO Secretariat, 1994-07."
LIBEAF,'Candidatus Liberibacter africanus',EPPO Distribution List for citrus greening bacterium,1994/160,1994-08,First record,1994,Hong Kong,Asia,https://gd.eppo.int/reporting/article-4650,"EPPO Reporting Service no. 08 - 1994
Num. article:
1994/160
EPPO Distribution List for citrus greening bacterium
Due to the new record of citrus greening bacterium in Vietnam (probably the heat-tolerant form) and data provided by Yemen, its geographical distribution can be modified as follows.
EPPO Distribution List: Citrus greening bacterium
EPPO region: Absent.
Heat-sensitive form of the disease:
Asia: Saudi Arabia, Yemen.
Africa: Comoros, Ethiopia, Kenya, Madagascar, Mauritius, Réunion, Saint-Helena (unconfirmed), South Africa, Swaziland, Tanzania, Zimbabwe.
Heat-tolerant form of the disease:
Asia: China, India (unconfirmed), Hong Kong (few reports), Indonesia, Japan (Ryukyu islands only), Malaysia, Nepal, Pakistan, Philippines, Saudi Arabia, Taiwan, Thailand, Vietnam.
Africa: Mauritius, Réunion.
Note that both forms of the disease exist in Réunion, Mauritius and Saudi Arabia. The Mediterranean area and most of the Middle East (e.g Iran) are still free from the disease. The infested area which is closest to the Mediterranean zone extends south of Mecca, along the Red Sea.
This distribution list replaces all previous published EPPO Distribution Lists on Citrus greening bacterium!
Sources
EPPO Secretariat, 1994-07."
LIBEAF,'Candidatus Liberibacter africanus',EPPO Distribution List for citrus greening bacterium,1994/160,1994-08,First record,1994,Indonesia,Asia,https://gd.eppo.int/reporting/article-4650,"EPPO Reporting Service no. 08 - 1994
Num. article:
1994/160
EPPO Distribution List for citrus greening bacterium
Due to the new record of citrus greening bacterium in Vietnam (probably the heat-tolerant form) and data provided by Yemen, its geographical distribution can be modified as follows.
EPPO Distribution List: Citrus greening bacterium
EPPO region: Absent.
Heat-sensitive form of the disease:
Asia: Saudi Arabia, Yemen.
Africa: Comoros, Ethiopia, Kenya, Madagascar, Mauritius, Réunion, Saint-Helena (unconfirmed), South Africa, Swaziland, Tanzania, Zimbabwe.
Heat-tolerant form of the disease:
Asia: China, India (unconfirmed), Hong Kong (few reports), Indonesia, Japan (Ryukyu islands only), Malaysia, Nepal, Pakistan, Philippines, Saudi Arabia, Taiwan, Thailand, Vietnam.
Africa: Mauritius, Réunion.
Note that both forms of the disease exist in Réunion, Mauritius and Saudi Arabia. The Mediterranean area and most of the Middle East (e.g Iran) are still free from the disease. The infested area which is closest to the Mediterranean zone extends south of Mecca, along the Red Sea.
This distribution list replaces all previous published EPPO Distribution Lists on Citrus greening bacterium!
Sources
EPPO Secretariat, 1994-07."
LIBEAF,'Candidatus Liberibacter africanus',EPPO Distribution List for citrus greening bacterium,1994/160,1994-08,First record,1994,Japan,Asia,https://gd.eppo.int/reporting/article-4650,"EPPO Reporting Service no. 08 - 1994
Num. article:
1994/160
EPPO Distribution List for citrus greening bacterium
Due to the new record of citrus greening bacterium in Vietnam (probably the heat-tolerant form) and data provided by Yemen, its geographical distribution can be modified as follows.
EPPO Distribution List: Citrus greening bacterium
EPPO region: Absent.
Heat-sensitive form of the disease:
Asia: Saudi Arabia, Yemen.
Africa: Comoros, Ethiopia, Kenya, Madagascar, Mauritius, Réunion, Saint-Helena (unconfirmed), South Africa, Swaziland, Tanzania, Zimbabwe.
Heat-tolerant form of the disease:
Asia: China, India (unconfirmed), Hong Kong (few reports), Indonesia, Japan (Ryukyu islands only), Malaysia, Nepal, Pakistan, Philippines, Saudi Arabia, Taiwan, Thailand, Vietnam.
Africa: Mauritius, Réunion.
Note that both forms of the disease exist in Réunion, Mauritius and Saudi Arabia. The Mediterranean area and most of the Middle East (e.g Iran) are still free from the disease. The infested area which is closest to the Mediterranean zone extends south of Mecca, along the Red Sea.
This distribution list replaces all previous published EPPO Distribution Lists on Citrus greening bacterium!
Sources
EPPO Secretariat, 1994-07."
LIBEAF,'Candidatus Liberibacter africanus',EPPO Distribution List for citrus greening bacterium,1994/160,1994-08,First record,1994,Malaysia,Asia,https://gd.eppo.int/reporting/article-4650,"EPPO Reporting Service no. 08 - 1994
Num. article:
1994/160
EPPO Distribution List for citrus greening bacterium
Due to the new record of citrus greening bacterium in Vietnam (probably the heat-tolerant form) and data provided by Yemen, its geographical distribution can be modified as follows.
EPPO Distribution List: Citrus greening bacterium
EPPO region: Absent.
Heat-sensitive form of the disease:
Asia: Saudi Arabia, Yemen.
Africa: Comoros, Ethiopia, Kenya, Madagascar, Mauritius, Réunion, Saint-Helena (unconfirmed), South Africa, Swaziland, Tanzania, Zimbabwe.
Heat-tolerant form of the disease:
Asia: China, India (unconfirmed), Hong Kong (few reports), Indonesia, Japan (Ryukyu islands only), Malaysia, Nepal, Pakistan, Philippines, Saudi Arabia, Taiwan, Thailand, Vietnam.
Africa: Mauritius, Réunion.
Note that both forms of the disease exist in Réunion, Mauritius and Saudi Arabia. The Mediterranean area and most of the Middle East (e.g Iran) are still free from the disease. The infested area which is closest to the Mediterranean zone extends south of Mecca, along the Red Sea.
This distribution list replaces all previous published EPPO Distribution Lists on Citrus greening bacterium!
Sources
EPPO Secretariat, 1994-07."
LIBEAF,'Candidatus Liberibacter africanus',EPPO Distribution List for citrus greening bacterium,1994/160,1994-08,First record,1994,Nepal,Asia,https://gd.eppo.int/reporting/article-4650,"EPPO Reporting Service no. 08 - 1994
Num. article:
1994/160
EPPO Distribution List for citrus greening bacterium
Due to the new record of citrus greening bacterium in Vietnam (probably the heat-tolerant form) and data provided by Yemen, its geographical distribution can be modified as follows.
EPPO Distribution List: Citrus greening bacterium
EPPO region: Absent.
Heat-sensitive form of the disease:
Asia: Saudi Arabia, Yemen.
Africa: Comoros, Ethiopia, Kenya, Madagascar, Mauritius, Réunion, Saint-Helena (unconfirmed), South Africa, Swaziland, Tanzania, Zimbabwe.
Heat-tolerant form of the disease:
Asia: China, India (unconfirmed), Hong Kong (few reports), Indonesia, Japan (Ryukyu islands only), Malaysia, Nepal, Pakistan, Philippines, Saudi Arabia, Taiwan, Thailand, Vietnam.
Africa: Mauritius, Réunion.
Note that both forms of the disease exist in Réunion, Mauritius and Saudi Arabia. The Mediterranean area and most of the Middle East (e.g Iran) are still free from the disease. The infested area which is closest to the Mediterranean zone extends south of Mecca, along the Red Sea.
This distribution list replaces all previous published EPPO Distribution Lists on Citrus greening bacterium!
Sources
EPPO Secretariat, 1994-07."
LIBEAF,'Candidatus Liberibacter africanus',EPPO Distribution List for citrus greening bacterium,1994/160,1994-08,First record,1994,Pakistan,Asia,https://gd.eppo.int/reporting/article-4650,"EPPO Reporting Service no. 08 - 1994
Num. article:
1994/160
EPPO Distribution List for citrus greening bacterium
Due to the new record of citrus greening bacterium in Vietnam (probably the heat-tolerant form) and data provided by Yemen, its geographical distribution can be modified as follows.
EPPO Distribution List: Citrus greening bacterium
EPPO region: Absent.
Heat-sensitive form of the disease:
Asia: Saudi Arabia, Yemen.
Africa: Comoros, Ethiopia, Kenya, Madagascar, Mauritius, Réunion, Saint-Helena (unconfirmed), South Africa, Swaziland, Tanzania, Zimbabwe.
Heat-tolerant form of the disease:
Asia: China, India (unconfirmed), Hong Kong (few reports), Indonesia, Japan (Ryukyu islands only), Malaysia, Nepal, Pakistan, Philippines, Saudi Arabia, Taiwan, Thailand, Vietnam.
Africa: Mauritius, Réunion.
Note that both forms of the disease exist in Réunion, Mauritius and Saudi Arabia. The Mediterranean area and most of the Middle East (e.g Iran) are still free from the disease. The infested area which is closest to the Mediterranean zone extends south of Mecca, along the Red Sea.
This distribution list replaces all previous published EPPO Distribution Lists on Citrus greening bacterium!
Sources
EPPO Secretariat, 1994-07."
LIBEAF,'Candidatus Liberibacter africanus',EPPO Distribution List for citrus greening bacterium,1994/160,1994-08,First record,1994,Philippines,Asia,https://gd.eppo.int/reporting/article-4650,"EPPO Reporting Service no. 08 - 1994
Num. article:
1994/160
EPPO Distribution List for citrus greening bacterium
Due to the new record of citrus greening bacterium in Vietnam (probably the heat-tolerant form) and data provided by Yemen, its geographical distribution can be modified as follows.
EPPO Distribution List: Citrus greening bacterium
EPPO region: Absent.
Heat-sensitive form of the disease:
Asia: Saudi Arabia, Yemen.
Africa: Comoros, Ethiopia, Kenya, Madagascar, Mauritius, Réunion, Saint-Helena (unconfirmed), South Africa, Swaziland, Tanzania, Zimbabwe.
Heat-tolerant form of the disease:
Asia: China, India (unconfirmed), Hong Kong (few reports), Indonesia, Japan (Ryukyu islands only), Malaysia, Nepal, Pakistan, Philippines, Saudi Arabia, Taiwan, Thailand, Vietnam.
Africa: Mauritius, Réunion.
Note that both forms of the disease exist in Réunion, Mauritius and Saudi Arabia. The Mediterranean area and most of the Middle East (e.g Iran) are still free from the disease. The infested area which is closest to the Mediterranean zone extends south of Mecca, along the Red Sea.
This distribution list replaces all previous published EPPO Distribution Lists on Citrus greening bacterium!
Sources
EPPO Secretariat, 1994-07."
LIBEAF,'Candidatus Liberibacter africanus',EPPO Distribution List for citrus greening bacterium,1994/160,1994-08,First record,1994,Saudi Arabia,Asia,https://gd.eppo.int/reporting/article-4650,"EPPO Reporting Service no. 08 - 1994
Num. article:
1994/160
EPPO Distribution List for citrus greening bacterium
Due to the new record of citrus greening bacterium in Vietnam (probably the heat-tolerant form) and data provided by Yemen, its geographical distribution can be modified as follows.
EPPO Distribution List: Citrus greening bacterium
EPPO region: Absent.
Heat-sensitive form of the disease:
Asia: Saudi Arabia, Yemen.
Africa: Comoros, Ethiopia, Kenya, Madagascar, Mauritius, Réunion, Saint-Helena (unconfirmed), South Africa, Swaziland, Tanzania, Zimbabwe.
Heat-tolerant form of the disease:
Asia: China, India (unconfirmed), Hong Kong (few reports), Indonesia, Japan (Ryukyu islands only), Malaysia, Nepal, Pakistan, Philippines, Saudi Arabia, Taiwan, Thailand, Vietnam.
Africa: Mauritius, Réunion.
Note that both forms of the disease exist in Réunion, Mauritius and Saudi Arabia. The Mediterranean area and most of the Middle East (e.g Iran) are still free from the disease. The infested area which is closest to the Mediterranean zone extends south of Mecca, along the Red Sea.
This distribution list replaces all previous published EPPO Distribution Lists on Citrus greening bacterium!
Sources
EPPO Secretariat, 1994-07."
LIBEAF,'Candidatus Liberibacter africanus',EPPO Distribution List for citrus greening bacterium,1994/160,1994-08,First record,1994,Taiwan,Asia,https://gd.eppo.int/reporting/article-4650,"EPPO Reporting Service no. 08 - 1994
Num. article:
1994/160
EPPO Distribution List for citrus greening bacterium
Due to the new record of citrus greening bacterium in Vietnam (probably the heat-tolerant form) and data provided by Yemen, its geographical distribution can be modified as follows.
EPPO Distribution List: Citrus greening bacterium
EPPO region: Absent.
Heat-sensitive form of the disease:
Asia: Saudi Arabia, Yemen.
Africa: Comoros, Ethiopia, Kenya, Madagascar, Mauritius, Réunion, Saint-Helena (unconfirmed), South Africa, Swaziland, Tanzania, Zimbabwe.
Heat-tolerant form of the disease:
Asia: China, India (unconfirmed), Hong Kong (few reports), Indonesia, Japan (Ryukyu islands only), Malaysia, Nepal, Pakistan, Philippines, Saudi Arabia, Taiwan, Thailand, Vietnam.
Africa: Mauritius, Réunion.
Note that both forms of the disease exist in Réunion, Mauritius and Saudi Arabia. The Mediterranean area and most of the Middle East (e.g Iran) are still free from the disease. The infested area which is closest to the Mediterranean zone extends south of Mecca, along the Red Sea.
This distribution list replaces all previous published EPPO Distribution Lists on Citrus greening bacterium!
Sources
EPPO Secretariat, 1994-07."
LIBEAF,'Candidatus Liberibacter africanus',EPPO Distribution List for citrus greening bacterium,1994/160,1994-08,First record,1994,Thailand,Asia,https://gd.eppo.int/reporting/article-4650,"EPPO Reporting Service no. 08 - 1994
Num. article:
1994/160
EPPO Distribution List for citrus greening bacterium
Due to the new record of citrus greening bacterium in Vietnam (probably the heat-tolerant form) and data provided by Yemen, its geographical distribution can be modified as follows.
EPPO Distribution List: Citrus greening bacterium
EPPO region: Absent.
Heat-sensitive form of the disease:
Asia: Saudi Arabia, Yemen.
Africa: Comoros, Ethiopia, Kenya, Madagascar, Mauritius, Réunion, Saint-Helena (unconfirmed), South Africa, Swaziland, Tanzania, Zimbabwe.
Heat-tolerant form of the disease:
Asia: China, India (unconfirmed), Hong Kong (few reports), Indonesia, Japan (Ryukyu islands only), Malaysia, Nepal, Pakistan, Philippines, Saudi Arabia, Taiwan, Thailand, Vietnam.
Africa: Mauritius, Réunion.
Note that both forms of the disease exist in Réunion, Mauritius and Saudi Arabia. The Mediterranean area and most of the Middle East (e.g Iran) are still free from the disease. The infested area which is closest to the Mediterranean zone extends south of Mecca, along the Red Sea.
This distribution list replaces all previous published EPPO Distribution Lists on Citrus greening bacterium!
Sources
EPPO Secretariat, 1994-07."
LIBEAF,'Candidatus Liberibacter africanus',EPPO Distribution List for citrus greening bacterium,1994/160,1994-08,First record,1994,Mauritius,Africa,https://gd.eppo.int/reporting/article-4650,"EPPO Reporting Service no. 08 - 1994
Num. article:
1994/160
EPPO Distribution List for citrus greening bacterium
Due to the new record of citrus greening bacterium in Vietnam (probably the heat-tolerant form) and data provided by Yemen, its geographical distribution can be modified as follows.
EPPO Distribution List: Citrus greening bacterium
EPPO region: Absent.
Heat-sensitive form of the disease:
Asia: Saudi Arabia, Yemen.
Africa: Comoros, Ethiopia, Kenya, Madagascar, Mauritius, Réunion, Saint-Helena (unconfirmed), South Africa, Swaziland, Tanzania, Zimbabwe.
Heat-tolerant form of the disease:
Asia: China, India (unconfirmed), Hong Kong (few reports), Indonesia, Japan (Ryukyu islands only), Malaysia, Nepal, Pakistan, Philippines, Saudi Arabia, Taiwan, Thailand, Vietnam.
Africa: Mauritius, Réunion.
Note that both forms of the disease exist in Réunion, Mauritius and Saudi Arabia. The Mediterranean area and most of the Middle East (e.g Iran) are still free from the disease. The infested area which is closest to the Mediterranean zone extends south of Mecca, along the Red Sea.
This distribution list replaces all previous published EPPO Distribution Lists on Citrus greening bacterium!
Sources
EPPO Secretariat, 1994-07."
LIBEAF,'Candidatus Liberibacter africanus',EPPO Distribution List for citrus greening bacterium,1994/160,1994-08,First record,1994,Réunion,Africa,https://gd.eppo.int/reporting/article-4650,"EPPO Reporting Service no. 08 - 1994
Num. article:
1994/160
EPPO Distribution List for citrus greening bacterium
Due to the new record of citrus greening bacterium in Vietnam (probably the heat-tolerant form) and data provided by Yemen, its geographical distribution can be modified as follows.
EPPO Distribution List: Citrus greening bacterium
EPPO region: Absent.
Heat-sensitive form of the disease:
Asia: Saudi Arabia, Yemen.
Africa: Comoros, Ethiopia, Kenya, Madagascar, Mauritius, Réunion, Saint-Helena (unconfirmed), South Africa, Swaziland, Tanzania, Zimbabwe.
Heat-tolerant form of the disease:
Asia: China, India (unconfirmed), Hong Kong (few reports), Indonesia, Japan (Ryukyu islands only), Malaysia, Nepal, Pakistan, Philippines, Saudi Arabia, Taiwan, Thailand, Vietnam.
Africa: Mauritius, Réunion.
Note that both forms of the disease exist in Réunion, Mauritius and Saudi Arabia. The Mediterranean area and most of the Middle East (e.g Iran) are still free from the disease. The infested area which is closest to the Mediterranean zone extends south of Mecca, along the Red Sea.
This distribution list replaces all previous published EPPO Distribution Lists on Citrus greening bacterium!
Sources
EPPO Secretariat, 1994-07."
LIBEAF,'Candidatus Liberibacter africanus',EPPO Distribution List for citrus greening bacterium,1994/160,1994-08,First record,1994,Comoros,Africa,https://gd.eppo.int/reporting/article-4650,"EPPO Reporting Service no. 08 - 1994
Num. article:
1994/160
EPPO Distribution List for citrus greening bacterium
Due to the new record of citrus greening bacterium in Vietnam (probably the heat-tolerant form) and data provided by Yemen, its geographical distribution can be modified as follows.
EPPO Distribution List: Citrus greening bacterium
EPPO region: Absent.
Heat-sensitive form of the disease:
Asia: Saudi Arabia, Yemen.
Africa: Comoros, Ethiopia, Kenya, Madagascar, Mauritius, Réunion, Saint-Helena (unconfirmed), South Africa, Swaziland, Tanzania, Zimbabwe.
Heat-tolerant form of the disease:
Asia: China, India (unconfirmed), Hong Kong (few reports), Indonesia, Japan (Ryukyu islands only), Malaysia, Nepal, Pakistan, Philippines, Saudi Arabia, Taiwan, Thailand, Vietnam.
Africa: Mauritius, Réunion.
Note that both forms of the disease exist in Réunion, Mauritius and Saudi Arabia. The Mediterranean area and most of the Middle East (e.g Iran) are still free from the disease. The infested area which is closest to the Mediterranean zone extends south of Mecca, along the Red Sea.
This distribution list replaces all previous published EPPO Distribution Lists on Citrus greening bacterium!
Sources
EPPO Secretariat, 1994-07."
LIBEAF,'Candidatus Liberibacter africanus',EPPO Distribution List for citrus greening bacterium,1994/160,1994-08,First record,1994,Ethiopia,Africa,https://gd.eppo.int/reporting/article-4650,"EPPO Reporting Service no. 08 - 1994
Num. article:
1994/160
EPPO Distribution List for citrus greening bacterium
Due to the new record of citrus greening bacterium in Vietnam (probably the heat-tolerant form) and data provided by Yemen, its geographical distribution can be modified as follows.
EPPO Distribution List: Citrus greening bacterium
EPPO region: Absent.
Heat-sensitive form of the disease:
Asia: Saudi Arabia, Yemen.
Africa: Comoros, Ethiopia, Kenya, Madagascar, Mauritius, Réunion, Saint-Helena (unconfirmed), South Africa, Swaziland, Tanzania, Zimbabwe.
Heat-tolerant form of the disease:
Asia: China, India (unconfirmed), Hong Kong (few reports), Indonesia, Japan (Ryukyu islands only), Malaysia, Nepal, Pakistan, Philippines, Saudi Arabia, Taiwan, Thailand, Vietnam.
Africa: Mauritius, Réunion.
Note that both forms of the disease exist in Réunion, Mauritius and Saudi Arabia. The Mediterranean area and most of the Middle East (e.g Iran) are still free from the disease. The infested area which is closest to the Mediterranean zone extends south of Mecca, along the Red Sea.
This distribution list replaces all previous published EPPO Distribution Lists on Citrus greening bacterium!
Sources
EPPO Secretariat, 1994-07."
LIBEAF,'Candidatus Liberibacter africanus',EPPO Distribution List for citrus greening bacterium,1994/160,1994-08,First record,1994,Kenya,Africa,https://gd.eppo.int/reporting/article-4650,"EPPO Reporting Service no. 08 - 1994
Num. article:
1994/160
EPPO Distribution List for citrus greening bacterium
Due to the new record of citrus greening bacterium in Vietnam (probably the heat-tolerant form) and data provided by Yemen, its geographical distribution can be modified as follows.
EPPO Distribution List: Citrus greening bacterium
EPPO region: Absent.
Heat-sensitive form of the disease:
Asia: Saudi Arabia, Yemen.
Africa: Comoros, Ethiopia, Kenya, Madagascar, Mauritius, Réunion, Saint-Helena (unconfirmed), South Africa, Swaziland, Tanzania, Zimbabwe.
Heat-tolerant form of the disease:
Asia: China, India (unconfirmed), Hong Kong (few reports), Indonesia, Japan (Ryukyu islands only), Malaysia, Nepal, Pakistan, Philippines, Saudi Arabia, Taiwan, Thailand, Vietnam.
Africa: Mauritius, Réunion.
Note that both forms of the disease exist in Réunion, Mauritius and Saudi Arabia. The Mediterranean area and most of the Middle East (e.g Iran) are still free from the disease. The infested area which is closest to the Mediterranean zone extends south of Mecca, along the Red Sea.
This distribution list replaces all previous published EPPO Distribution Lists on Citrus greening bacterium!
Sources
EPPO Secretariat, 1994-07."
LIBEAF,'Candidatus Liberibacter africanus',EPPO Distribution List for citrus greening bacterium,1994/160,1994-08,First record,1994,Madagascar,Africa,https://gd.eppo.int/reporting/article-4650,"EPPO Reporting Service no. 08 - 1994
Num. article:
1994/160
EPPO Distribution List for citrus greening bacterium
Due to the new record of citrus greening bacterium in Vietnam (probably the heat-tolerant form) and data provided by Yemen, its geographical distribution can be modified as follows.
EPPO Distribution List: Citrus greening bacterium
EPPO region: Absent.
Heat-sensitive form of the disease:
Asia: Saudi Arabia, Yemen.
Africa: Comoros, Ethiopia, Kenya, Madagascar, Mauritius, Réunion, Saint-Helena (unconfirmed), South Africa, Swaziland, Tanzania, Zimbabwe.
Heat-tolerant form of the disease:
Asia: China, India (unconfirmed), Hong Kong (few reports), Indonesia, Japan (Ryukyu islands only), Malaysia, Nepal, Pakistan, Philippines, Saudi Arabia, Taiwan, Thailand, Vietnam.
Africa: Mauritius, Réunion.
Note that both forms of the disease exist in Réunion, Mauritius and Saudi Arabia. The Mediterranean area and most of the Middle East (e.g Iran) are still free from the disease. The infested area which is closest to the Mediterranean zone extends south of Mecca, along the Red Sea.
This distribution list replaces all previous published EPPO Distribution Lists on Citrus greening bacterium!
Sources
EPPO Secretariat, 1994-07."
LIBEAF,'Candidatus Liberibacter africanus',EPPO Distribution List for citrus greening bacterium,1994/160,1994-08,First record,1994,Saint-Helena,Africa,https://gd.eppo.int/reporting/article-4650,"EPPO Reporting Service no. 08 - 1994
Num. article:
1994/160
EPPO Distribution List for citrus greening bacterium
Due to the new record of citrus greening bacterium in Vietnam (probably the heat-tolerant form) and data provided by Yemen, its geographical distribution can be modified as follows.
EPPO Distribution List: Citrus greening bacterium
EPPO region: Absent.
Heat-sensitive form of the disease:
Asia: Saudi Arabia, Yemen.
Africa: Comoros, Ethiopia, Kenya, Madagascar, Mauritius, Réunion, Saint-Helena (unconfirmed), South Africa, Swaziland, Tanzania, Zimbabwe.
Heat-tolerant form of the disease:
Asia: China, India (unconfirmed), Hong Kong (few reports), Indonesia, Japan (Ryukyu islands only), Malaysia, Nepal, Pakistan, Philippines, Saudi Arabia, Taiwan, Thailand, Vietnam.
Africa: Mauritius, Réunion.
Note that both forms of the disease exist in Réunion, Mauritius and Saudi Arabia. The Mediterranean area and most of the Middle East (e.g Iran) are still free from the disease. The infested area which is closest to the Mediterranean zone extends south of Mecca, along the Red Sea.
This distribution list replaces all previous published EPPO Distribution Lists on Citrus greening bacterium!
Sources
EPPO Secretariat, 1994-07."
LIBEAF,'Candidatus Liberibacter africanus',EPPO Distribution List for citrus greening bacterium,1994/160,1994-08,First record,1994,South Africa,Africa,https://gd.eppo.int/reporting/article-4650,"EPPO Reporting Service no. 08 - 1994
Num. article:
1994/160
EPPO Distribution List for citrus greening bacterium
Due to the new record of citrus greening bacterium in Vietnam (probably the heat-tolerant form) and data provided by Yemen, its geographical distribution can be modified as follows.
EPPO Distribution List: Citrus greening bacterium
EPPO region: Absent.
Heat-sensitive form of the disease:
Asia: Saudi Arabia, Yemen.
Africa: Comoros, Ethiopia, Kenya, Madagascar, Mauritius, Réunion, Saint-Helena (unconfirmed), South Africa, Swaziland, Tanzania, Zimbabwe.
Heat-tolerant form of the disease:
Asia: China, India (unconfirmed), Hong Kong (few reports), Indonesia, Japan (Ryukyu islands only), Malaysia, Nepal, Pakistan, Philippines, Saudi Arabia, Taiwan, Thailand, Vietnam.
Africa: Mauritius, Réunion.
Note that both forms of the disease exist in Réunion, Mauritius and Saudi Arabia. The Mediterranean area and most of the Middle East (e.g Iran) are still free from the disease. The infested area which is closest to the Mediterranean zone extends south of Mecca, along the Red Sea.
This distribution list replaces all previous published EPPO Distribution Lists on Citrus greening bacterium!
Sources
EPPO Secretariat, 1994-07."
LIBEAF,'Candidatus Liberibacter africanus',EPPO Distribution List for citrus greening bacterium,1994/160,1994-08,First record,1994,Swaziland,Africa,https://gd.eppo.int/reporting/article-4650,"EPPO Reporting Service no. 08 - 1994
Num. article:
1994/160
EPPO Distribution List for citrus greening bacterium
Due to the new record of citrus greening bacterium in Vietnam (probably the heat-tolerant form) and data provided by Yemen, its geographical distribution can be modified as follows.
EPPO Distribution List: Citrus greening bacterium
EPPO region: Absent.
Heat-sensitive form of the disease:
Asia: Saudi Arabia, Yemen.
Africa: Comoros, Ethiopia, Kenya, Madagascar, Mauritius, Réunion, Saint-Helena (unconfirmed), South Africa, Swaziland, Tanzania, Zimbabwe.
Heat-tolerant form of the disease:
Asia: China, India (unconfirmed), Hong Kong (few reports), Indonesia, Japan (Ryukyu islands only), Malaysia, Nepal, Pakistan, Philippines, Saudi Arabia, Taiwan, Thailand, Vietnam.
Africa: Mauritius, Réunion.
Note that both forms of the disease exist in Réunion, Mauritius and Saudi Arabia. The Mediterranean area and most of the Middle East (e.g Iran) are still free from the disease. The infested area which is closest to the Mediterranean zone extends south of Mecca, along the Red Sea.
This distribution list replaces all previous published EPPO Distribution Lists on Citrus greening bacterium!
Sources
EPPO Secretariat, 1994-07."
LIBEAF,'Candidatus Liberibacter africanus',EPPO Distribution List for citrus greening bacterium,1994/160,1994-08,First record,1994,Tanzania,Africa,https://gd.eppo.int/reporting/article-4650,"EPPO Reporting Service no. 08 - 1994
Num. article:
1994/160
EPPO Distribution List for citrus greening bacterium
Due to the new record of citrus greening bacterium in Vietnam (probably the heat-tolerant form) and data provided by Yemen, its geographical distribution can be modified as follows.
EPPO Distribution List: Citrus greening bacterium
EPPO region: Absent.
Heat-sensitive form of the disease:
Asia: Saudi Arabia, Yemen.
Africa: Comoros, Ethiopia, Kenya, Madagascar, Mauritius, Réunion, Saint-Helena (unconfirmed), South Africa, Swaziland, Tanzania, Zimbabwe.
Heat-tolerant form of the disease:
Asia: China, India (unconfirmed), Hong Kong (few reports), Indonesia, Japan (Ryukyu islands only), Malaysia, Nepal, Pakistan, Philippines, Saudi Arabia, Taiwan, Thailand, Vietnam.
Africa: Mauritius, Réunion.
Note that both forms of the disease exist in Réunion, Mauritius and Saudi Arabia. The Mediterranean area and most of the Middle East (e.g Iran) are still free from the disease. The infested area which is closest to the Mediterranean zone extends south of Mecca, along the Red Sea.
This distribution list replaces all previous published EPPO Distribution Lists on Citrus greening bacterium!
Sources
EPPO Secretariat, 1994-07."
LIBEAF,'Candidatus Liberibacter africanus',EPPO Distribution List for citrus greening bacterium,1994/160,1994-08,First record,1994,Zimbabwe,Africa,https://gd.eppo.int/reporting/article-4650,"EPPO Reporting Service no. 08 - 1994
Num. article:
1994/160
EPPO Distribution List for citrus greening bacterium
Due to the new record of citrus greening bacterium in Vietnam (probably the heat-tolerant form) and data provided by Yemen, its geographical distribution can be modified as follows.
EPPO Distribution List: Citrus greening bacterium
EPPO region: Absent.
Heat-sensitive form of the disease:
Asia: Saudi Arabia, Yemen.
Africa: Comoros, Ethiopia, Kenya, Madagascar, Mauritius, Réunion, Saint-Helena (unconfirmed), South Africa, Swaziland, Tanzania, Zimbabwe.
Heat-tolerant form of the disease:
Asia: China, India (unconfirmed), Hong Kong (few reports), Indonesia, Japan (Ryukyu islands only), Malaysia, Nepal, Pakistan, Philippines, Saudi Arabia, Taiwan, Thailand, Vietnam.
Africa: Mauritius, Réunion.
Note that both forms of the disease exist in Réunion, Mauritius and Saudi Arabia. The Mediterranean area and most of the Middle East (e.g Iran) are still free from the disease. The infested area which is closest to the Mediterranean zone extends south of Mecca, along the Red Sea.
This distribution list replaces all previous published EPPO Distribution Lists on Citrus greening bacterium!
Sources
EPPO Secretariat, 1994-07."
LIBEAF,'Candidatus Liberibacter africanus',Distribution of Citrus greening bacterium,1993/68,1993-04,First record,1993,Tanzania,Africa,https://gd.eppo.int/reporting/article-4858,"EPPO Reporting Service no. 04 - 1993
Num. article:
1993/68
Distribution of Citrus greening bacterium
Due to the new report of Citrus greening bacterium (EPPO A1 pest) in Tanzania the distribution of this pathogen is as follows:
EPPO distribution list: Citrus greening bacterium
EPPO region: Absent.
Africa: Comoros, Ethiopia, Kenya, Madagascar, Malawi Mauritius, R‚union, South Africa, St. Helena, Swaziland, Tanzania, Zimbabwe.
Asia: China, Hong Kong, India, Indonesia, Japan, Malaysia, Nepal, Pakistan, Philippines, Saudi Arabia, Taiwan, Thailand, Yemen.
Sources
EPPO Secretariat, Paris (1993-02)"
LIBEAF,'Candidatus Liberibacter africanus',Citrus greening bacterium present in Tanzania,1993/67,1993-04,First record,1993,Tanzania,Africa,https://gd.eppo.int/reporting/article-4857,"EPPO Reporting Service no. 04 - 1993
Num. article:
1993/67
Citrus greening bacterium present in Tanzania
Citrus greening bacterium (EPPO A1 pest) as well as its African vector Trioza erytreae (EPPO A1 pest) are present in Tanzania. The areas of the disease spread can be divided into four zones:
Zone A: This zone includes the highlands with ;1200 m elevation. Citrus greening bacterium and the vector are widespread and occur in high populations.
Zone B: (800-1200 m elevation) Very high vector populations occur in this zone, but disease intensity is only moderate.
Zone C: (500-800 m elevation) This zone is characterized by a low vector population and disease intensity level.
Zone D: (;400 m elevation) Vector and disease are absent from these areas.
Sources
Evers, G.; Grisoni, M. (1991) Present situation of the citrus greening disease in Tanzania and proposal for control strategies.
Fruits (Paris) 46, 171-177."
LIBEAF,'Candidatus Liberibacter africanus',Presence of citrus greening bacterium and citrus tristeza closterovirus in India,1992/03,1992-04,First record,1992,India,Asia,https://gd.eppo.int/reporting/article-5101,"EPPO Reporting Service no. 04 - 1992
Num. article:
1992/03
Presence of citrus greening bacterium and citrus tristeza closterovirus in India
A survey was carried out in the North-Eastern States of India (Assam Meghalaya, Manipur and Arunadhal Pradesh) to determine distribution of citrus greening bacterium (EPPO A1 organism) and citrus tristeza closterovirus (EPPO A2 organism).
Symptoms of greening and tristeza were not observed on Citrus macroptera and C. indica growing wild in Meghalaya.  Vectors of greening and tristeza, Diaphorina citri (EPPO A1 pest) and Toxoptera citricida (EPPO A1 pest), were present on most of the surveyed trees.
The authors concluded that the results indicate that citrus greening bacterium and citrus tristeza closterovirus are present in Khasi orange and that tristeza is also present in Khasi line and Assam lemon in the North-East of India.
Sources
Bhagabati, K.N. ; Ahlawat, Y.S. ; Chakraboty, N.K. ; Borthakur, B.C.  (1989)  Distribution of greening, tristeza and mosaic diseases of citrus in North-Eastern States of India.
India Phytopathology 42, 552-555"
LIBEAF,'Candidatus Liberibacter africanus',Presence of citrus greening bacterium and citrus tristeza closterovirus in India,1992/03,1992-04,First record,1992,India,Asia,https://gd.eppo.int/reporting/article-5101,"EPPO Reporting Service no. 04 - 1992
Num. article:
1992/03
Presence of citrus greening bacterium and citrus tristeza closterovirus in India
A survey was carried out in the North-Eastern States of India (Assam Meghalaya, Manipur and Arunadhal Pradesh) to determine distribution of citrus greening bacterium (EPPO A1 organism) and citrus tristeza closterovirus (EPPO A2 organism).
Symptoms of greening and tristeza were not observed on Citrus macroptera and C. indica growing wild in Meghalaya.  Vectors of greening and tristeza, Diaphorina citri (EPPO A1 pest) and Toxoptera citricida (EPPO A1 pest), were present on most of the surveyed trees.
The authors concluded that the results indicate that citrus greening bacterium and citrus tristeza closterovirus are present in Khasi orange and that tristeza is also present in Khasi line and Assam lemon in the North-East of India.
Sources
Bhagabati, K.N. ; Ahlawat, Y.S. ; Chakraboty, N.K. ; Borthakur, B.C.  (1989)  Distribution of greening, tristeza and mosaic diseases of citrus in North-Eastern States of India.
India Phytopathology 42, 552-555"
LIBEAF,'Candidatus Liberibacter africanus',"Key points at Third Arab Congress of Plant Protection, El Ain (United Arab Emirates),1988-12-05/09",1990/01,1990-04,Update of outbreak,1980s,Saudi Arabia,Asia,https://gd.eppo.int/reporting/article-5597,"EPPO Reporting Service no. 04 - 1990
Num. article:
1990/01
Key points at Third Arab Congress of Plant Protection, El Ain (United Arab Emirates),1988-12-05/09
Citrus diseases
The importance of the threat of
Xanthomonas campestris
pv.
citri
to Arab and Mediterranean countries was stressed. It already occurs in Saudi Arabia, United Arab Emirates, and Yemen Arab Republic (EPPO Reporting Service 462). Citrus greening bacterium presents an equally great threat. In addition to its recorded occurrence in Saudi Arabia and Yemen Arab Republic; it has now been recorded, with its vector
Trioza erytreae
in People's Democratic Republic of Yemen.
·
Bayoud disease
Still restricted to Algeria and Morocco,
Fusarium oxysporum
f.sp.
albedinis
(EPPO A2 list) presents a major threat to the dategrowing countries of the Eastern Mediterranean and Near East.
Workshop on Fruit Crop Improvement in Arab Countries
A workshop was organized on fruit tree sanitation, with the main emphasis on virus and virus-like diseases of citrus, grapevine and
Prunus
, and on the maintenance of healthy planting material and establishment of certification schemes. Many of the details presented have been published in UNDP/FAO Report RAB/86/018 on 'Fruit Crop Sanitation in the Mediterranean and Near East Region status and requirements' (see EPPO Reporting Service nos 504/02, 504/03, 504/04).
Tomato yellow leaf curl geminivirus
This virus, already noted as a serious problem (EPPO Reporting Service 503/07), transmitted by
Bemisia tabaci
(EPPO A2 list) is widespread in the Near East and currently causes very severe problems on irrigated tomato and pepper crops throughout the area.
Sources
Third Arab Congress of Plant Protection"
LIBEAF,'Candidatus Liberibacter africanus',"Key points at Third Arab Congress of Plant Protection, El Ain (United Arab Emirates),1988-12-05/09",1990/01,1990-04,Update of outbreak,1980s,United Arab Emirates,Asia,https://gd.eppo.int/reporting/article-5597,"EPPO Reporting Service no. 04 - 1990
Num. article:
1990/01
Key points at Third Arab Congress of Plant Protection, El Ain (United Arab Emirates),1988-12-05/09
Citrus diseases
The importance of the threat of
Xanthomonas campestris
pv.
citri
to Arab and Mediterranean countries was stressed. It already occurs in Saudi Arabia, United Arab Emirates, and Yemen Arab Republic (EPPO Reporting Service 462). Citrus greening bacterium presents an equally great threat. In addition to its recorded occurrence in Saudi Arabia and Yemen Arab Republic; it has now been recorded, with its vector
Trioza erytreae
in People's Democratic Republic of Yemen.
·
Bayoud disease
Still restricted to Algeria and Morocco,
Fusarium oxysporum
f.sp.
albedinis
(EPPO A2 list) presents a major threat to the dategrowing countries of the Eastern Mediterranean and Near East.
Workshop on Fruit Crop Improvement in Arab Countries
A workshop was organized on fruit tree sanitation, with the main emphasis on virus and virus-like diseases of citrus, grapevine and
Prunus
, and on the maintenance of healthy planting material and establishment of certification schemes. Many of the details presented have been published in UNDP/FAO Report RAB/86/018 on 'Fruit Crop Sanitation in the Mediterranean and Near East Region status and requirements' (see EPPO Reporting Service nos 504/02, 504/03, 504/04).
Tomato yellow leaf curl geminivirus
This virus, already noted as a serious problem (EPPO Reporting Service 503/07), transmitted by
Bemisia tabaci
(EPPO A2 list) is widespread in the Near East and currently causes very severe problems on irrigated tomato and pepper crops throughout the area.
Sources
Third Arab Congress of Plant Protection"
LIBEAF,'Candidatus Liberibacter africanus',"Key points at Third Arab Congress of Plant Protection, El Ain (United Arab Emirates),1988-12-05/09",1990/01,1990-04,Update of outbreak,1980s,Yemen Arab Republic,Asia,https://gd.eppo.int/reporting/article-5597,"EPPO Reporting Service no. 04 - 1990
Num. article:
1990/01
Key points at Third Arab Congress of Plant Protection, El Ain (United Arab Emirates),1988-12-05/09
Citrus diseases
The importance of the threat of
Xanthomonas campestris
pv.
citri
to Arab and Mediterranean countries was stressed. It already occurs in Saudi Arabia, United Arab Emirates, and Yemen Arab Republic (EPPO Reporting Service 462). Citrus greening bacterium presents an equally great threat. In addition to its recorded occurrence in Saudi Arabia and Yemen Arab Republic; it has now been recorded, with its vector
Trioza erytreae
in People's Democratic Republic of Yemen.
·
Bayoud disease
Still restricted to Algeria and Morocco,
Fusarium oxysporum
f.sp.
albedinis
(EPPO A2 list) presents a major threat to the dategrowing countries of the Eastern Mediterranean and Near East.
Workshop on Fruit Crop Improvement in Arab Countries
A workshop was organized on fruit tree sanitation, with the main emphasis on virus and virus-like diseases of citrus, grapevine and
Prunus
, and on the maintenance of healthy planting material and establishment of certification schemes. Many of the details presented have been published in UNDP/FAO Report RAB/86/018 on 'Fruit Crop Sanitation in the Mediterranean and Near East Region status and requirements' (see EPPO Reporting Service nos 504/02, 504/03, 504/04).
Tomato yellow leaf curl geminivirus
This virus, already noted as a serious problem (EPPO Reporting Service 503/07), transmitted by
Bemisia tabaci
(EPPO A2 list) is widespread in the Near East and currently causes very severe problems on irrigated tomato and pepper crops throughout the area.
Sources
Third Arab Congress of Plant Protection"
LIBEAF,'Candidatus Liberibacter africanus',"Key points at Third Arab Congress of Plant Protection, El Ain (United Arab Emirates),1988-12-05/09",1990/01,1990-04,Update of outbreak,1990,People's Democratic Republic of Yemen,Asia,https://gd.eppo.int/reporting/article-5597,"EPPO Reporting Service no. 04 - 1990
Num. article:
1990/01
Key points at Third Arab Congress of Plant Protection, El Ain (United Arab Emirates),1988-12-05/09
Citrus diseases
The importance of the threat of
Xanthomonas campestris
pv.
citri
to Arab and Mediterranean countries was stressed. It already occurs in Saudi Arabia, United Arab Emirates, and Yemen Arab Republic (EPPO Reporting Service 462). Citrus greening bacterium presents an equally great threat. In addition to its recorded occurrence in Saudi Arabia and Yemen Arab Republic; it has now been recorded, with its vector
Trioza erytreae
in People's Democratic Republic of Yemen.
·
Bayoud disease
Still restricted to Algeria and Morocco,
Fusarium oxysporum
f.sp.
albedinis
(EPPO A2 list) presents a major threat to the dategrowing countries of the Eastern Mediterranean and Near East.
Workshop on Fruit Crop Improvement in Arab Countries
A workshop was organized on fruit tree sanitation, with the main emphasis on virus and virus-like diseases of citrus, grapevine and
Prunus
, and on the maintenance of healthy planting material and establishment of certification schemes. Many of the details presented have been published in UNDP/FAO Report RAB/86/018 on 'Fruit Crop Sanitation in the Mediterranean and Near East Region status and requirements' (see EPPO Reporting Service nos 504/02, 504/03, 504/04).
Tomato yellow leaf curl geminivirus
This virus, already noted as a serious problem (EPPO Reporting Service 503/07), transmitted by
Bemisia tabaci
(EPPO A2 list) is widespread in the Near East and currently causes very severe problems on irrigated tomato and pepper crops throughout the area.
Sources
Third Arab Congress of Plant Protection"
LIBEAF,'Candidatus Liberibacter africanus',"Key points at Third Arab Congress of Plant Protection, El Ain (United Arab Emirates),1988-12-05/09",1990/01,1990-04,Update of outbreak,1980s,Algeria,Africa,https://gd.eppo.int/reporting/article-5597,"EPPO Reporting Service no. 04 - 1990
Num. article:
1990/01
Key points at Third Arab Congress of Plant Protection, El Ain (United Arab Emirates),1988-12-05/09
Citrus diseases
The importance of the threat of
Xanthomonas campestris
pv.
citri
to Arab and Mediterranean countries was stressed. It already occurs in Saudi Arabia, United Arab Emirates, and Yemen Arab Republic (EPPO Reporting Service 462). Citrus greening bacterium presents an equally great threat. In addition to its recorded occurrence in Saudi Arabia and Yemen Arab Republic; it has now been recorded, with its vector
Trioza erytreae
in People's Democratic Republic of Yemen.
·
Bayoud disease
Still restricted to Algeria and Morocco,
Fusarium oxysporum
f.sp.
albedinis
(EPPO A2 list) presents a major threat to the dategrowing countries of the Eastern Mediterranean and Near East.
Workshop on Fruit Crop Improvement in Arab Countries
A workshop was organized on fruit tree sanitation, with the main emphasis on virus and virus-like diseases of citrus, grapevine and
Prunus
, and on the maintenance of healthy planting material and establishment of certification schemes. Many of the details presented have been published in UNDP/FAO Report RAB/86/018 on 'Fruit Crop Sanitation in the Mediterranean and Near East Region status and requirements' (see EPPO Reporting Service nos 504/02, 504/03, 504/04).
Tomato yellow leaf curl geminivirus
This virus, already noted as a serious problem (EPPO Reporting Service 503/07), transmitted by
Bemisia tabaci
(EPPO A2 list) is widespread in the Near East and currently causes very severe problems on irrigated tomato and pepper crops throughout the area.
Sources
Third Arab Congress of Plant Protection"
LIBEAF,'Candidatus Liberibacter africanus',"Key points at Third Arab Congress of Plant Protection, El Ain (United Arab Emirates),1988-12-05/09",1990/01,1990-04,Update of outbreak,1980s,Morocco,Africa,https://gd.eppo.int/reporting/article-5597,"EPPO Reporting Service no. 04 - 1990
Num. article:
1990/01
Key points at Third Arab Congress of Plant Protection, El Ain (United Arab Emirates),1988-12-05/09
Citrus diseases
The importance of the threat of
Xanthomonas campestris
pv.
citri
to Arab and Mediterranean countries was stressed. It already occurs in Saudi Arabia, United Arab Emirates, and Yemen Arab Republic (EPPO Reporting Service 462). Citrus greening bacterium presents an equally great threat. In addition to its recorded occurrence in Saudi Arabia and Yemen Arab Republic; it has now been recorded, with its vector
Trioza erytreae
in People's Democratic Republic of Yemen.
·
Bayoud disease
Still restricted to Algeria and Morocco,
Fusarium oxysporum
f.sp.
albedinis
(EPPO A2 list) presents a major threat to the dategrowing countries of the Eastern Mediterranean and Near East.
Workshop on Fruit Crop Improvement in Arab Countries
A workshop was organized on fruit tree sanitation, with the main emphasis on virus and virus-like diseases of citrus, grapevine and
Prunus
, and on the maintenance of healthy planting material and establishment of certification schemes. Many of the details presented have been published in UNDP/FAO Report RAB/86/018 on 'Fruit Crop Sanitation in the Mediterranean and Near East Region status and requirements' (see EPPO Reporting Service nos 504/02, 504/03, 504/04).
Tomato yellow leaf curl geminivirus
This virus, already noted as a serious problem (EPPO Reporting Service 503/07), transmitted by
Bemisia tabaci
(EPPO A2 list) is widespread in the Near East and currently causes very severe problems on irrigated tomato and pepper crops throughout the area.
Sources
Third Arab Congress of Plant Protection"
LIBEAF,'Candidatus Liberibacter africanus',Citrus greening bacterium,1990/09,1990-03,Update of outbreak,1990,Kenya,Africa,https://gd.eppo.int/reporting/article-5589,"EPPO Reporting Service no. 03 - 1990
Num. article:
1990/09
Citrus greening bacterium
Citrus greening bacterium (EPPO Al List) causes the most serious disease of citrus in Kenya. Control is based on control of the vector
Trioza erytreae
(EPPO Al List), provision of disease-free planting material and microinjection of citrus trees with pyrrolidinomethyl tetracycline (A.A. Seif, Kenya Agricultural Research Institute, Nairobi, KE). In South China, provision of disease-free planting material and vector control have produced a new generation of healthy citrus groves. However, in other areas of Asia and Africa, small contiguous citrus plantings under separate ownership face serious greening problems. A China and South-East Asia Greening Project is evaluating control strategies (B. Aubert
et al.;
abstract P. IX-2-125).
Sources
Abstracts of the 5
th
International Congress of Plant Pathology, Kyoto (JP), 1988-08-20/27"
LIBEAF,'Candidatus Liberibacter africanus',Citrus greening bacterium,1990/09,1990-03,Update of outbreak,1990,China,Asia,https://gd.eppo.int/reporting/article-5589,"EPPO Reporting Service no. 03 - 1990
Num. article:
1990/09
Citrus greening bacterium
Citrus greening bacterium (EPPO Al List) causes the most serious disease of citrus in Kenya. Control is based on control of the vector
Trioza erytreae
(EPPO Al List), provision of disease-free planting material and microinjection of citrus trees with pyrrolidinomethyl tetracycline (A.A. Seif, Kenya Agricultural Research Institute, Nairobi, KE). In South China, provision of disease-free planting material and vector control have produced a new generation of healthy citrus groves. However, in other areas of Asia and Africa, small contiguous citrus plantings under separate ownership face serious greening problems. A China and South-East Asia Greening Project is evaluating control strategies (B. Aubert
et al.;
abstract P. IX-2-125).
Sources
Abstracts of the 5
th
International Congress of Plant Pathology, Kyoto (JP), 1988-08-20/27"
LIBEAF,'Candidatus Liberibacter africanus',New records of A1 and A2 pests in Near East,1986/01,1986-07,First record,1986,Cyprus,Europe,https://gd.eppo.int/reporting/article-5763,"EPPO Reporting Service no. 07 - 1986
Num. article:
1986/01
New records of A1 and A2 pests in Near East
According to the Arab and Near East Plant Protection Newsletter, published by the Arab Society of Plant Protection and the Near East Regional Office of FAO, the following new records of Al and A2 pests have been made in the Near East:
Cyprus
:
Parabemisia myricae
*
Lebanon
:
Liriomyza trifolii
Syria
:  plum pox virus
Yemen Arab Republic
:  Citrus greening bacterium
Trioza erytreae
* now proposed by Working Party on Phytosanitary Regulations to EPPO Council for the A2 list.
Sources
Arab and Near East Plant Protection Newsletter"
LIBEAF,'Candidatus Liberibacter africanus',New records of A1 and A2 pests in Near East,1986/01,1986-07,First record,1986,Lebanon,Asia,https://gd.eppo.int/reporting/article-5763,"EPPO Reporting Service no. 07 - 1986
Num. article:
1986/01
New records of A1 and A2 pests in Near East
According to the Arab and Near East Plant Protection Newsletter, published by the Arab Society of Plant Protection and the Near East Regional Office of FAO, the following new records of Al and A2 pests have been made in the Near East:
Cyprus
:
Parabemisia myricae
*
Lebanon
:
Liriomyza trifolii
Syria
:  plum pox virus
Yemen Arab Republic
:  Citrus greening bacterium
Trioza erytreae
* now proposed by Working Party on Phytosanitary Regulations to EPPO Council for the A2 list.
Sources
Arab and Near East Plant Protection Newsletter"
LIBEAF,'Candidatus Liberibacter africanus',New records of A1 and A2 pests in Near East,1986/01,1986-07,First record,1986,Syria,Asia,https://gd.eppo.int/reporting/article-5763,"EPPO Reporting Service no. 07 - 1986
Num. article:
1986/01
New records of A1 and A2 pests in Near East
According to the Arab and Near East Plant Protection Newsletter, published by the Arab Society of Plant Protection and the Near East Regional Office of FAO, the following new records of Al and A2 pests have been made in the Near East:
Cyprus
:
Parabemisia myricae
*
Lebanon
:
Liriomyza trifolii
Syria
:  plum pox virus
Yemen Arab Republic
:  Citrus greening bacterium
Trioza erytreae
* now proposed by Working Party on Phytosanitary Regulations to EPPO Council for the A2 list.
Sources
Arab and Near East Plant Protection Newsletter"
LIBEAF,'Candidatus Liberibacter africanus',New records of A1 and A2 pests in Near East,1986/01,1986-07,First record,1986,Yemen Arab Republic,Asia,https://gd.eppo.int/reporting/article-5763,"EPPO Reporting Service no. 07 - 1986
Num. article:
1986/01
New records of A1 and A2 pests in Near East
According to the Arab and Near East Plant Protection Newsletter, published by the Arab Society of Plant Protection and the Near East Regional Office of FAO, the following new records of Al and A2 pests have been made in the Near East:
Cyprus
:
Parabemisia myricae
*
Lebanon
:
Liriomyza trifolii
Syria
:  plum pox virus
Yemen Arab Republic
:  Citrus greening bacterium
Trioza erytreae
* now proposed by Working Party on Phytosanitary Regulations to EPPO Council for the A2 list.
Sources
Arab and Near East Plant Protection Newsletter"
XYLEFA,Xylella fastidiosa,Update on the situation of Xylella fastidiosa in Peru,2025/153,2025-06,Update of outbreak,2024,Peru,South America,https://gd.eppo.int/reporting/article-8166,"EPPO Reporting Service no. 06 - 2025
Num. article:
2025/153
Update on the situation of Xylella fastidiosa in Peru
In Peru,
Xylella fastidiosa
(EPPO A2 List) was first reported in 2024 in the Junín region (EPPO
RS 2024/222
). A national decree published in May 2025 specifies that the subspecies present is
Xylella fastidiosa
subsp
. pauca.
The pest is under official control nationwide. Phytosanitary measures are applied in areas where its presence is identified, in order to ensure its control and containment.
Xylella fastidiosa
subsp
. pauca
has been detected in the regions of Amazonas, Cajamarca, Cusco, Huánuco, Junín, Lambayeque, Loreto, Pasco, Puno, San Martín, and Ucayali in coffee crops (
Coffea arabica)
, and in the regions of Junín and Loreto in citrus crops
(Citrus
x
aurantiifolia
,
Citrus
x
limonia
var
. jambhiri
,
C. reticulata
and
C.
x
aurantium
var
. sinensis
), with ten asymptomatic positive cases (9 in Junín and 1 in Loreto).
The pest status of
Xylella fastidiosa
subsp
. pauca
in Peru is officially declared as:
Present, under official control
.
Sources
SENASA (2025) Resolución Directoral Nº D000022-2025 MIDAGRI-SENASA-DSV: Declaran bajo control oficial la plaga
Xylella fastidiosa
subsp
. pauca
, a nivel nacional, y dictan otras disposiciones.
https://www.gob.pe/institucion/senasa/normas-legales/6793598-022-2025-midagri-senasa-dsv"
XYLEFA,Xylella fastidiosa,Update on the situation of Xylella fastidiosa in Peru,2025/153,2025-06,Update of outbreak,2025,Peru,South America,https://gd.eppo.int/reporting/article-8166,"EPPO Reporting Service no. 06 - 2025
Num. article:
2025/153
Update on the situation of Xylella fastidiosa in Peru
In Peru,
Xylella fastidiosa
(EPPO A2 List) was first reported in 2024 in the Junín region (EPPO
RS 2024/222
). A national decree published in May 2025 specifies that the subspecies present is
Xylella fastidiosa
subsp
. pauca.
The pest is under official control nationwide. Phytosanitary measures are applied in areas where its presence is identified, in order to ensure its control and containment.
Xylella fastidiosa
subsp
. pauca
has been detected in the regions of Amazonas, Cajamarca, Cusco, Huánuco, Junín, Lambayeque, Loreto, Pasco, Puno, San Martín, and Ucayali in coffee crops (
Coffea arabica)
, and in the regions of Junín and Loreto in citrus crops
(Citrus
x
aurantiifolia
,
Citrus
x
limonia
var
. jambhiri
,
C. reticulata
and
C.
x
aurantium
var
. sinensis
), with ten asymptomatic positive cases (9 in Junín and 1 in Loreto).
The pest status of
Xylella fastidiosa
subsp
. pauca
in Peru is officially declared as:
Present, under official control
.
Sources
SENASA (2025) Resolución Directoral Nº D000022-2025 MIDAGRI-SENASA-DSV: Declaran bajo control oficial la plaga
Xylella fastidiosa
subsp
. pauca
, a nivel nacional, y dictan otras disposiciones.
https://www.gob.pe/institucion/senasa/normas-legales/6793598-022-2025-midagri-senasa-dsv"
XYLEFA,Xylella fastidiosa,First report of Xylella fastidiosa in Iraq,2025/067,2025-03,First record,2022,Iraq,Asia,https://gd.eppo.int/reporting/article-8080,"EPPO Reporting Service no. 03 - 2025
Num. article:
2025/067
First report of Xylella fastidiosa in Iraq
During spring of 2022, leaf scorch symptoms were observed in oleander
plants (
Nerium oleander)
in Erbil city (Kurdistan Region, northern Iraq). Leaf samples were collected from symptomatic plants and the identity of the causal agent was determined as being
Xylella fastidiosa
by isolation, PCR followed by partial sequencing of the 16S rRNA gene.
The EPPO Secretariat had no previous record of
Xylella fastidiosa*
in Iraq.
The vector
Philaenus spumarius
(Hemiptera: Aphrophoridae) has been reported in the Erbil region.
* Note of the EPPO Secretariat: the authors conclude in their article that the subspecies present is
Xylella fastidiosa
subsp.
sandyi.
However the sequence analysis of 16S rRNA genes is not reliable to determine the subspecies.
Nerium oleander
is a host of other subspecies of
Xylella fastidiosa
.
Sources
Ahmed MZ, Mohamed RY (2023). Isolation and identification of
Xylella fastidiosa
that cause oleander leaf scorch.
Rafidain Journal of Science
32
(1), 102-109.
Gnezdilov VM, Schmidt C (2024) Auchenorrhyncha (Hemiptera) of Iraq: checklist and new records.
Proceedings of the Zoological Institute RAS
328
(3), 408-428."
XYLEFA,Xylella fastidiosa,First report of Xylella fastidiosa in Colombia,2025/066,2025-03,First record,2024,Colombia,South America,https://gd.eppo.int/reporting/article-8079,"EPPO Reporting Service no. 03 - 2025
Num. article:
2025/066
First report of Xylella fastidiosa in Colombia
Xylella fastidiosa
(EPPO A2 List) is first reported from Colombia. It has been detected in eight Colombian departments, leading the Colombian Agricultural Institute (ICA) to declare a phytosanitary emergency.
Official surveys have been conducted in Colombia since 2019-2022 without any detection of the bacterium. At the beginning of 2024, surveillance was intensified in 30 departments of the country and 928 plant samples from different host species were analyzed according to EPPO Diagnostic Protocol PM 7/024.
Fourteen samples collected in 2024 tested positive. They came from eight departments: Boyacá, Caldas, Caquetá, La Guajira, Magdalena, Norte de Santander, Risaralda and Valle del Cauca. Two positive samples were from coffee plants (
Coffea
arabica
) from Boyacá and La Guajira, and the other twelve were from citrus plants (
Citrus reticulata, C. x aurantium var. sinensis, Citrus x latifolia, Citrus x tangelo):
two in Caldas
,
one in Caquetá
,
one in
La Guajira
,
one in Magdalena, four in
Norte de Santander, two in Risaralda and one in Valle del Cauca.
No information on the subspecies present in Colombia is currently available.
Strict phytosanitary measures are applied and include the destruction of the infected plants, the delimitation of regulated areas, restriction of host plant movements.
The situation of
Xylella fastidiosa
in Colombia can be described as:
Present, not widely distributed, under official control
.
Sources
ICA (2025-03)
https://www.ica.gov.co/noticias/comunicado-presencia-bacteria-xylella-fastidiosa
ICA (2025-03) Xylella fastidiosa
https://www.ica.gov.co/areas/agricola/direccion-tecnica-de-epidemiologia-y-vigilancia-fi/xylella-fastidiosa"
XYLEFA,Xylella fastidiosa,"Mesoptyelus impictifrons, new vector of Xylella fastidiosa in the EPPO region",2025/012,2025-01,First record,2017,Israel,Asia,https://gd.eppo.int/reporting/article-8023,"EPPO Reporting Service no. 01 - 2025
Num. article:
2025/012
Mesoptyelus impictifrons, new vector of Xylella fastidiosa in the EPPO region
In Israel
Xylella fastidiosa
(EPPO A2 List) subsp.
fastidiosa
was first found in 2017 on almond (
Prunus dulcis
) trees in the Hula Valley (North-Eastern Israel), and in 2021 in five commercial vineyards (
Vitis vinifera
) in the Eastern Upper Galilee, adjacent to the Hula Valley. The pest is under official control (EPPO
RS 2019/121
,
RS 2022/013
).
A study was conducted to identify potential vectors of
X. fastidiosa
in Israel and to determine their ability to transmit, and rate of transmission, to almond and grapevine. During a survey conducted from February 2021 to July 2023 at 13 sites in Northern Israel, 1936 specimens were collected in total, belonging to four species: the Cercopidae
Mesoptyelus impictifrons
(73% of specimens) and
Cercopis intermedia
(21%), and the Aphrophoridae
Neophilaenus campestris
(4%) and
Philaenus arslani
(2.6 %).
M. impictifrons
was the only species for which
X. fastidiosa
-infected specimens were found (although
X. fastidiosa
-infected specimens were found in low numbers). It is noted that
Philaenus spumarius
(Aphrophoridae), one of the main vectors of
X. fastidiosa
, was not found in this survey nor in past surveys in Israel.
Acquisition and transmission of
X. fastidiosa
by
C. intermedia
and
M. impictifrons
were studied in experiments with a 4-day acquisition access period and 4-day inoculation access period. For
C. intermedia
, no acquisition or transmission occurred. For
M. impictifrons
, acquisition rates from grapevine and almond were similar, respectively 35% and 39%. Transmission rates ranged from 55 to 100% infected plants.
The authors conclude there is substantial evidence that
M. impictifrons
is an important vector of
X. fastidiosa
in Israel. This is also the first record of
M. impictifrons
as a vector of
X. fastidiosa
. Limited information is available on
M. impictifrons
in the literature. Further studies are needed on the biology, ecology and role of
M. impictifrons
as a vector of
X. fastidiosa
.
M. impictifrons
is recorded only in the Eastern Mediterranean/Middle East. A distribution map was added in EPPO Global Database: https://gd.eppo.int/taxon/MESTIM/distribution.
Sources
Tomer M, Gidron-Heinemann L, Chiel E, Sharon R (2024) A new vector of Xylella fastidiosa: the role of Mesoptyelus impictifrons as a vector in Israel. Phytopathology 114(12), 2546-2550."
XYLEFA,Xylella fastidiosa,"Mesoptyelus impictifrons, new vector of Xylella fastidiosa in the EPPO region",2025/012,2025-01,First record,2021,Israel,Asia,https://gd.eppo.int/reporting/article-8023,"EPPO Reporting Service no. 01 - 2025
Num. article:
2025/012
Mesoptyelus impictifrons, new vector of Xylella fastidiosa in the EPPO region
In Israel
Xylella fastidiosa
(EPPO A2 List) subsp.
fastidiosa
was first found in 2017 on almond (
Prunus dulcis
) trees in the Hula Valley (North-Eastern Israel), and in 2021 in five commercial vineyards (
Vitis vinifera
) in the Eastern Upper Galilee, adjacent to the Hula Valley. The pest is under official control (EPPO
RS 2019/121
,
RS 2022/013
).
A study was conducted to identify potential vectors of
X. fastidiosa
in Israel and to determine their ability to transmit, and rate of transmission, to almond and grapevine. During a survey conducted from February 2021 to July 2023 at 13 sites in Northern Israel, 1936 specimens were collected in total, belonging to four species: the Cercopidae
Mesoptyelus impictifrons
(73% of specimens) and
Cercopis intermedia
(21%), and the Aphrophoridae
Neophilaenus campestris
(4%) and
Philaenus arslani
(2.6 %).
M. impictifrons
was the only species for which
X. fastidiosa
-infected specimens were found (although
X. fastidiosa
-infected specimens were found in low numbers). It is noted that
Philaenus spumarius
(Aphrophoridae), one of the main vectors of
X. fastidiosa
, was not found in this survey nor in past surveys in Israel.
Acquisition and transmission of
X. fastidiosa
by
C. intermedia
and
M. impictifrons
were studied in experiments with a 4-day acquisition access period and 4-day inoculation access period. For
C. intermedia
, no acquisition or transmission occurred. For
M. impictifrons
, acquisition rates from grapevine and almond were similar, respectively 35% and 39%. Transmission rates ranged from 55 to 100% infected plants.
The authors conclude there is substantial evidence that
M. impictifrons
is an important vector of
X. fastidiosa
in Israel. This is also the first record of
M. impictifrons
as a vector of
X. fastidiosa
. Limited information is available on
M. impictifrons
in the literature. Further studies are needed on the biology, ecology and role of
M. impictifrons
as a vector of
X. fastidiosa
.
M. impictifrons
is recorded only in the Eastern Mediterranean/Middle East. A distribution map was added in EPPO Global Database: https://gd.eppo.int/taxon/MESTIM/distribution.
Sources
Tomer M, Gidron-Heinemann L, Chiel E, Sharon R (2024) A new vector of Xylella fastidiosa: the role of Mesoptyelus impictifrons as a vector in Israel. Phytopathology 114(12), 2546-2550."
XYLEFA,Xylella fastidiosa,New factsheet on Xylella fastidiosa published on the IPPC website,2017/073,2017-04,Others,,,,https://gd.eppo.int/reporting/article-6041,"EPPO Reporting Service no. 04 - 2017
Num. article:
2017/073
New factsheet on Xylella fastidiosa published on the IPPC website
In 2017-04-21, the IPPC Secretariat published a new factsheet on
Xylella fastidiosa
: ‘Facing the threat of
Xylella fastidiosa
together’. It can be freely downloaded from the Internet:
https://www.ippc.int/static/media/uploads/IPPC_factsheet_Xylella_final.pdf
Sources
EPPO Secretariat (2017-04)."
XYLEFA,Xylella fastidiosa,First report of Xylella fastidiosa in Spain,2016/213,2016-11,First record,2016,Spain,Europe,https://gd.eppo.int/reporting/article-5958,"EPPO Reporting Service no. 11 - 2016
Num. article:
2016/213
First report of Xylella fastidiosa in Spain
In November 2016, the presence of
Xylella fastidiosa
(EPPO A1 List) was confirmed in Islas Baleares (ES). This is the first report of the bacterium in Spain. During official inspections, the bacterium was detected in 3 samples collected from sweet cherry (
Prunus avium
) in a garden centre in Porto Cristo (municipality of Manacor) on the island of Mallorca. Laboratory studies revealed the occurrence of
X. fastidiosa
subsp
. fastidiosa
in these 3 positive samples. In accordance with the EU Implementing Decisions 2015/789 and 2016/764, phytosanitary measures have been taken to eradicate the disease. A focus zone of 100 m radius and a buffer zone of 10 km have been delimited, and phytosanitary measures will be applied to avoid any further spread. In the garden centre, all infected plants and other potential host plants (in total 97 plants belonging to 7 different species) have been burned. It is noted that the delimited zones mainly cover touristic areas and private gardens where the following potential hosts could be found:
Olea europaea, Nerium oleander, Polygala myrtifolia, Rosmarinus officinalis
and
Westringia fruticosa
. In the agricultural part of the delimited zones, the following potential host plants could be found: almond (
Prunus dulcis
), a few vineyards (
Vitis
vinifera
), carob (
Ceratonia
siliqua
) and olive (
Olea
europaea
). Tracing-back studies have showed that the infected cherry plants came from a nursery in Tarragona (Cataluña), but surveys conducted in this nursery did not detect the bacterium.
The pest status of
Xylella fastidiosa
in Spain is officially declared as follows:
Transient, actionable, under eradication.
Sources
NPPO of Spain (2016-11).
Govern Illes Balears (2016-11-10) Localizados tres cerezos afectados por
Xylella fastidiosa
a un centro de jardinería de Mallorca.
http://www.caib.es/govern/pidip/dadesComunicat.do?lang=es&codi=8932920
Primera detecció de
Xylella fastidiosa
a les Illes Balears.
http://www.caib.es/sites/M94/f/217798"
XYLEFA,Xylella fastidiosa,New insect vectors of grapevine Pierce’s disease (Xylella fastidiosa) in North Carolina (US),2008/227,2008-11,Update of outbreak,2008,United States,North America,https://gd.eppo.int/reporting/article-850,"EPPO Reporting Service no. 11 - 2008
Num. article:
2008/227
New insect vectors of grapevine Pierce’s disease (Xylella fastidiosa) in North Carolina (US)
Grapevine Pierce’s disease caused by
Xylella fastidiosa
(EPPO A1 List) occurs in North Carolina (US) but field data about its primary insect vectors was still lacking. In 2004 and 2005, yellow sticky traps were placed in vineyards of the eastern Piedmont and Coastal Plain regions of North Carolina. Among potential insect vectors, the most abundant species caught were:
Oncometopia orbona, Graphocephala versuta, Paraphlepsius irroratus,
and
Agalliota constricta
(all Homoptera: Cicadellidae). Adults were tested for the presence of
X. fastidiosa
by nested-PCR. Results showed that 27 % of
O. orbona
, 28% of
G. versuta
and 33% of
P. irroratus
tested positive for the bacterium. Transmission experiments then showed that both
O. orbona
and
G. versuta
were able to transmit
X. fastidiosa
to grapevine. Although further studies are needed on the biology of these two insect vectors, it seems that
O. orbona
is likely to be the primary vector of
X. fastidiosa
because it enters vineyards early in the spring and feeds on shoots, thus allowing
X. fastidiosa
more time to colonize grapevine.
Sources
Myers A, Sutton TB, Abad JA, Kennedy GG (2007) Pierce’s disease of grapevines: identification of the primary vectors in North Carolina.
Phytopathology
97
(11), 1440-1450."
XYLEFA,Xylella fastidiosa,Bacterial leaf scorch of blueberry: a new disease caused by Xylella fastidiosa,2008/074,2008-04,First record,2007,United States,North America,https://gd.eppo.int/reporting/article-640,"EPPO Reporting Service no. 04 - 2008
Num. article:
2008/074
Bacterial leaf scorch of blueberry: a new disease caused by Xylella fastidiosa
During the last 5 years, a new disease initially described as ‘yellow twig’ and then as ‘bacterial leaf scorch’ has been observed on blueberries (
Vaccinium
spp.) in the south of Georgia, USA. Initial symptoms are leaf marginal chlorosis which then enlarges to the whole leaf. Early leaf fall occurs, and thin, yellow twigs become apparent on some cultivars. Studies carried out in 2006-2007 (ELISA, inoculation tests to verify Koch’s postulates) confirmed that the causal agent of ‘bacterial leaf scorch’ of
Vaccinium
is
Xylella fastidiosa
(EPPO A1 List). Initial field surveys conducted in summer 2007 showed that bacterial leaf scorch has the potential to become a major threat to blueberry production in Georgia, especially on highbush blueberry cultivars (hybrids of
V. corymbosum, V. ashei, V. darrowi
). So far, little is known about the blueberry strain of
X. fastidiosa
. In the field, the disease only causes problems in southern highbush blueberry cultivars and it is not known whether it could affect other types of
Vaccinium
(in particular,
V. ashei
). It is assumed that
X. fastidiosa
is transmitted through propagation of infected plants but this has not been demonstrated in
Vaccinium
. The role of insect vectors also needs to be studied further. It is supposed that
Homalodisca vitripennis
which is abundant in the south of Georgia and known to be a vector of peach phony and grapevine Pierce’s disease, plays an important role in disease spread. Further research will be carried out to better understand the epidemiology of
X. fastidiosa
in
Vaccinium
crops and to develop control strategies.
Sources
Chang C, Brannen P, Krewer G, Boland R, Donaldson R (2007) Bacterial leaf scorch of blueberry: a new disease caused by
Xylella fastidiosa
.
Phytopathology
97
(7 suppl.), S20.
Internet (last retrieved in 2008-03)
University of Georgia (US). Cooperative Extension. Bacterial Leaf Scorch of Blueberry by Phillip M Brannen, Gerard Krewer, Bob Boland, Dan Horton, CJ Chang.
http://pubs.caes.uga.edu/caespubs/pubcd/C922/C922.htm"
XYLEFA,Xylella fastidiosa,First report of Xylella fastidiosa in avocado (Persea americana),2008/073,2008-04,First record,2008,Costa Rica,North America,https://gd.eppo.int/reporting/article-639,"EPPO Reporting Service no. 04 - 2008
Num. article:
2008/073
First report of Xylella fastidiosa in avocado (Persea americana)
Since the late 1990s, chlorotic mottling, marginal scorch, deformation of leaves, defoliation, shortening of internodes, and branch dieback have been observed in avocado trees (
Persea americana
) in Costa Rica. The symptoms were not uniformly distributed in the trees (only some branches were symptomatic) and resembled those of leaf scorch diseases caused by
Xylella fastidiosa
(EPPO A1 List). In Costa Rica,
X. fastidiosa
occurs on coffee and citrus trees. From 2000 to 2004, 227 avocado trees were tested for the presence of
X. fastidiosa
(DAS-ELISA) and 188 were found positive. Transmission studies and molecular tests (electron microscopy, PCR) confirmed the presence of the bacterium in diseased trees. This is the first report of
X. fastidiosa
in avocado trees.
Sources
Montero-Astúa, Saborío G, Chacón-Díaz C, Garita L, Villalobos W, Moreira L, Hartung JS, Rivera C (2008) First report of
Xylella fastidiosa
in avocado in Costa Rica.
Plant Disease
92
(1), p 175."
XYLEFA,Xylella fastidiosa,Description of new subspecies of Xylella fastidiosa,2007/116,2007-06,Others,,,,https://gd.eppo.int/reporting/article-1105,"EPPO Reporting Service no. 06 - 2007
Num. article:
2007/116
Description of new subspecies of Xylella fastidiosa
Xylella fastidiosa
(EPPO A1 List) induces distinct diseases on its numerous host plants (e.g. Pierce disease on grapevine, variegated chlorosis on citrus, leaf scorch on various tree species). Several molecular studies on the different strains of
X. fastidiosa
suggested that they could be grouped into subspecies. So far, the following 4 subspecies have been proposed:
Subspecies
Strains
X. fastidiosa
subsp
. fastidiosa
Vitis vinifera
(grapevine)
Medicago
sativa
(alfalfa)
Acer
(maple)
Prunus
dulcis
(almond)
Several weeds
X. fastidiosa
subsp
. multiplex
Prunus
persica
(peach)
Ulmus
(elm)
Prunus
domestica
(plum)
Vitis
aestivalis
Prunus
dulcis
(almond)
Platanus
occidentalis
(sycamore)
Other shade trees
X. fastidiosa
subsp
. pauca
Citrus
sinensis
Most probably also strains from
Coffea arabica
(coffee)
X. fastidiosa
subsp
. sandyi
Nerium
oleander
(oleander)
Sources
Hernandez-Martinez R, Costa HS, Dumenyo CK, Cooksey DA (2006) Differentiation of strains of
Xylella fastidiosa
infecting grape, almonds, and oleander using a multiprimer PCR assay.
Plant Disease
90
(11), 1382-1388.
Schaad NW, Postnikova E, Lacy G, Barek-Fatmi M, Chang CJ (2004)
Xylella fastidiosa
subspecies:
X. fastidiosa
subsp.
piercei
[corrected subsp.
fastidiosa
] subsp. nov.,
X. fastidiosa
subsp.
multiplex
subsp. nov., and
X. fastidiosa
subsp.
pauca
subsp. nov.
Systematic and Applied Microbiology
27
(3), 290-300.
Schuenzel EL, Scally M, Stouthamer R, Nunney L (2005) A multigene phylogenetic study of clonal diversity and divergence in North American strains of the plant pathogen
Xylella fastidiosa
.
Applied and Environmental Microbiology
71
(7), 3832-3839."
XYLEFA,Xylella fastidiosa,New data on quarantine pests and pests of the EPPO Alert List,2005/017,2005-02,First record,2004,Bosnia and Herzegovina,Europe,https://gd.eppo.int/reporting/article-1349,"EPPO Reporting Service no. 02 - 2005
Num. article:
2005/017
New data on quarantine pests and pests of the EPPO Alert List
By browsing through the CABI Abstracts, the EPPO Secretariat has extracted the following new data concerning quarantine pests and pests included on the EPPO Alert List. The situation of the pest concerned is indicated in bold, using the terms of ISPM no. 8.
New records
Peach latent mosaic pelamoviroid
(formerly on the EPPO A lists) is reported for the first time from Bosnia and Herzegovina (Matic
et al.,
2004).
Present, first found in 2004.
During a survey done in 17 orchards in the northern and Sahel regions of Tunisia,
Peach latent mosaic pelamoviroid
(formerly on the EPPO A lists) was detected for the first time (Fekih Hassen
et al.,
2004).
Present, first found in 2004.
In Ukraine, typical symptoms of grapevine yellows were observed in vineyards in the Ovidiopolskij region (near Odessa) which had been planted in 2000 with cv. Chardonnay. Molecular studies revealed the presence of a stolbur phytoplasma (associated with bois noir disease). It is noted that the vector,
Hyalesthes obsoletus
, is reported to be present in the south of Ukraine. This is the first documented report of stolbur phytoplasma infecting grapevines in Ukraine which confirms earlier observations (Milkus
et al
., 2004).
Present, confirmed in 2004 near Odessa.
Detailed records
Cucumber vein yellowing ipomovirus
(EPPO A2 list) occurs in courgette, cucumber, melon and watermelon grown in protected conditions in Andalucía, Spain (Anonymous, 2003a).
In Italy,
Ceroplastes ceriferus
(Homoptera: Coccidae – EPPO Alert List) occurs in Emilia-Romagna, in a limited area near Lugo (Bariselli, 2004).
Heterodera glycines
(EPPO A1 list) is reported for the first time from North Dakota in USA (Bradley
et al
., 2004).
Iris yellow spot tospovirus
(IYSV - EPPO Alert List) is reported from Oregon (US). During 2004, a few onion seed crops in Jefferson county in central Oregon showed severe symptoms. The presence of the virus was confirmed in these affected crops (Crowe & Pappu, 2005). IYSV has also been detected in onion crops in Georgia (Mullis
et al.
, 2004) and New Mexico (Creamer
et al.
, 2004).
Puccinia horiana
(EPPO A2 list) occurs in Poland. It is reported that over the last 20 years of observation, the fungus has appeared on chrysanthemum every year with variable incidence, depending on cultivars and environmental conditions (Wojdyla, 2004).
Citrus canker (
Xanthomonas axonopodis
pv.
citri
– EPPO A1 list) was recently found in a new county (St Lucie) of Florida (US). Eradication measures have been taken (Promed posting, 2005).
Oleander leaf scorch caused by
Xylella fastidiosa
(EPPO A1 list) is reported for the first time from Texas, USA. So far, it had only been reported from California and Florida (Huang
et al
., 2004).
Absence
The 2003 Annual Report of the phytosanitary service of Valle d’Aosta region (IT) provides useful information on the current situation of pests and diseases. For regulated pests, the situation has not fundamentally changed since 2002 (see EPPO
RS 2003/165
), but surveys confirmed the absence in 2003 of:
Erwinia amylovora
, Grapevine flavescence dorée,
Ralstonia solanacearum
(all on the EPPO A2 list) in Valle d’Aosta region (Anonymous, 2003b).
New host plants
Arceuthobium gillii
(EU Annexes, as non-European
Arceuthobium
spp.) is known to occur in Mexico (Sierra Madre occidental from Central Durango and Northern Sinaloa into Chihuahua and Sonora). In Mexico, it commonly parasitizes
Pinus leiophylla
var.
leiophylla
and var.
chihuahuana
,
P. lumholtzii
and
P. herrerai
. It is rarely found on
P. arizonica
and
P. cooperi
. In USA,
A. gillii
occurs in Southern Arizona (mountains of Chiricahua, Huachuca, Santa Rita, Rincon, Santa Catalina) and in Southern New Mexico (mountains of Animas). In Arizona, a small population of
A. gillii
parasitizing
Pinus
engelmannii
was observed for the first time. 4 infested trees were found in the vicinity of heavily infested
P. leiophylla
var.
chihuahuana
(Daugherty & Mathiasen, 2005).
Arceuthobium vaginatum
subsp
. cryptopodum
(EPPO A1 list) severely parasitizes several species of
Pinus
in Southern USA and Northern Mexico, but so far it had not been found on
Picea
species. In June 2004,
A. vaginatum
subsp
. cryptopodum
was observed for the first time on a
Picea pungens
tree in Colorado. This tree, planted for ornamental purposes, was located near heavily infested
Pinus ponderosa
trees (Mathiasen
et al.
, 2005).
Strawberry latent ringspot virus
(EU Annexes) is reported for the first time on
Mentha
. Several mint clones grown in a USDA germplasm collection showed yellow veinbanding symptoms (Postman
et al
., 2004)
Sources
Anonymous (2003a) Incidencia de plagas y enfermedades en la Comunidades Autónomas en 2002 - Andalucía.
Phytoma España, 28-34.
Anonymous (2003b) Rapport d’activité 2003. Service phytosanitaire de l’arboriculture fruitière et des cultures. Région autonome de la Vallée d’Aoste, 120 pp.
Bariselli M (2004) Un nuovo pericoloso parassita delle piante ornamentali: la coccinigli
Ceroplastes ceriferus
. Agricoltura no. 1 (supplement), January 2004, 4 pp. Servizio fitosanitario, Regione Emilia-Romagna, Bologna, IT.
Bradley CA, Biller CR, Nelson BD (2005) First report of soybean cyst nematode (
Heterodera glycines
) on soybean in North Dakota.
Plant Disease, 88(11), p 1287.
Creamer R, Sanogo S, Moya A, Romero J, Molina-Bravo R, Cramer C (2004)
Iris yellow spot virus
on onion in New Mexico.
Plant Disease, 88(9), p 1049.
Crowe FJ, Pappu HR (2005) Outbreak of
Iris yellow spot virus
in onion seed crops in Central Oregon.
Plant Disease, 89(1), p 105.
Daugherty C, Mathiasen R (2005) First report of Chihuahua pine dwarf mistletoe (
Arceuthobium gillii
) on Apache pine (
Pinus engelmannii
).
Plant Disease, 89(1) p 106.
Fekih Hassen I, Kummert J, Marbot S (2004) First report of
Pear blister canker viroid, Peach latent mosaic viroid
and
Hop stunt viroid
infecting fruit trees in Tunisia.
Plant Disease, 88(10), p 1164.
Huang Q, Brlansky RH, Barnes L, Li W, Hartung JS (2004) First report of oleander leaf scorch caused by
Xylella fastidiosa
in Texas,
Plant Disease, 88(9), p 1049.
Mathiasen R, Haefeli M, Marcus N (2005) Southern dwarf mistletoe,
Arceuthobium vaginatum
subsp
. cryptopodum
found parasitizing
Picea pungens
in Colorado.
Plant Disease, 89(1) p 106.
Matic S, Al-Rwahnih M, Myrta A (2004) First record of
Peach latent mosaic viroid
and
Hop stunt viroid
in Bosnia and Herzegovina.
Journal of Plant Pathology, 86(3), 263-264.
Milkus B, Clair D, Idir S, Habili N, Boudon-Padieu E (2004) First detection of stolbur phytoplasma in grapevines (
Vitis vinifera
cv. Chardonnay) affected with grapevine yellows in the Ukraine. New Disease Reports no. 10.
http://www.bspp.org.uk/ndr/jan2005/2004-60.asp
Mullis SW, Langston Jr DB, Gitaitis RD, Sherwood JL, Csinos AC, Riley DG, Sparks AN, Torrance RL, Cook MJ (2004) First report of Vidalia onion (
Allium cepa
) naturally infected with
Tomato spotted wilt virus
and
Iris yellow spot virus
(Family
Bunyaviridae
, Genus
Tospovirus
) in Georgia.
Plant Disease, 88(11), p 1285.
Postman JD, Tzanetakis IE, Martin RR (2004) First report of
Strawberry latent ringspot virus
in a
Mentha
sp. from North America.
Plant Disease, 88(8), p 907.
Promed posting of 2005-05-10. Citrus canker – USA (Florida). Canker outbreak reported in St Lucie County.
http://www.promedmail.org
Wojdyla AT (2004) Development of
Puccinia horiana
on chrysanthemum leaves in relation to chemical compounds and time of their application.
Journal of Plant Protection Research, 44(2), 91-102."
XYLEFA,Xylella fastidiosa,New data on quarantine pests and pests of the EPPO Alert List,2005/017,2005-02,First record,2004,Tunisia,Africa,https://gd.eppo.int/reporting/article-1349,"EPPO Reporting Service no. 02 - 2005
Num. article:
2005/017
New data on quarantine pests and pests of the EPPO Alert List
By browsing through the CABI Abstracts, the EPPO Secretariat has extracted the following new data concerning quarantine pests and pests included on the EPPO Alert List. The situation of the pest concerned is indicated in bold, using the terms of ISPM no. 8.
New records
Peach latent mosaic pelamoviroid
(formerly on the EPPO A lists) is reported for the first time from Bosnia and Herzegovina (Matic
et al.,
2004).
Present, first found in 2004.
During a survey done in 17 orchards in the northern and Sahel regions of Tunisia,
Peach latent mosaic pelamoviroid
(formerly on the EPPO A lists) was detected for the first time (Fekih Hassen
et al.,
2004).
Present, first found in 2004.
In Ukraine, typical symptoms of grapevine yellows were observed in vineyards in the Ovidiopolskij region (near Odessa) which had been planted in 2000 with cv. Chardonnay. Molecular studies revealed the presence of a stolbur phytoplasma (associated with bois noir disease). It is noted that the vector,
Hyalesthes obsoletus
, is reported to be present in the south of Ukraine. This is the first documented report of stolbur phytoplasma infecting grapevines in Ukraine which confirms earlier observations (Milkus
et al
., 2004).
Present, confirmed in 2004 near Odessa.
Detailed records
Cucumber vein yellowing ipomovirus
(EPPO A2 list) occurs in courgette, cucumber, melon and watermelon grown in protected conditions in Andalucía, Spain (Anonymous, 2003a).
In Italy,
Ceroplastes ceriferus
(Homoptera: Coccidae – EPPO Alert List) occurs in Emilia-Romagna, in a limited area near Lugo (Bariselli, 2004).
Heterodera glycines
(EPPO A1 list) is reported for the first time from North Dakota in USA (Bradley
et al
., 2004).
Iris yellow spot tospovirus
(IYSV - EPPO Alert List) is reported from Oregon (US). During 2004, a few onion seed crops in Jefferson county in central Oregon showed severe symptoms. The presence of the virus was confirmed in these affected crops (Crowe & Pappu, 2005). IYSV has also been detected in onion crops in Georgia (Mullis
et al.
, 2004) and New Mexico (Creamer
et al.
, 2004).
Puccinia horiana
(EPPO A2 list) occurs in Poland. It is reported that over the last 20 years of observation, the fungus has appeared on chrysanthemum every year with variable incidence, depending on cultivars and environmental conditions (Wojdyla, 2004).
Citrus canker (
Xanthomonas axonopodis
pv.
citri
– EPPO A1 list) was recently found in a new county (St Lucie) of Florida (US). Eradication measures have been taken (Promed posting, 2005).
Oleander leaf scorch caused by
Xylella fastidiosa
(EPPO A1 list) is reported for the first time from Texas, USA. So far, it had only been reported from California and Florida (Huang
et al
., 2004).
Absence
The 2003 Annual Report of the phytosanitary service of Valle d’Aosta region (IT) provides useful information on the current situation of pests and diseases. For regulated pests, the situation has not fundamentally changed since 2002 (see EPPO
RS 2003/165
), but surveys confirmed the absence in 2003 of:
Erwinia amylovora
, Grapevine flavescence dorée,
Ralstonia solanacearum
(all on the EPPO A2 list) in Valle d’Aosta region (Anonymous, 2003b).
New host plants
Arceuthobium gillii
(EU Annexes, as non-European
Arceuthobium
spp.) is known to occur in Mexico (Sierra Madre occidental from Central Durango and Northern Sinaloa into Chihuahua and Sonora). In Mexico, it commonly parasitizes
Pinus leiophylla
var.
leiophylla
and var.
chihuahuana
,
P. lumholtzii
and
P. herrerai
. It is rarely found on
P. arizonica
and
P. cooperi
. In USA,
A. gillii
occurs in Southern Arizona (mountains of Chiricahua, Huachuca, Santa Rita, Rincon, Santa Catalina) and in Southern New Mexico (mountains of Animas). In Arizona, a small population of
A. gillii
parasitizing
Pinus
engelmannii
was observed for the first time. 4 infested trees were found in the vicinity of heavily infested
P. leiophylla
var.
chihuahuana
(Daugherty & Mathiasen, 2005).
Arceuthobium vaginatum
subsp
. cryptopodum
(EPPO A1 list) severely parasitizes several species of
Pinus
in Southern USA and Northern Mexico, but so far it had not been found on
Picea
species. In June 2004,
A. vaginatum
subsp
. cryptopodum
was observed for the first time on a
Picea pungens
tree in Colorado. This tree, planted for ornamental purposes, was located near heavily infested
Pinus ponderosa
trees (Mathiasen
et al.
, 2005).
Strawberry latent ringspot virus
(EU Annexes) is reported for the first time on
Mentha
. Several mint clones grown in a USDA germplasm collection showed yellow veinbanding symptoms (Postman
et al
., 2004)
Sources
Anonymous (2003a) Incidencia de plagas y enfermedades en la Comunidades Autónomas en 2002 - Andalucía.
Phytoma España, 28-34.
Anonymous (2003b) Rapport d’activité 2003. Service phytosanitaire de l’arboriculture fruitière et des cultures. Région autonome de la Vallée d’Aoste, 120 pp.
Bariselli M (2004) Un nuovo pericoloso parassita delle piante ornamentali: la coccinigli
Ceroplastes ceriferus
. Agricoltura no. 1 (supplement), January 2004, 4 pp. Servizio fitosanitario, Regione Emilia-Romagna, Bologna, IT.
Bradley CA, Biller CR, Nelson BD (2005) First report of soybean cyst nematode (
Heterodera glycines
) on soybean in North Dakota.
Plant Disease, 88(11), p 1287.
Creamer R, Sanogo S, Moya A, Romero J, Molina-Bravo R, Cramer C (2004)
Iris yellow spot virus
on onion in New Mexico.
Plant Disease, 88(9), p 1049.
Crowe FJ, Pappu HR (2005) Outbreak of
Iris yellow spot virus
in onion seed crops in Central Oregon.
Plant Disease, 89(1), p 105.
Daugherty C, Mathiasen R (2005) First report of Chihuahua pine dwarf mistletoe (
Arceuthobium gillii
) on Apache pine (
Pinus engelmannii
).
Plant Disease, 89(1) p 106.
Fekih Hassen I, Kummert J, Marbot S (2004) First report of
Pear blister canker viroid, Peach latent mosaic viroid
and
Hop stunt viroid
infecting fruit trees in Tunisia.
Plant Disease, 88(10), p 1164.
Huang Q, Brlansky RH, Barnes L, Li W, Hartung JS (2004) First report of oleander leaf scorch caused by
Xylella fastidiosa
in Texas,
Plant Disease, 88(9), p 1049.
Mathiasen R, Haefeli M, Marcus N (2005) Southern dwarf mistletoe,
Arceuthobium vaginatum
subsp
. cryptopodum
found parasitizing
Picea pungens
in Colorado.
Plant Disease, 89(1) p 106.
Matic S, Al-Rwahnih M, Myrta A (2004) First record of
Peach latent mosaic viroid
and
Hop stunt viroid
in Bosnia and Herzegovina.
Journal of Plant Pathology, 86(3), 263-264.
Milkus B, Clair D, Idir S, Habili N, Boudon-Padieu E (2004) First detection of stolbur phytoplasma in grapevines (
Vitis vinifera
cv. Chardonnay) affected with grapevine yellows in the Ukraine. New Disease Reports no. 10.
http://www.bspp.org.uk/ndr/jan2005/2004-60.asp
Mullis SW, Langston Jr DB, Gitaitis RD, Sherwood JL, Csinos AC, Riley DG, Sparks AN, Torrance RL, Cook MJ (2004) First report of Vidalia onion (
Allium cepa
) naturally infected with
Tomato spotted wilt virus
and
Iris yellow spot virus
(Family
Bunyaviridae
, Genus
Tospovirus
) in Georgia.
Plant Disease, 88(11), p 1285.
Postman JD, Tzanetakis IE, Martin RR (2004) First report of
Strawberry latent ringspot virus
in a
Mentha
sp. from North America.
Plant Disease, 88(8), p 907.
Promed posting of 2005-05-10. Citrus canker – USA (Florida). Canker outbreak reported in St Lucie County.
http://www.promedmail.org
Wojdyla AT (2004) Development of
Puccinia horiana
on chrysanthemum leaves in relation to chemical compounds and time of their application.
Journal of Plant Protection Research, 44(2), 91-102."
XYLEFA,Xylella fastidiosa,New data on quarantine pests and pests of the EPPO Alert List,2005/017,2005-02,First record,2004,Ukraine,Europe,https://gd.eppo.int/reporting/article-1349,"EPPO Reporting Service no. 02 - 2005
Num. article:
2005/017
New data on quarantine pests and pests of the EPPO Alert List
By browsing through the CABI Abstracts, the EPPO Secretariat has extracted the following new data concerning quarantine pests and pests included on the EPPO Alert List. The situation of the pest concerned is indicated in bold, using the terms of ISPM no. 8.
New records
Peach latent mosaic pelamoviroid
(formerly on the EPPO A lists) is reported for the first time from Bosnia and Herzegovina (Matic
et al.,
2004).
Present, first found in 2004.
During a survey done in 17 orchards in the northern and Sahel regions of Tunisia,
Peach latent mosaic pelamoviroid
(formerly on the EPPO A lists) was detected for the first time (Fekih Hassen
et al.,
2004).
Present, first found in 2004.
In Ukraine, typical symptoms of grapevine yellows were observed in vineyards in the Ovidiopolskij region (near Odessa) which had been planted in 2000 with cv. Chardonnay. Molecular studies revealed the presence of a stolbur phytoplasma (associated with bois noir disease). It is noted that the vector,
Hyalesthes obsoletus
, is reported to be present in the south of Ukraine. This is the first documented report of stolbur phytoplasma infecting grapevines in Ukraine which confirms earlier observations (Milkus
et al
., 2004).
Present, confirmed in 2004 near Odessa.
Detailed records
Cucumber vein yellowing ipomovirus
(EPPO A2 list) occurs in courgette, cucumber, melon and watermelon grown in protected conditions in Andalucía, Spain (Anonymous, 2003a).
In Italy,
Ceroplastes ceriferus
(Homoptera: Coccidae – EPPO Alert List) occurs in Emilia-Romagna, in a limited area near Lugo (Bariselli, 2004).
Heterodera glycines
(EPPO A1 list) is reported for the first time from North Dakota in USA (Bradley
et al
., 2004).
Iris yellow spot tospovirus
(IYSV - EPPO Alert List) is reported from Oregon (US). During 2004, a few onion seed crops in Jefferson county in central Oregon showed severe symptoms. The presence of the virus was confirmed in these affected crops (Crowe & Pappu, 2005). IYSV has also been detected in onion crops in Georgia (Mullis
et al.
, 2004) and New Mexico (Creamer
et al.
, 2004).
Puccinia horiana
(EPPO A2 list) occurs in Poland. It is reported that over the last 20 years of observation, the fungus has appeared on chrysanthemum every year with variable incidence, depending on cultivars and environmental conditions (Wojdyla, 2004).
Citrus canker (
Xanthomonas axonopodis
pv.
citri
– EPPO A1 list) was recently found in a new county (St Lucie) of Florida (US). Eradication measures have been taken (Promed posting, 2005).
Oleander leaf scorch caused by
Xylella fastidiosa
(EPPO A1 list) is reported for the first time from Texas, USA. So far, it had only been reported from California and Florida (Huang
et al
., 2004).
Absence
The 2003 Annual Report of the phytosanitary service of Valle d’Aosta region (IT) provides useful information on the current situation of pests and diseases. For regulated pests, the situation has not fundamentally changed since 2002 (see EPPO
RS 2003/165
), but surveys confirmed the absence in 2003 of:
Erwinia amylovora
, Grapevine flavescence dorée,
Ralstonia solanacearum
(all on the EPPO A2 list) in Valle d’Aosta region (Anonymous, 2003b).
New host plants
Arceuthobium gillii
(EU Annexes, as non-European
Arceuthobium
spp.) is known to occur in Mexico (Sierra Madre occidental from Central Durango and Northern Sinaloa into Chihuahua and Sonora). In Mexico, it commonly parasitizes
Pinus leiophylla
var.
leiophylla
and var.
chihuahuana
,
P. lumholtzii
and
P. herrerai
. It is rarely found on
P. arizonica
and
P. cooperi
. In USA,
A. gillii
occurs in Southern Arizona (mountains of Chiricahua, Huachuca, Santa Rita, Rincon, Santa Catalina) and in Southern New Mexico (mountains of Animas). In Arizona, a small population of
A. gillii
parasitizing
Pinus
engelmannii
was observed for the first time. 4 infested trees were found in the vicinity of heavily infested
P. leiophylla
var.
chihuahuana
(Daugherty & Mathiasen, 2005).
Arceuthobium vaginatum
subsp
. cryptopodum
(EPPO A1 list) severely parasitizes several species of
Pinus
in Southern USA and Northern Mexico, but so far it had not been found on
Picea
species. In June 2004,
A. vaginatum
subsp
. cryptopodum
was observed for the first time on a
Picea pungens
tree in Colorado. This tree, planted for ornamental purposes, was located near heavily infested
Pinus ponderosa
trees (Mathiasen
et al.
, 2005).
Strawberry latent ringspot virus
(EU Annexes) is reported for the first time on
Mentha
. Several mint clones grown in a USDA germplasm collection showed yellow veinbanding symptoms (Postman
et al
., 2004)
Sources
Anonymous (2003a) Incidencia de plagas y enfermedades en la Comunidades Autónomas en 2002 - Andalucía.
Phytoma España, 28-34.
Anonymous (2003b) Rapport d’activité 2003. Service phytosanitaire de l’arboriculture fruitière et des cultures. Région autonome de la Vallée d’Aoste, 120 pp.
Bariselli M (2004) Un nuovo pericoloso parassita delle piante ornamentali: la coccinigli
Ceroplastes ceriferus
. Agricoltura no. 1 (supplement), January 2004, 4 pp. Servizio fitosanitario, Regione Emilia-Romagna, Bologna, IT.
Bradley CA, Biller CR, Nelson BD (2005) First report of soybean cyst nematode (
Heterodera glycines
) on soybean in North Dakota.
Plant Disease, 88(11), p 1287.
Creamer R, Sanogo S, Moya A, Romero J, Molina-Bravo R, Cramer C (2004)
Iris yellow spot virus
on onion in New Mexico.
Plant Disease, 88(9), p 1049.
Crowe FJ, Pappu HR (2005) Outbreak of
Iris yellow spot virus
in onion seed crops in Central Oregon.
Plant Disease, 89(1), p 105.
Daugherty C, Mathiasen R (2005) First report of Chihuahua pine dwarf mistletoe (
Arceuthobium gillii
) on Apache pine (
Pinus engelmannii
).
Plant Disease, 89(1) p 106.
Fekih Hassen I, Kummert J, Marbot S (2004) First report of
Pear blister canker viroid, Peach latent mosaic viroid
and
Hop stunt viroid
infecting fruit trees in Tunisia.
Plant Disease, 88(10), p 1164.
Huang Q, Brlansky RH, Barnes L, Li W, Hartung JS (2004) First report of oleander leaf scorch caused by
Xylella fastidiosa
in Texas,
Plant Disease, 88(9), p 1049.
Mathiasen R, Haefeli M, Marcus N (2005) Southern dwarf mistletoe,
Arceuthobium vaginatum
subsp
. cryptopodum
found parasitizing
Picea pungens
in Colorado.
Plant Disease, 89(1) p 106.
Matic S, Al-Rwahnih M, Myrta A (2004) First record of
Peach latent mosaic viroid
and
Hop stunt viroid
in Bosnia and Herzegovina.
Journal of Plant Pathology, 86(3), 263-264.
Milkus B, Clair D, Idir S, Habili N, Boudon-Padieu E (2004) First detection of stolbur phytoplasma in grapevines (
Vitis vinifera
cv. Chardonnay) affected with grapevine yellows in the Ukraine. New Disease Reports no. 10.
http://www.bspp.org.uk/ndr/jan2005/2004-60.asp
Mullis SW, Langston Jr DB, Gitaitis RD, Sherwood JL, Csinos AC, Riley DG, Sparks AN, Torrance RL, Cook MJ (2004) First report of Vidalia onion (
Allium cepa
) naturally infected with
Tomato spotted wilt virus
and
Iris yellow spot virus
(Family
Bunyaviridae
, Genus
Tospovirus
) in Georgia.
Plant Disease, 88(11), p 1285.
Postman JD, Tzanetakis IE, Martin RR (2004) First report of
Strawberry latent ringspot virus
in a
Mentha
sp. from North America.
Plant Disease, 88(8), p 907.
Promed posting of 2005-05-10. Citrus canker – USA (Florida). Canker outbreak reported in St Lucie County.
http://www.promedmail.org
Wojdyla AT (2004) Development of
Puccinia horiana
on chrysanthemum leaves in relation to chemical compounds and time of their application.
Journal of Plant Protection Research, 44(2), 91-102."
XYLEFA,Xylella fastidiosa,New data on quarantine pests and pests of the EPPO Alert List,2005/017,2005-02,First record,2004,United States,North America,https://gd.eppo.int/reporting/article-1349,"EPPO Reporting Service no. 02 - 2005
Num. article:
2005/017
New data on quarantine pests and pests of the EPPO Alert List
By browsing through the CABI Abstracts, the EPPO Secretariat has extracted the following new data concerning quarantine pests and pests included on the EPPO Alert List. The situation of the pest concerned is indicated in bold, using the terms of ISPM no. 8.
New records
Peach latent mosaic pelamoviroid
(formerly on the EPPO A lists) is reported for the first time from Bosnia and Herzegovina (Matic
et al.,
2004).
Present, first found in 2004.
During a survey done in 17 orchards in the northern and Sahel regions of Tunisia,
Peach latent mosaic pelamoviroid
(formerly on the EPPO A lists) was detected for the first time (Fekih Hassen
et al.,
2004).
Present, first found in 2004.
In Ukraine, typical symptoms of grapevine yellows were observed in vineyards in the Ovidiopolskij region (near Odessa) which had been planted in 2000 with cv. Chardonnay. Molecular studies revealed the presence of a stolbur phytoplasma (associated with bois noir disease). It is noted that the vector,
Hyalesthes obsoletus
, is reported to be present in the south of Ukraine. This is the first documented report of stolbur phytoplasma infecting grapevines in Ukraine which confirms earlier observations (Milkus
et al
., 2004).
Present, confirmed in 2004 near Odessa.
Detailed records
Cucumber vein yellowing ipomovirus
(EPPO A2 list) occurs in courgette, cucumber, melon and watermelon grown in protected conditions in Andalucía, Spain (Anonymous, 2003a).
In Italy,
Ceroplastes ceriferus
(Homoptera: Coccidae – EPPO Alert List) occurs in Emilia-Romagna, in a limited area near Lugo (Bariselli, 2004).
Heterodera glycines
(EPPO A1 list) is reported for the first time from North Dakota in USA (Bradley
et al
., 2004).
Iris yellow spot tospovirus
(IYSV - EPPO Alert List) is reported from Oregon (US). During 2004, a few onion seed crops in Jefferson county in central Oregon showed severe symptoms. The presence of the virus was confirmed in these affected crops (Crowe & Pappu, 2005). IYSV has also been detected in onion crops in Georgia (Mullis
et al.
, 2004) and New Mexico (Creamer
et al.
, 2004).
Puccinia horiana
(EPPO A2 list) occurs in Poland. It is reported that over the last 20 years of observation, the fungus has appeared on chrysanthemum every year with variable incidence, depending on cultivars and environmental conditions (Wojdyla, 2004).
Citrus canker (
Xanthomonas axonopodis
pv.
citri
– EPPO A1 list) was recently found in a new county (St Lucie) of Florida (US). Eradication measures have been taken (Promed posting, 2005).
Oleander leaf scorch caused by
Xylella fastidiosa
(EPPO A1 list) is reported for the first time from Texas, USA. So far, it had only been reported from California and Florida (Huang
et al
., 2004).
Absence
The 2003 Annual Report of the phytosanitary service of Valle d’Aosta region (IT) provides useful information on the current situation of pests and diseases. For regulated pests, the situation has not fundamentally changed since 2002 (see EPPO
RS 2003/165
), but surveys confirmed the absence in 2003 of:
Erwinia amylovora
, Grapevine flavescence dorée,
Ralstonia solanacearum
(all on the EPPO A2 list) in Valle d’Aosta region (Anonymous, 2003b).
New host plants
Arceuthobium gillii
(EU Annexes, as non-European
Arceuthobium
spp.) is known to occur in Mexico (Sierra Madre occidental from Central Durango and Northern Sinaloa into Chihuahua and Sonora). In Mexico, it commonly parasitizes
Pinus leiophylla
var.
leiophylla
and var.
chihuahuana
,
P. lumholtzii
and
P. herrerai
. It is rarely found on
P. arizonica
and
P. cooperi
. In USA,
A. gillii
occurs in Southern Arizona (mountains of Chiricahua, Huachuca, Santa Rita, Rincon, Santa Catalina) and in Southern New Mexico (mountains of Animas). In Arizona, a small population of
A. gillii
parasitizing
Pinus
engelmannii
was observed for the first time. 4 infested trees were found in the vicinity of heavily infested
P. leiophylla
var.
chihuahuana
(Daugherty & Mathiasen, 2005).
Arceuthobium vaginatum
subsp
. cryptopodum
(EPPO A1 list) severely parasitizes several species of
Pinus
in Southern USA and Northern Mexico, but so far it had not been found on
Picea
species. In June 2004,
A. vaginatum
subsp
. cryptopodum
was observed for the first time on a
Picea pungens
tree in Colorado. This tree, planted for ornamental purposes, was located near heavily infested
Pinus ponderosa
trees (Mathiasen
et al.
, 2005).
Strawberry latent ringspot virus
(EU Annexes) is reported for the first time on
Mentha
. Several mint clones grown in a USDA germplasm collection showed yellow veinbanding symptoms (Postman
et al
., 2004)
Sources
Anonymous (2003a) Incidencia de plagas y enfermedades en la Comunidades Autónomas en 2002 - Andalucía.
Phytoma España, 28-34.
Anonymous (2003b) Rapport d’activité 2003. Service phytosanitaire de l’arboriculture fruitière et des cultures. Région autonome de la Vallée d’Aoste, 120 pp.
Bariselli M (2004) Un nuovo pericoloso parassita delle piante ornamentali: la coccinigli
Ceroplastes ceriferus
. Agricoltura no. 1 (supplement), January 2004, 4 pp. Servizio fitosanitario, Regione Emilia-Romagna, Bologna, IT.
Bradley CA, Biller CR, Nelson BD (2005) First report of soybean cyst nematode (
Heterodera glycines
) on soybean in North Dakota.
Plant Disease, 88(11), p 1287.
Creamer R, Sanogo S, Moya A, Romero J, Molina-Bravo R, Cramer C (2004)
Iris yellow spot virus
on onion in New Mexico.
Plant Disease, 88(9), p 1049.
Crowe FJ, Pappu HR (2005) Outbreak of
Iris yellow spot virus
in onion seed crops in Central Oregon.
Plant Disease, 89(1), p 105.
Daugherty C, Mathiasen R (2005) First report of Chihuahua pine dwarf mistletoe (
Arceuthobium gillii
) on Apache pine (
Pinus engelmannii
).
Plant Disease, 89(1) p 106.
Fekih Hassen I, Kummert J, Marbot S (2004) First report of
Pear blister canker viroid, Peach latent mosaic viroid
and
Hop stunt viroid
infecting fruit trees in Tunisia.
Plant Disease, 88(10), p 1164.
Huang Q, Brlansky RH, Barnes L, Li W, Hartung JS (2004) First report of oleander leaf scorch caused by
Xylella fastidiosa
in Texas,
Plant Disease, 88(9), p 1049.
Mathiasen R, Haefeli M, Marcus N (2005) Southern dwarf mistletoe,
Arceuthobium vaginatum
subsp
. cryptopodum
found parasitizing
Picea pungens
in Colorado.
Plant Disease, 89(1) p 106.
Matic S, Al-Rwahnih M, Myrta A (2004) First record of
Peach latent mosaic viroid
and
Hop stunt viroid
in Bosnia and Herzegovina.
Journal of Plant Pathology, 86(3), 263-264.
Milkus B, Clair D, Idir S, Habili N, Boudon-Padieu E (2004) First detection of stolbur phytoplasma in grapevines (
Vitis vinifera
cv. Chardonnay) affected with grapevine yellows in the Ukraine. New Disease Reports no. 10.
http://www.bspp.org.uk/ndr/jan2005/2004-60.asp
Mullis SW, Langston Jr DB, Gitaitis RD, Sherwood JL, Csinos AC, Riley DG, Sparks AN, Torrance RL, Cook MJ (2004) First report of Vidalia onion (
Allium cepa
) naturally infected with
Tomato spotted wilt virus
and
Iris yellow spot virus
(Family
Bunyaviridae
, Genus
Tospovirus
) in Georgia.
Plant Disease, 88(11), p 1285.
Postman JD, Tzanetakis IE, Martin RR (2004) First report of
Strawberry latent ringspot virus
in a
Mentha
sp. from North America.
Plant Disease, 88(8), p 907.
Promed posting of 2005-05-10. Citrus canker – USA (Florida). Canker outbreak reported in St Lucie County.
http://www.promedmail.org
Wojdyla AT (2004) Development of
Puccinia horiana
on chrysanthemum leaves in relation to chemical compounds and time of their application.
Journal of Plant Protection Research, 44(2), 91-102."
XYLEFA,Xylella fastidiosa,"Invasion risk of Homalodisca coagulata, vector of Xylella fastidiosa in grapevine-growing regions of the world",2005/008,2005-01,Others,,,,https://gd.eppo.int/reporting/article-1340,"EPPO Reporting Service no. 01 - 2005
Num. article:
2005/008
Invasion risk of Homalodisca coagulata, vector of Xylella fastidiosa in grapevine-growing regions of the world
Homalodisca coagulata
(Homoptera: Cicadellidae – EPPO Alert List) is an efficient vector of
Xylella fastidiosa
(EPPO A1 list) and its spread to California (US) has resulted in a chronic Pierce’s disease problem for grapevine growers. In USA, Pierce’s disease occurs mainly in areas with mild winters (winter temperatures not falling below 1–4°C).
H. coagulata
probably originates from south-eastern USA and north-eastern Mexico. Climate matching studies (using CLIMEX) were done to determinate the potential geographical distribution of
H. coagulata
and grapevine strains of
X. fastidiosa
in California and other grapevine-growing regions of the world. Model predictions indicated that suitable climatic conditions for
H. coagulata
and Pierce’s disease strains existed in almost all grapevine-producing regions of the world. However, it was found that regions north of California are not able to sustain populations of either the vector or the disease because of cold stress. It was found that
H. coagulata
could establish in the major grapevine-growing regions of New Zealand, Australia, France (Bordeaux), Spain (Andalucía, Cataluña, Galicia, País Vasco, Valencia), central and southern parts of Italy. However, cold stress would exclude it from Bourgogne and Champagne regions of France, provinces of Northern Italy and Central Spain. CLIMEX predicted that cold stress would exclude Pierce’s disease from most of New Zealand, Tasmania and Victoria state in Australia, from all France, and from northern and central areas of Spain and Italy. Grapevine-growing areas of Chile (from Valparaiso to Concepción close to the Pacific coast) and the Western Cape Province in South Africa appear vulnerable to both the disease and its vector.
Sources
Hoddle MS (2004) The potential adventive geographic range of glassy-winged sharpshooter,
Homalodisca coagulata
and the grape pathogen
Xylella fastidiosa
: implications for California and other grape growing regions of the world.
Crop Protection, 23(8), 691-699."
XYLEFA,Xylella fastidiosa,Review paper on Xylella fastidiosa and its vectors,2005/007,2005-01,Update of outbreak,early 1990s,Brazil,South America,https://gd.eppo.int/reporting/article-1339,"EPPO Reporting Service no. 01 - 2005
Num. article:
2005/007
Review paper on Xylella fastidiosa and its vectors
A few species of xylem fluid-feeding insects are considered as important pests because they can transmit
Xylella fastidiosa
(EPPO A1 List) which induces diseases on grapevine, citrus, coffee, almond, lucerne, stone fruits, ornamental plants and hardwood trees. In particular, two diseases caused by
X. fastidiosa
, citrus variegated chlorosis and grapevine Pierce’s disease are currently causing problems. In Brazil, citrus variegated chlorosis became important in the early 1990s and has now expanded through many citrus-growing areas of South America. The recent establishment of
Homalodisca coagulata
(Homoptera: Cicadellidae – EPPO Alert List) in California has led to serious outbreaks of Pierce’s disease, and consequently to much research on insect vectors and disease management. A review paper on
X. fastidiosa
and its vectors presents the current knowledge on disease epidemiology and tries to identify which vectors may have the potential to invade new areas outside their natural range and become important disease vectors. Today, 39 species and 19 genera of Cicadellidae and 5 species of Cercopidae have been shown to be vectors of
X. fastidiosa
. In North America, the following species are reported as particularly abundant in affected crops or adjacent vegetation:
Xyphon
(
Carneocephala
)
fulgida
,
Draeculacephala
minerva
,
Graphocephala
atropunctata
,
Homalodisca
coagulata
and
Oncometopia
spp. In Brazilian citrus groves, the main species found are:
Dilobopterus
costalimai
,
Oncometopia
facialis
,
Acrogonia
citrina
,
Bucephalogonia
xanthophis
.
A simplified table below presents the vector species which may have the potential to invade new areas and further spread
X. fastidiosa
(a more complete table is given in the review paper). The authors stressed that this list is only an attempt, as information is still incomplete for many species.
Species
Disease
Distribution
Risk
Bucephalogonia xanthophis
CVC
CLS
Argentina, Brazil
High. Common in diverse ecosystems and abundant on ornamental plants and nursery stocks
Dilobopterus costalimai
CVC
CLS
Argentina, Brazil, Paraguay
High. Common in diverse ecosystems, crops and ornamental plants
Draeculacephala minerva
PD
AD
ALS
California, Hawaii, south-west and west USA, Mexico, Central America
High. Common in diverse ecosystems
Graphocephala atropunctata
PD
AD
ALS
South-west USA to Central America
High. Common in diverse ecosystems. Associated with ornamental plants
Macugonalia leucomelas
CVC
Argentina, Bolivia, Brazil, Paraguay
High. Common in diverse ecosystems. Associated with ornamental plants and nursery trees
Acrogonia citrina
CVC
Brazil
High. Common in diverse ecosystems, ornamental plants and nursery trees
Homalodisca coagulata
PD
PPD
OLS
South-east USA to Texas, California, Mexico
High. History of range expansion on nursery stock. Ability to feed on woody tissue may allow secondary transmission of
X. fastidiosa
in grapes
Oncometopia nigricans
PD
South USA
High. Associated with disease epidemics, large host range.
CVC: citrus variegated chlorosis – CLS: coffee leaf scorch – PD: Pierce’s disease – AD – alfalfa dwarf - ALS: almond leaf scorch – PPD: phony peach disease – OLS: oleander leaf scorch.
Sources
Redak RA, Purcell AH, Lopes JRS, Blua MJ, Mizell RF, Andersen PC (2004) The biology of xylem fluid-feeding insect vectors of Xylella fastidiosa and their relation to disease epidemiology. Annual Review of Entomology, 49243-270."
XYLEFA,Xylella fastidiosa,Review paper on Xylella fastidiosa and its vectors,2005/007,2005-01,Update of outbreak,unknown,United States,North America,https://gd.eppo.int/reporting/article-1339,"EPPO Reporting Service no. 01 - 2005
Num. article:
2005/007
Review paper on Xylella fastidiosa and its vectors
A few species of xylem fluid-feeding insects are considered as important pests because they can transmit
Xylella fastidiosa
(EPPO A1 List) which induces diseases on grapevine, citrus, coffee, almond, lucerne, stone fruits, ornamental plants and hardwood trees. In particular, two diseases caused by
X. fastidiosa
, citrus variegated chlorosis and grapevine Pierce’s disease are currently causing problems. In Brazil, citrus variegated chlorosis became important in the early 1990s and has now expanded through many citrus-growing areas of South America. The recent establishment of
Homalodisca coagulata
(Homoptera: Cicadellidae – EPPO Alert List) in California has led to serious outbreaks of Pierce’s disease, and consequently to much research on insect vectors and disease management. A review paper on
X. fastidiosa
and its vectors presents the current knowledge on disease epidemiology and tries to identify which vectors may have the potential to invade new areas outside their natural range and become important disease vectors. Today, 39 species and 19 genera of Cicadellidae and 5 species of Cercopidae have been shown to be vectors of
X. fastidiosa
. In North America, the following species are reported as particularly abundant in affected crops or adjacent vegetation:
Xyphon
(
Carneocephala
)
fulgida
,
Draeculacephala
minerva
,
Graphocephala
atropunctata
,
Homalodisca
coagulata
and
Oncometopia
spp. In Brazilian citrus groves, the main species found are:
Dilobopterus
costalimai
,
Oncometopia
facialis
,
Acrogonia
citrina
,
Bucephalogonia
xanthophis
.
A simplified table below presents the vector species which may have the potential to invade new areas and further spread
X. fastidiosa
(a more complete table is given in the review paper). The authors stressed that this list is only an attempt, as information is still incomplete for many species.
Species
Disease
Distribution
Risk
Bucephalogonia xanthophis
CVC
CLS
Argentina, Brazil
High. Common in diverse ecosystems and abundant on ornamental plants and nursery stocks
Dilobopterus costalimai
CVC
CLS
Argentina, Brazil, Paraguay
High. Common in diverse ecosystems, crops and ornamental plants
Draeculacephala minerva
PD
AD
ALS
California, Hawaii, south-west and west USA, Mexico, Central America
High. Common in diverse ecosystems
Graphocephala atropunctata
PD
AD
ALS
South-west USA to Central America
High. Common in diverse ecosystems. Associated with ornamental plants
Macugonalia leucomelas
CVC
Argentina, Bolivia, Brazil, Paraguay
High. Common in diverse ecosystems. Associated with ornamental plants and nursery trees
Acrogonia citrina
CVC
Brazil
High. Common in diverse ecosystems, ornamental plants and nursery trees
Homalodisca coagulata
PD
PPD
OLS
South-east USA to Texas, California, Mexico
High. History of range expansion on nursery stock. Ability to feed on woody tissue may allow secondary transmission of
X. fastidiosa
in grapes
Oncometopia nigricans
PD
South USA
High. Associated with disease epidemics, large host range.
CVC: citrus variegated chlorosis – CLS: coffee leaf scorch – PD: Pierce’s disease – AD – alfalfa dwarf - ALS: almond leaf scorch – PPD: phony peach disease – OLS: oleander leaf scorch.
Sources
Redak RA, Purcell AH, Lopes JRS, Blua MJ, Mizell RF, Andersen PC (2004) The biology of xylem fluid-feeding insect vectors of Xylella fastidiosa and their relation to disease epidemiology. Annual Review of Entomology, 49243-270."
XYLEFA,Xylella fastidiosa,Xylella fastidiosa can cause pecan leaf scorch,2001/059,2001-03,First record,1998,United States,North America,https://gd.eppo.int/reporting/article-2884,"EPPO Reporting Service no. 03 - 2001
Num. article:
2001/059
Xylella fastidiosa can cause pecan leaf scorch
Several forms of leaf scorch diseases have been observed on pecan (
Carya illinoinensis
) and attributed to various causes, such as nutrition deficiencies, environmental problems or fungal pathogens. So far, various fungi (
Phomopsis, Pestalotia, Epicoccum, Curvularia, Fusarium
) had been thought to be associated with a particular form of leaf scorch disease which was accordingly called fungal leaf scorch disease. Symptoms were characterized by necrotic areas which first appeared on the tips or margins of leaflets and progressed towards the midribs. The advancing necrosis was often delimited by a black margin and affected leaflets abscised. In 1998,
Xylella fastidiosa
(EPPO A1 quarantine pest) was found in association with this disease. By completing Koch’s postulates, Sanderlin and Heyderich-Alger (2000) have now shown that
X. fastidiosa
can cause leaf scorch in pecan orchards in Louisiana. It appears that
X. fastidiosa
is the primary pathogen, as the disease can develop in the absence of fungi. It is likely that fungi are secondary pathogens, or saprophytes developing on dead tissues. It was proposed to call the disease pecan bacterial leaf scorch. It is noted that, unlike other diseases caused by
X. fastidiosa
on other host plants, pecan bacterial leaf scorch does not lead to the death of pecan plants.
Sources
Sanderlin, R.S.; Heyderich-Alger (2000) Evidence that
Xylella fastidiosa
can cause leaf scorch disease of pecan.
Plant Disease, 84(12), 1282-1286."
XYLEFA,Xylella fastidiosa,Xylella fastidiosa present in Taiwan,1994/49,1994-03,First record,1994,Taiwan,Asia,https://gd.eppo.int/reporting/article-4539,"EPPO Reporting Service no. 03 - 1994
Num. article:
1994/49
Xylella fastidiosa present in Taiwan
A survey carried out in Taiwan (TW) revealed that 12 - 20% of all pear trees in the low-altitude areas of central Taiwan showed typical symptoms of pear leaf scorch disease. Further investigations were carried out to identify the causal organism of this disease. Microscopic observations, pathogenicity tests and serological tests showed that the causal organism was indeed Xylella fastidiosa (EPPO A1 quarantine pest). This represents the first well documented record of this disease in Asia.
Sources
Leu, L.S.; Su, C.C; (1993) Isolation, cultivation and pathogenicity of Xylella fastidiosa, the causal bacterium of pear leaf scorch disease in Taiwan.
Plant Disease 77, 642-646."
XYLEFA,Xylella fastidiosa,Medium for the cultivation of Xylella fastidiosa,1993/96,1993-05,Others,,,,https://gd.eppo.int/reporting/article-4886,"EPPO Reporting Service no. 05 - 1993
Num. article:
1993/96
Medium for the cultivation of Xylella fastidiosa
A medium for the cultivation of strains of Xylella fastidiosa (EPPO A1 quarantine pest) isolated from grapevine has been developed in Georgia, US. The medium, called XF-26, supported the primary growth of the bacterium.
The formula for the medium is as follows:
Substance (g/L)
- K2HPO4 1,5
- (NH4)2HPO4 0,5
- MgSO4.7H2O 2,0
- Trisodium citrate 1,5
- Disodium succinate 1,5
- L-Alanine
; ; ; ;
0,2
- L-Arginine 0,4
- L-Asparagine 0,4
- L-Cysteine 0,4
- Glycine 0,2
- L-Gutamine 2,0
- L-Histidine 0,4
- L-Isoleucine 0,2
- L-Leucine 0,2
- L-Lysine 0,2
- L-Methionine 0,2
- L-Phenylalanine 0,2
- L-Proline 0,2
- L-Serine 0,2
- L-Threonine 0,2
- L-Tryptophan 0,04
- L-Valine 0,2
- Phenol red 0,02
- Potato starch 0,2
- Difco agar 15,0
K2HPO4, (NH4)2HPO4, trisodium citrate, disodium succinate, potato starch and agar are dissolved in 800 ml of distilled water followed by adding the stock solutions. The concentrations of MgSO4.7H2O and phenol red were 10% and 0,2%, respectively. The concentration of the amino acids were 3,3% except those of glutamin and tryptophan which were 16,7 and 0,67%, respectively. All stock solutions were sterilized by autoclaving for 15 minutes. The final volume of the medium was brought up to one litre by adding distilled water and the pH was adjusted to 6,6-6,7 by adding NaOH. The XF-26 broth medium was prepared in the same way without the agar.
Sources
Chang, C.J.; Donaldson, R.C. (1993) Xylella fastidiosa: Cultivation in chemically defined medium.
Phytopathology 83, 192-194."
XYLEFA,Xylella fastidiosa,Detection of Xylella fastidiosa in peach,1992/06,1992-10,Others,,,,https://gd.eppo.int/reporting/article-5325,"EPPO Reporting Service no. 10 - 1992
Num. article:
1992/06
Detection of Xylella fastidiosa in peach
The distribution of
Xylellla fastidiosa
(EPPO A1 organism) causal agent of the phony peach disease within roots of peach was studied in Florida, US.
The bacterium could be detected in all trees, whether symptomatic or asymptomatic for phony peach disease. The distribution of
X. fastidiosa
in the roots of symptomatic trees was uniform along the length of the roots and within the root ball. The distribution of the bacterium was not influenced by the distance the root sample was taken from the trunk or the diameter of the root piece sampled.
The authors found that the minimum sample to detect, at a risk of 5%, the disease in asymptomatic trees should consist of 5 - 10 roots.
Sources
Aldrich, J.H.; Gould, A.B.; Martin, F.G.  (1992) Distribution of
Xylella fastidiosa
within roots of peach.
Plant Disease 76, 885-888."
XYLEFA,Xylella fastidiosa,Xylella fastidiosa in landscape trees,1991/05,1991-11,Update of outbreak,1991,United States,North America,https://gd.eppo.int/reporting/article-5522,"EPPO Reporting Service no. 11 - 1991
Num. article:
1991/05
Xylella fastidiosa in landscape trees
Xylella fastidiosa
(EPPO A1 organism) mainly known as a pathogen of grapevine has been reported to infect landscape trees and is present on
Quercus palustris
and
Q. rubra
in 11 cities in the USA.
Investigations showed that the pathogen is distributed from New York in the North to Texas in the South. Diseased trees show a premature leaf browning and defoliation as well as marginal leaf necrosis.
Sources
Hartman, J.R.; Kaiser, C.A.; Jarlfors, V.E.; Eshenaur, B.C. (1991) Occurrence of oak bacterial leaf scorch caused by Xylella fastidiosa in Kentucky.
Plant Disease 75, 862."
XYLEFA,Xylella fastidiosa,Distribution of Xylella fastidiosa,1990/08,1990-03,Update of outbreak,1990,United States,North America,https://gd.eppo.int/reporting/article-5588,"EPPO Reporting Service no. 03 - 1990
Num. article:
1990/08
Distribution of Xylella fastidiosa
Forms of
X. fastidiosa
(EPPO Al List) cause plum leaf scald and phony peach diseases (the form causing the latter remaining for the time being a separate Al List entry). In southeast USA, the two diseases are found in the same areas. In South America, plum leaf scald is reported in many areas where
Prunus salicina
is grown but phony disease of peach is not known.
The significance of this for the geographical distribution
of
forms
of
X. fastidiosa
remains
to be
worked out (W. J. French
et al.
, University of Florida, US; abstract P. II-2-46).
Sources
Abstracts of the 5
th
International Congress of Plant Pathology, Kyoto (JP), 1988-08-20/27"
XYLEFA,Xylella fastidiosa,Distribution of Xylella fastidiosa,1990/08,1990-03,Update of outbreak,1988,South America,South America,https://gd.eppo.int/reporting/article-5588,"EPPO Reporting Service no. 03 - 1990
Num. article:
1990/08
Distribution of Xylella fastidiosa
Forms of
X. fastidiosa
(EPPO Al List) cause plum leaf scald and phony peach diseases (the form causing the latter remaining for the time being a separate Al List entry). In southeast USA, the two diseases are found in the same areas. In South America, plum leaf scald is reported in many areas where
Prunus salicina
is grown but phony disease of peach is not known.
The significance of this for the geographical distribution
of
forms
of
X. fastidiosa
remains
to be
worked out (W. J. French
et al.
, University of Florida, US; abstract P. II-2-46).
Sources
Abstracts of the 5
th
International Congress of Plant Pathology, Kyoto (JP), 1988-08-20/27"
XYLEFA,Xylella fastidiosa,Xylella fastidiosa intercepted in France,1989/02,1989-01,First record,1989,France,Europe,https://gd.eppo.int/reporting/article-5652,"EPPO Reporting Service no. 01 - 1989
Num. article:
1989/02
Xylella fastidiosa intercepted in France
X. fastidiosa
(EPPO A1 List) was identified by ELISA on grapevine propagation material imported from Italy and originating from USA. France now requires an import permit for grapevines from EC countries as well as from non-EC countries.
Sources
NPPO of France"
XYLEFA,Xylella fastidiosa,Grapevine Pierce's disease bacterium now called Xylella fastidiosa; it attacks other hosts as well as grapevine,1988/09,1988-06,New type of hosts,,,,https://gd.eppo.int/reporting/article-5705,"EPPO Reporting Service no. 06 - 1988
Num. article:
1988/09
Grapevine Pierce's disease bacterium now called Xylella fastidiosa; it attacks other hosts as well as grapevine
Grapevine Pierce's disease bacterium is a quarantine pest on the EPPO Al List (N° 166). Although a fastidious prokaryote, it has now been cultured and accordingly characterized as a bacterium. Wells
et al
. (1987) have named it
Xylella fastidiosa
.
X. fastidiosa
is primarily known as the pathogen responsible for Pierce's disease of grapevine. The same pathogen can also be transmitted to almond (causing leaf scorch) and to lucerne (causing dwarf disease). Hopkins & Adlerz (1988) note that the bacterium can be isolated from numerous mostly symptomless hosts (of at least 28 families), among the natural wild vegetation of areas where Pierce’s disease is recorded. Some of the isolates infect grapevine while others do not, so that bacteria identifiable in culture as
X. fastidiosa
may belong to strains differing in host specificity (pathovars?).
Indeed, other diseases previously attributed to distinct pathogens are now considered to be caused by strains of
X. fastidiosa
: in particular, peach phony disease bacterium (EPPO Al List), plum leaf scald, periwinkle wilt, oak leaf scorch, mulberry leaf scorch, sycamore leaf scorch.
One particularly important case is ""citrus blight"". Hopkins (1988) has shown that characteristic symptoms of this disease, previously of uncertain aetiology, can be obtained by inoculation of
Citrus jambhiri
cuttings (a highly susceptible rootstock) with certain strains of
X. fastidiosa
.
However, full proof (Koch 's postulates) is still lacking that the disease is really caused by
X. fastidiosa
.
Further studies on host specificity of strains are needed to clarify which present a danger to the EPPO region.
Sources
Hopkins D.L. & Adlerz W.C. (1988) Natural hosts of
Xylella fastidiosa
in Florida.
Plant Disease
72, 429-431.
Hopkins D.L. (1988.) Production of diagnostic symptoms of blight in citrus inoculated with
Xvlella fastidiosa
. Plant Disease 72, 432-435
Wells J.M., Raju B.C., Hung H.Y., Weisburg W.G., Mandelco-Paul L. & Brenner D.J. (1987)
Xylella fastidiosa
gen. nov; sp. nov.: Gram-negative, xylem-limited fastidious plant bacteria related to
Xanthomonas
spp.
International Journal of Systematic Bacteriology 37
, 136-43."
